company,title,type,city,location,posted,raw_url,careerkit_apply_url
"Drees & Sommer SE","Junior Projektmanager (w/m/d) Hochbau","Junior","Aachen","Aachen, NRW, Germany","2026-08-20T14:24:30.637Z","https://jobs.smartrecruiters.com/DreesSommerSE/744000144569830","https://careerkit.me/api/apply?src=github-dach&company=drees-sommer-se&url=https%3A%2F%2Fjobs.smartrecruiters.com%2FDreesSommerSE%2F744000144569830"
"Drees & Sommer SE","Junior Ingenieur / Techniker (w/m/d) Objektüberwachung Elektrotechnik","Junior","Aachen","Aachen, NRW, Germany","2026-08-20T13:41:31.983Z","https://jobs.smartrecruiters.com/DreesSommerSE/744000144560729","https://careerkit.me/api/apply?src=github-dach&company=drees-sommer-se&url=https%3A%2F%2Fjobs.smartrecruiters.com%2FDreesSommerSE%2F744000144560729"
"Drees & Sommer SE","Junior Bauingenieur / Architekt (w/m/d) Objektüberwachung","Junior","Aachen","Aachen, NRW, Germany","2026-06-16T08:15:47.858Z","https://jobs.smartrecruiters.com/DreesSommerSE/744000132354514","https://careerkit.me/api/apply?src=github-dach&company=drees-sommer-se&url=https%3A%2F%2Fjobs.smartrecruiters.com%2FDreesSommerSE%2F744000132354514"
"Eurofins","Quereinsteiger (m/w/d) Probenahme","Junior","Aachen","Aachen, NRW, Germany","2026-09-25T07:06:41.989Z","https://jobs.smartrecruiters.com/eurofins/744000151772889","https://careerkit.me/api/apply?src=github-dach&company=eurofins&url=https%3A%2F%2Fjobs.smartrecruiters.com%2Feurofins%2F744000151772889"
"1KOMMA5°","Quereinsteiger / Baustellenhelfer / Elektrohelfer (m/w/d) - Photovoltaik, Wärmepumpen & Energiesysteme (m/w/d) - 1KOMMA5° Augsburg","Junior","Augsburg","Augsburg","2026-01-28T15:04:08+00:00","https://1komma5grad.jobs.personio.de/job/2510926","https://careerkit.me/api/apply?src=github-dach&company=1komma5&url=https%3A%2F%2F1komma5grad.jobs.personio.de%2Fjob%2F2510926"
"1KOMMA5°","Quereinsteiger / Baustellenhelfer SHK (m/w/d) Wärmepumpen & Heiztechnik (m/w/d) - 1KOMMA5° Augsburg","Junior","Augsburg","Augsburg","2026-01-23T12:13:30+00:00","https://1komma5grad.jobs.personio.de/job/2503817","https://careerkit.me/api/apply?src=github-dach&company=1komma5&url=https%3A%2F%2F1komma5grad.jobs.personio.de%2Fjob%2F2503817"
"Bosch Group","Werkstudent im Bereich Vertrieb und Technik (w/m/div.)","Werkstudent","Augsburg","Augsburg, BY, Germany","2026-07-17T12:05:22.103Z","https://jobs.smartrecruiters.com/BoschGroup/744000138314349","https://careerkit.me/api/apply?src=github-dach&company=bosch-group&url=https%3A%2F%2Fjobs.smartrecruiters.com%2FBoschGroup%2F744000138314349"
"SIXT","Studentische Teilzeitkraft Autovermietung (m/w/d)","Werkstudent","Augsburg","Augsburg, BY, Germany","2026-06-05T09:35:38.528Z","https://jobs.smartrecruiters.com/sixt/744000130405365","https://careerkit.me/api/apply?src=github-dach&company=sixt&url=https%3A%2F%2Fjobs.smartrecruiters.com%2Fsixt%2F744000130405365"
"SIXT","Werkstudent Autovermietung (m/w/d)","Werkstudent","Augsburg","Augsburg, BY, Germany","2026-06-05T09:35:12.970Z","https://jobs.smartrecruiters.com/sixt/744000130406159","https://careerkit.me/api/apply?src=github-dach&company=sixt&url=https%3A%2F%2Fjobs.smartrecruiters.com%2Fsixt%2F744000130406159"
"3ds","Trainee (m/f/d) - Strategy & Market Expansion","Junior","Basel","Basel, Basel-Stadt","2026-07-30T23:34:39Z","https://www.adzuna.ch/details/5821477947?utm_medium=api&utm_source=8efdd1b9","https://careerkit.me/api/apply?src=github-dach&company=3ds&url=https%3A%2F%2Fwww.adzuna.ch%2Fdetails%2F5821477947%3Futm_medium%3Dapi%26utm_source%3D8efdd1b9"
"Bank Cler AG","Trainee-Programm Im Banking – Fokus: Unternehmensentwicklung (w/m) 80-100%","Junior","Basel","Basel, Basel-Stadt","2026-09-18T00:30:48Z","https://www.adzuna.ch/details/5888262186?utm_medium=api&utm_source=8efdd1b9","https://careerkit.me/api/apply?src=github-dach&company=bank-cler-ag&url=https%3A%2F%2Fwww.adzuna.ch%2Fdetails%2F5888262186%3Futm_medium%3Dapi%26utm_source%3D8efdd1b9"
"Basler Kantonalbank","Trainee-Programm im Banking - Fokus: Unternehmensentwicklung (w/m)","Junior","Basel","Basel, Basel-Stadt","2026-09-20T00:31:54Z","https://www.adzuna.ch/details/5891029831?utm_medium=api&utm_source=8efdd1b9","https://careerkit.me/api/apply?src=github-dach&company=basler-kantonalbank&url=https%3A%2F%2Fwww.adzuna.ch%2Fdetails%2F5891029831%3Futm_medium%3Dapi%26utm_source%3D8efdd1b9"
"JYSK","Verkaufsleiter/in Trainee 100% für die Region Basel","Junior","Basel","Basel, Basel-Stadt","2026-08-21T23:55:53Z","https://www.adzuna.ch/details/5851467238?utm_medium=api&utm_source=8efdd1b9","https://careerkit.me/api/apply?src=github-dach&company=jysk&url=https%3A%2F%2Fwww.adzuna.ch%2Fdetails%2F5851467238%3Futm_medium%3Dapi%26utm_source%3D8efdd1b9"
"Memox Deutschland GmbH","Trainee Eventmanagement & Sales (m/w/d)","Junior","Basel","Basel, Basel-Stadt","2026-08-13T01:25:04Z","https://www.adzuna.ch/details/5839011641?utm_medium=api&utm_source=8efdd1b9","https://careerkit.me/api/apply?src=github-dach&company=memox-deutschland-gmbh&url=https%3A%2F%2Fwww.adzuna.ch%2Fdetails%2F5839011641%3Futm_medium%3Dapi%26utm_source%3D8efdd1b9"
"Batterman Consulting Basel AG","Internship Recruiting & Digital Marketing 6-12 Monate","Praktikum","Basel","Basel, Basel-Stadt","2026-09-03T12:19:52Z","https://www.adzuna.ch/land/ad/5868666972?se=QltwLse48RGqSP-Ku-S77g&utm_medium=api&utm_source=8efdd1b9&v=0C398C6EA2EE967A6421743B68732357BB5395C3","https://careerkit.me/api/apply?src=github-dach&company=batterman-consulting-basel-ag&url=https%3A%2F%2Fwww.adzuna.ch%2Fland%2Fad%2F5868666972%3Fse%3DQltwLse48RGqSP-Ku-S77g%26utm_medium%3Dapi%26utm_source%3D8efdd1b9%26v%3D0C398C6EA2EE967A6421743B68732357BB5395C3"
"BSS Volkswirtschaftliche Beratung AG","Praktikum Plus - Projektarbeit Plus Masterarbeit","Praktikum","Basel","Basel, Basel-Stadt","2026-09-03T00:51:44Z","https://www.adzuna.ch/details/5867672491?utm_medium=api&utm_source=8efdd1b9","https://careerkit.me/api/apply?src=github-dach&company=bss-volkswirtschaftliche-beratung-ag&url=https%3A%2F%2Fwww.adzuna.ch%2Fdetails%2F5867672491%3Futm_medium%3Dapi%26utm_source%3D8efdd1b9"
"BSS Volkswirtschaftliche Beratung AG","Praktikantin Oder Praktikanten Für Die Politikberatung","Praktikum","Basel","Basel, Basel-Stadt","2026-09-03T00:51:44Z","https://www.adzuna.ch/details/5867672525?utm_medium=api&utm_source=8efdd1b9","https://careerkit.me/api/apply?src=github-dach&company=bss-volkswirtschaftliche-beratung-ag&url=https%3A%2F%2Fwww.adzuna.ch%2Fdetails%2F5867672525%3Futm_medium%3Dapi%26utm_source%3D8efdd1b9"
"Burckhardt Architektur AG","Praktikum Architektur (m/w/d)","Praktikum","Basel","Basel, Basel-Stadt","2024-09-07T13:13:47Z","https://www.adzuna.ch/details/4855781170?utm_medium=api&utm_source=8efdd1b9","https://careerkit.me/api/apply?src=github-dach&company=burckhardt-architektur-ag&url=https%3A%2F%2Fwww.adzuna.ch%2Fdetails%2F4855781170%3Futm_medium%3Dapi%26utm_source%3D8efdd1b9"
"COOP","Praktikant:in WMS ""Coop Patenschaft für Berggebiete""","Praktikum","Basel","Basel, Basel-Stadt","2026-08-05T23:36:51Z","https://www.adzuna.ch/details/5829461500?utm_medium=api&utm_source=8efdd1b9","https://careerkit.me/api/apply?src=github-dach&company=coop&url=https%3A%2F%2Fwww.adzuna.ch%2Fdetails%2F5829461500%3Futm_medium%3Dapi%26utm_source%3D8efdd1b9"
"Drees & Sommer SE","Praktikum (w/m/d) Baumanagement / Bauleitung 80-100%","Praktikum","Basel","Basel, BS, Switzerland","2026-05-26T09:20:11.743Z","https://jobs.smartrecruiters.com/DreesSommerSE/744000128439189","https://careerkit.me/api/apply?src=github-dach&company=drees-sommer-se&url=https%3A%2F%2Fjobs.smartrecruiters.com%2FDreesSommerSE%2F744000128439189"
"Express Personal AG","Praktikantin / Praktikant Personalberatung 100%","Praktikum","Basel","Basel, Basel-Stadt","2026-09-24T01:30:53Z","https://www.adzuna.ch/details/5895749575?utm_medium=api&utm_source=8efdd1b9","https://careerkit.me/api/apply?src=github-dach&company=express-personal-ag&url=https%3A%2F%2Fwww.adzuna.ch%2Fdetails%2F5895749575%3Futm_medium%3Dapi%26utm_source%3D8efdd1b9"
"Filmevent.com GmbH","Event-Praktikum (100%)","Praktikum","Basel","Basel, Basel-Stadt","2026-07-14T21:16:31Z","https://www.adzuna.ch/details/5800191857?utm_medium=api&utm_source=8efdd1b9","https://careerkit.me/api/apply?src=github-dach&company=filmevent-com-gmbh&url=https%3A%2F%2Fwww.adzuna.ch%2Fdetails%2F5800191857%3Futm_medium%3Dapi%26utm_source%3D8efdd1b9"
"Grand Hotel Les Trois Rois","Pflichtpraktikumsstelle für 6-8 Monate","Praktikum","Basel","Basel, Basel-Stadt","2026-09-19T08:38:53Z","https://www.adzuna.ch/land/ad/5890283738?se=QltwLse48RGqSP-Ku-S77g&utm_medium=api&utm_source=8efdd1b9&v=56E1BA541B16FF19C1054C6495A77C873FFB2539","https://careerkit.me/api/apply?src=github-dach&company=grand-hotel-les-trois-rois&url=https%3A%2F%2Fwww.adzuna.ch%2Fland%2Fad%2F5890283738%3Fse%3DQltwLse48RGqSP-Ku-S77g%26utm_medium%3Dapi%26utm_source%3D8efdd1b9%26v%3D56E1BA541B16FF19C1054C6495A77C873FFB2539"
"Helvetia Versicherungen","Praktikum Als Fachperson Betreuung Kinder EFZ (w/m/d) 2027 - Hauptsitz Basel","Praktikum","Basel","Basel, Basel-Stadt","2026-08-04T23:36:29Z","https://www.adzuna.ch/details/5828214005?utm_medium=api&utm_source=8efdd1b9","https://careerkit.me/api/apply?src=github-dach&company=helvetia-versicherungen&url=https%3A%2F%2Fwww.adzuna.ch%2Fdetails%2F5828214005%3Futm_medium%3Dapi%26utm_source%3D8efdd1b9"
"Henkel","Praktikant:in Brand Management & Activation Gliss, Syoss, u.v.m., 100% (all genders)","Praktikum","Basel","Basel, Basel-Stadt","2026-09-21T02:24:12Z","https://www.adzuna.ch/details/5892145046?utm_medium=api&utm_source=8efdd1b9","https://careerkit.me/api/apply?src=github-dach&company=henkel&url=https%3A%2F%2Fwww.adzuna.ch%2Fdetails%2F5892145046%3Futm_medium%3Dapi%26utm_source%3D8efdd1b9"
"Henkel","Praktikant:in Brand Management und Trade Activation Persil, Schwarzkopf, u.v.m. 100% (all genders)","Praktikum","Basel","Basel, Basel-Stadt","2026-09-21T00:32:16Z","https://www.adzuna.ch/details/5892074694?utm_medium=api&utm_source=8efdd1b9","https://careerkit.me/api/apply?src=github-dach&company=henkel&url=https%3A%2F%2Fwww.adzuna.ch%2Fdetails%2F5892074694%3Futm_medium%3Dapi%26utm_source%3D8efdd1b9"
"Henkel","Praktikant:in Brand Management und Activation Gliss, Syoss, u.v.m. 100% (all genders)","Praktikum","Basel","Basel, Basel-Stadt","2026-09-19T00:31:56Z","https://www.adzuna.ch/details/5889810805?utm_medium=api&utm_source=8efdd1b9","https://careerkit.me/api/apply?src=github-dach&company=henkel&url=https%3A%2F%2Fwww.adzuna.ch%2Fdetails%2F5889810805%3Futm_medium%3Dapi%26utm_source%3D8efdd1b9"
"Huntsman Corporation","Intern Digital Engineer","Praktikum","Basel","2 Locations","2026-08-26T09:54:12.578Z","https://huntsman.wd1.myworkdayjobs.com/huntsman/job/Switzerland---Basel/Intern-Digital-Engineer_J-020117","https://careerkit.me/api/apply?src=github-dach&company=huntsman-corporation&url=https%3A%2F%2Fhuntsman.wd1.myworkdayjobs.com%2Fhuntsman%2Fjob%2FSwitzerland---Basel%2FIntern-Digital-Engineer_J-020117"
"Implenia","Werktstudent / Praktikant Laborbau NW (m/w/d), 80-100%","Praktikum","Basel","Basel, Basel-Stadt","2026-07-24T23:32:05Z","https://www.adzuna.ch/details/5814318644?utm_medium=api&utm_source=8efdd1b9","https://careerkit.me/api/apply?src=github-dach&company=implenia&url=https%3A%2F%2Fwww.adzuna.ch%2Fdetails%2F5814318644%3Futm_medium%3Dapi%26utm_source%3D8efdd1b9"
"Implenia Schweiz AG","Werktstudent / Praktikant Laborbau NW (m/w/d), 80-100%","Praktikum","Basel","Basel, Basel-Stadt","2026-07-23T23:32:19Z","https://www.adzuna.ch/details/5812694555?utm_medium=api&utm_source=8efdd1b9","https://careerkit.me/api/apply?src=github-dach&company=implenia-schweiz-ag&url=https%3A%2F%2Fwww.adzuna.ch%2Fdetails%2F5812694555%3Futm_medium%3Dapi%26utm_source%3D8efdd1b9"
"Industrielle Werke Basel","Praktikum Data Engineering (w/m)","Praktikum","Basel","Basel, Basel-Stadt","2026-09-22T00:42:46Z","https://www.adzuna.ch/details/5893235787?utm_medium=api&utm_source=8efdd1b9","https://careerkit.me/api/apply?src=github-dach&company=industrielle-werke-basel&url=https%3A%2F%2Fwww.adzuna.ch%2Fdetails%2F5893235787%3Futm_medium%3Dapi%26utm_source%3D8efdd1b9"
"Industrielle Werke Basel","Praktikum Operative Planung Versorgungsnetze","Praktikum","Basel","Basel, Basel-Stadt","2026-08-28T23:52:41Z","https://www.adzuna.ch/details/5860096967?utm_medium=api&utm_source=8efdd1b9","https://careerkit.me/api/apply?src=github-dach&company=industrielle-werke-basel&url=https%3A%2F%2Fwww.adzuna.ch%2Fdetails%2F5860096967%3Futm_medium%3Dapi%26utm_source%3D8efdd1b9"
"IV-Stelle Basel-Stadt","WMS-Praktikant: in der Branche Dienstleistung und Administration","Praktikum","Basel","Basel, Basel-Stadt","2026-08-14T12:22:22Z","https://www.adzuna.ch/land/ad/5841643947?se=QltwLse48RGqSP-Ku-S77g&utm_medium=api&utm_source=8efdd1b9&v=C1E6F8F57B4157A80B29AF6B490A3C30E4B7AF16","https://careerkit.me/api/apply?src=github-dach&company=iv-stelle-basel-stadt&url=https%3A%2F%2Fwww.adzuna.ch%2Fland%2Fad%2F5841643947%3Fse%3DQltwLse48RGqSP-Ku-S77g%26utm_medium%3Dapi%26utm_source%3D8efdd1b9%26v%3DC1E6F8F57B4157A80B29AF6B490A3C30E4B7AF16"
"IWB Industrielle Werke Basel","Praktikum Data Engineering (w/m)","Praktikum","Basel","Basel, Basel-Stadt","2026-09-22T00:42:45Z","https://www.adzuna.ch/details/5893235772?utm_medium=api&utm_source=8efdd1b9","https://careerkit.me/api/apply?src=github-dach&company=iwb-industrielle-werke-basel&url=https%3A%2F%2Fwww.adzuna.ch%2Fdetails%2F5893235772%3Futm_medium%3Dapi%26utm_source%3D8efdd1b9"
"IWB Industrielle Werke Basel","Praktikum Operative Planung Versorgungsnetze","Praktikum","Basel","Basel, Basel-Stadt","2026-08-27T23:49:25Z","https://www.adzuna.ch/details/5858699700?utm_medium=api&utm_source=8efdd1b9","https://careerkit.me/api/apply?src=github-dach&company=iwb-industrielle-werke-basel&url=https%3A%2F%2Fwww.adzuna.ch%2Fdetails%2F5858699700%3Futm_medium%3Dapi%26utm_source%3D8efdd1b9"
"Job-Room","Praktikum Marketing / Marktbearbeitung (w/m/d) Generalagentur Basel","Praktikum","Basel","Basel, Basel-Stadt","2026-09-24T13:32:16Z","https://www.adzuna.ch/details/5896754187?utm_medium=api&utm_source=8efdd1b9","https://careerkit.me/api/apply?src=github-dach&company=job-room&url=https%3A%2F%2Fwww.adzuna.ch%2Fdetails%2F5896754187%3Futm_medium%3Dapi%26utm_source%3D8efdd1b9"
"Job-Room","Praktikantin / Praktikant Personalberatung 100%","Praktikum","Basel","Basel, Basel-Stadt","2026-09-24T13:42:40Z","https://www.adzuna.ch/details/5896763214?utm_medium=api&utm_source=8efdd1b9","https://careerkit.me/api/apply?src=github-dach&company=job-room&url=https%3A%2F%2Fwww.adzuna.ch%2Fdetails%2F5896763214%3Futm_medium%3Dapi%26utm_source%3D8efdd1b9"
"Job-Room","FMS-Praktikant*in 100%","Praktikum","Basel","Basel, Basel-Stadt","2026-09-23T15:06:33Z","https://www.adzuna.ch/details/5895213163?utm_medium=api&utm_source=8efdd1b9","https://careerkit.me/api/apply?src=github-dach&company=job-room&url=https%3A%2F%2Fwww.adzuna.ch%2Fdetails%2F5895213163%3Futm_medium%3Dapi%26utm_source%3D8efdd1b9"
"Job-Room","IT Praktikant*in - Schwerpunkt Support 100%","Praktikum","Basel","Basel, Basel-Stadt","2026-09-23T15:06:31Z","https://www.adzuna.ch/details/5895213141?utm_medium=api&utm_source=8efdd1b9","https://careerkit.me/api/apply?src=github-dach&company=job-room&url=https%3A%2F%2Fwww.adzuna.ch%2Fdetails%2F5895213141%3Futm_medium%3Dapi%26utm_source%3D8efdd1b9"
"Job-Room","IT Praktikant*in - Schwerpunkt Applikationsbetreuung 80-100%","Praktikum","Basel","Basel, Basel-Stadt","2026-09-23T15:06:33Z","https://www.adzuna.ch/details/5895213165?utm_medium=api&utm_source=8efdd1b9","https://careerkit.me/api/apply?src=github-dach&company=job-room&url=https%3A%2F%2Fwww.adzuna.ch%2Fdetails%2F5895213165%3Futm_medium%3Dapi%26utm_source%3D8efdd1b9"
"Job-Room","Stellenbezeichnung: Praktikum Marketing / Marktbearbeitung (w/m/d) Generalagentur Basel","Praktikum","Basel","Basel, Basel-Stadt","2026-09-16T14:26:35Z","https://www.adzuna.ch/details/5886147227?utm_medium=api&utm_source=8efdd1b9","https://careerkit.me/api/apply?src=github-dach&company=job-room&url=https%3A%2F%2Fwww.adzuna.ch%2Fdetails%2F5886147227%3Futm_medium%3Dapi%26utm_source%3D8efdd1b9"
"Job-Room","Praktikum Verkaufssupport & Buchhaltung / (w/m/d) Generalagentur Basel","Praktikum","Basel","Basel, Basel-Stadt","2026-09-14T14:10:16Z","https://www.adzuna.ch/details/5883612954?utm_medium=api&utm_source=8efdd1b9","https://careerkit.me/api/apply?src=github-dach&company=job-room&url=https%3A%2F%2Fwww.adzuna.ch%2Fdetails%2F5883612954%3Futm_medium%3Dapi%26utm_source%3D8efdd1b9"
"Kanton Basel-Stadt: Justiz- und Sicherheitsdepartement","Praktikum Gesuchsbearbeitung","Praktikum","Basel","Basel, Basel-Stadt","2026-09-05T00:26:21Z","https://www.adzuna.ch/details/5871051256?utm_medium=api&utm_source=8efdd1b9","https://careerkit.me/api/apply?src=github-dach&company=kanton-basel-stadt-justiz-und-sicherheitsdepartement&url=https%3A%2F%2Fwww.adzuna.ch%2Fdetails%2F5871051256%3Futm_medium%3Dapi%26utm_source%3D8efdd1b9"
"Kellerhals Carrard Basel","Kurzpraktikum bei Kellerhals Carrard Basel","Praktikum","Basel","Basel","2025-08-21T16:34:35+00:00","https://kellerhals-carrard.jobs.personio.de/job/2304547","https://careerkit.me/api/apply?src=github-dach&company=kellerhals-carrard-basel&url=https%3A%2F%2Fkellerhals-carrard.jobs.personio.de%2Fjob%2F2304547"
"Livit AG","Kaufmännisches Praktikum Immobilienbewirtschaftung 2027 (WMS Oder HMS)","Praktikum","Basel","Basel, Basel-Stadt","2026-09-03T00:51:44Z","https://www.adzuna.ch/details/5867672371?utm_medium=api&utm_source=8efdd1b9","https://careerkit.me/api/apply?src=github-dach&company=livit-ag&url=https%3A%2F%2Fwww.adzuna.ch%2Fdetails%2F5867672371%3Futm_medium%3Dapi%26utm_source%3D8efdd1b9"
"Livit AG","Kaufmännisches Praktikum immobilienbewirtschaftung 2027","Praktikum","Basel","Basel, Basel-Stadt","2026-09-01T12:20:39Z","https://www.adzuna.ch/land/ad/5864314131?se=QltwLse48RGqSP-Ku-S77g&utm_medium=api&utm_source=8efdd1b9&v=408A92934758FA43D091EF816676C49558066242","https://careerkit.me/api/apply?src=github-dach&company=livit-ag&url=https%3A%2F%2Fwww.adzuna.ch%2Fland%2Fad%2F5864314131%3Fse%3DQltwLse48RGqSP-Ku-S77g%26utm_medium%3Dapi%26utm_source%3D8efdd1b9%26v%3D408A92934758FA43D091EF816676C49558066242"
"Livit AG","Kaufmännisches Praktikum Immobilienbewirtschaftung 2027 (WMS oder Handelsschule)","Praktikum","Basel","Basel, Basel-Stadt","2026-08-14T23:54:28Z","https://www.adzuna.ch/details/5842184252?utm_medium=api&utm_source=8efdd1b9","https://careerkit.me/api/apply?src=github-dach&company=livit-ag&url=https%3A%2F%2Fwww.adzuna.ch%2Fdetails%2F5842184252%3Futm_medium%3Dapi%26utm_source%3D8efdd1b9"
"Lonza","Intern HR Biologics 80-100%","Praktikum","Basel","CH - Basel HR","2026-08-28T09:54:33.172Z","https://lonza.wd3.myworkdayjobs.com/Lonza_Careers/job/CH---Basel-HR/Intern-HR-Biologics-80-100-_R78783","https://careerkit.me/api/apply?src=github-dach&company=lonza&url=https%3A%2F%2Flonza.wd3.myworkdayjobs.com%2FLonza_Careers%2Fjob%2FCH---Basel-HR%2FIntern-HR-Biologics-80-100-_R78783"
"Pirelli Tyre  SA","Trade & Consumer Marketing PraktikantIn (100%)","Praktikum","Basel","Basel, Basel-Stadt","2026-09-21T12:27:05Z","https://www.adzuna.ch/land/ad/5892674673?se=QltwLse48RGqSP-Ku-S77g&utm_medium=api&utm_source=8efdd1b9&v=C9BB054EC0D6C4823005E3A1D158DC4DA44A46FA","https://careerkit.me/api/apply?src=github-dach&company=pirelli-tyre-sa&url=https%3A%2F%2Fwww.adzuna.ch%2Fland%2Fad%2F5892674673%3Fse%3DQltwLse48RGqSP-Ku-S77g%26utm_medium%3Dapi%26utm_source%3D8efdd1b9%26v%3DC9BB054EC0D6C4823005E3A1D158DC4DA44A46FA"
"Pirelli Tyre  SA","Trade & Consumer Marketing PraktikantIn","Praktikum","Basel","Basel, Basel-Stadt","2026-09-16T12:24:35Z","https://www.adzuna.ch/land/ad/5885952899?se=QltwLse48RGqSP-Ku-S77g&utm_medium=api&utm_source=8efdd1b9&v=D8FEB3ED9DE0B7CEF90A0ADFD46711DEE268856B","https://careerkit.me/api/apply?src=github-dach&company=pirelli-tyre-sa&url=https%3A%2F%2Fwww.adzuna.ch%2Fland%2Fad%2F5885952899%3Fse%3DQltwLse48RGqSP-Ku-S77g%26utm_medium%3Dapi%26utm_source%3D8efdd1b9%26v%3DD8FEB3ED9DE0B7CEF90A0ADFD46711DEE268856B"
"Pirelli Tyre  SA","PraktikantIn Financial Accounting (100%)","Praktikum","Basel","Basel, Basel-Stadt","2026-09-11T00:28:24Z","https://www.adzuna.ch/details/5878908947?utm_medium=api&utm_source=8efdd1b9","https://careerkit.me/api/apply?src=github-dach&company=pirelli-tyre-sa&url=https%3A%2F%2Fwww.adzuna.ch%2Fdetails%2F5878908947%3Futm_medium%3Dapi%26utm_source%3D8efdd1b9"
"Pirelli Tyre  SA","PraktikantIn Financial Accounting","Praktikum","Basel","Basel, Basel-Stadt","2026-09-10T12:22:05Z","https://www.adzuna.ch/land/ad/5878264723?se=QltwLse48RGqSP-Ku-S77g&utm_medium=api&utm_source=8efdd1b9&v=F5E91E8AEAFC816E9DBD11344EFB200080FC4F2D","https://careerkit.me/api/apply?src=github-dach&company=pirelli-tyre-sa&url=https%3A%2F%2Fwww.adzuna.ch%2Fland%2Fad%2F5878264723%3Fse%3DQltwLse48RGqSP-Ku-S77g%26utm_medium%3Dapi%26utm_source%3D8efdd1b9%26v%3DF5E91E8AEAFC816E9DBD11344EFB200080FC4F2D"
"PricewaterhouseCoopers","Praktikant:in - Steuerberatung (6 Monate)","Praktikum","Basel","Basel, Basel-Stadt","2026-09-06T00:26:04Z","https://www.adzuna.ch/details/5872314554?utm_medium=api&utm_source=8efdd1b9","https://careerkit.me/api/apply?src=github-dach&company=pricewaterhousecoopers&url=https%3A%2F%2Fwww.adzuna.ch%2Fdetails%2F5872314554%3Futm_medium%3Dapi%26utm_source%3D8efdd1b9"
"PricewaterhouseCoopers","WMS Praktikum in der Wirtschaftsprüfung","Praktikum","Basel","Basel, Basel-Stadt","2026-08-05T23:36:51Z","https://www.adzuna.ch/details/5829461557?utm_medium=api&utm_source=8efdd1b9","https://careerkit.me/api/apply?src=github-dach&company=pricewaterhousecoopers&url=https%3A%2F%2Fwww.adzuna.ch%2Fdetails%2F5829461557%3Futm_medium%3Dapi%26utm_source%3D8efdd1b9"
"Rehab Basel AG","Praktikum In Der Pflege 100% M/w/d","Praktikum","Basel","Basel, Basel-Stadt","2026-08-05T23:36:18Z","https://www.adzuna.ch/details/5829458099?utm_medium=api&utm_source=8efdd1b9","https://careerkit.me/api/apply?src=github-dach&company=rehab-basel-ag&url=https%3A%2F%2Fwww.adzuna.ch%2Fdetails%2F5829458099%3Futm_medium%3Dapi%26utm_source%3D8efdd1b9"
"Roche","Roche internship in Medicinal Chemistry - RiCH","Praktikum","Basel","Basel","2026-09-23T09:54:41.917Z","https://roche.wd3.myworkdayjobs.com/roche-ext/job/Basel/Roche-internship-in-Medicinal-Chemistry---RiCH_202609-124069","https://careerkit.me/api/apply?src=github-dach&company=roche&url=https%3A%2F%2Froche.wd3.myworkdayjobs.com%2Froche-ext%2Fjob%2FBasel%2FRoche-internship-in-Medicinal-Chemistry---RiCH_202609-124069"
"Roche","Praktikum: Optimierung des Ersatzteilmanagements (6 Monate)","Praktikum","Basel","Basel","2026-09-17T09:54:41.917Z","https://roche.wd3.myworkdayjobs.com/roche-ext/job/Basel/Praktikum---Optimierung-des-Ersatzteilmanagements--6-Monate-_202609-123640","https://careerkit.me/api/apply?src=github-dach&company=roche&url=https%3A%2F%2Froche.wd3.myworkdayjobs.com%2Froche-ext%2Fjob%2FBasel%2FPraktikum---Optimierung-des-Ersatzteilmanagements--6-Monate-_202609-123640"
"Roche","Hochschulpraktikum im Bereich Drug Product Clinical Supply Center","Praktikum","Basel","Basel","2026-09-11T09:54:41.917Z","https://roche.wd3.myworkdayjobs.com/roche-ext/job/Basel/Hochschulpraktikum-im-Bereich-Drug-Product-Clinical-Supply-Center_202609-122551","https://careerkit.me/api/apply?src=github-dach&company=roche&url=https%3A%2F%2Froche.wd3.myworkdayjobs.com%2Froche-ext%2Fjob%2FBasel%2FHochschulpraktikum-im-Bereich-Drug-Product-Clinical-Supply-Center_202609-122551"
"Universitäts-Kinderspital beider Basel","FMS-Praktikant*in 100%","Praktikum","Basel","Basel, Basel-Stadt","2026-09-24T01:30:50Z","https://www.adzuna.ch/details/5895749319?utm_medium=api&utm_source=8efdd1b9","https://careerkit.me/api/apply?src=github-dach&company=universitaets-kinderspital-beider-basel&url=https%3A%2F%2Fwww.adzuna.ch%2Fdetails%2F5895749319%3Futm_medium%3Dapi%26utm_source%3D8efdd1b9"
"Universitäts-Kinderspital beider Basel","IT Praktikant*in - Schwerpunkt Applikationsbetreuung 80-100%","Praktikum","Basel","Basel, Basel-Stadt","2026-09-24T01:30:51Z","https://www.adzuna.ch/details/5895749327?utm_medium=api&utm_source=8efdd1b9","https://careerkit.me/api/apply?src=github-dach&company=universitaets-kinderspital-beider-basel&url=https%3A%2F%2Fwww.adzuna.ch%2Fdetails%2F5895749327%3Futm_medium%3Dapi%26utm_source%3D8efdd1b9"
"Universitäts-Kinderspital beider Basel","IT Praktikant*in - Schwerpunkt Support 100%","Praktikum","Basel","Basel, Basel-Stadt","2026-09-23T12:28:05Z","https://www.adzuna.ch/land/ad/5895047862?se=QltwLse48RGqSP-Ku-S77g&utm_medium=api&utm_source=8efdd1b9&v=F57BE69D0EF3A21468B00CC79C2E294635D80F4E","https://careerkit.me/api/apply?src=github-dach&company=universitaets-kinderspital-beider-basel&url=https%3A%2F%2Fwww.adzuna.ch%2Fland%2Fad%2F5895047862%3Fse%3DQltwLse48RGqSP-Ku-S77g%26utm_medium%3Dapi%26utm_source%3D8efdd1b9%26v%3DF57BE69D0EF3A21468B00CC79C2E294635D80F4E"
"Gruner AG","Praktikant:in / Werkstudent:in Gebäudetechnik 80-100% (Basel)","Werkstudent","Basel","Basel, Basel-Stadt","2026-08-05T23:36:21Z","https://www.adzuna.ch/details/5829458413?utm_medium=api&utm_source=8efdd1b9","https://careerkit.me/api/apply?src=github-dach&company=gruner-ag&url=https%3A%2F%2Fwww.adzuna.ch%2Fdetails%2F5829458413%3Futm_medium%3Dapi%26utm_source%3D8efdd1b9"
"Gruner AG","Werkstudent:in / Praktikant:in Brandschutz 50-100%","Werkstudent","Basel","Basel, Basel-Stadt","2026-06-10T22:36:47Z","https://www.adzuna.ch/details/5758782564?utm_medium=api&utm_source=8efdd1b9","https://careerkit.me/api/apply?src=github-dach&company=gruner-ag&url=https%3A%2F%2Fwww.adzuna.ch%2Fdetails%2F5758782564%3Futm_medium%3Dapi%26utm_source%3D8efdd1b9"
"Helvetia Versicherungen","Werkstudent (w/m/d) IT Risk & Governance","Werkstudent","Basel","Basel, Basel-Stadt","2026-09-24T01:30:51Z","https://www.adzuna.ch/details/5895749422?utm_medium=api&utm_source=8efdd1b9","https://careerkit.me/api/apply?src=github-dach&company=helvetia-versicherungen&url=https%3A%2F%2Fwww.adzuna.ch%2Fdetails%2F5895749422%3Futm_medium%3Dapi%26utm_source%3D8efdd1b9"
"Helvetia Versicherungen","Werkstudent (w/m/d) Project Management Office","Werkstudent","Basel","Basel, Basel-Stadt","2026-09-24T01:30:52Z","https://www.adzuna.ch/details/5895749549?utm_medium=api&utm_source=8efdd1b9","https://careerkit.me/api/apply?src=github-dach&company=helvetia-versicherungen&url=https%3A%2F%2Fwww.adzuna.ch%2Fdetails%2F5895749549%3Futm_medium%3Dapi%26utm_source%3D8efdd1b9"
"Helvetia Versicherungen","Werkstudent (w/m/d) Underwriting Personenversicherung Befristet Für 6 Monate","Werkstudent","Basel","Basel, Basel-Stadt","2026-09-24T01:30:52Z","https://www.adzuna.ch/details/5895749527?utm_medium=api&utm_source=8efdd1b9","https://careerkit.me/api/apply?src=github-dach&company=helvetia-versicherungen&url=https%3A%2F%2Fwww.adzuna.ch%2Fdetails%2F5895749527%3Futm_medium%3Dapi%26utm_source%3D8efdd1b9"
"Helvetia Versicherungen","Werkstudent (w/m/d) Risk Management Specialty Lines","Werkstudent","Basel","Basel, Basel-Stadt","2026-09-17T01:07:15Z","https://www.adzuna.ch/details/5886690114?utm_medium=api&utm_source=8efdd1b9","https://careerkit.me/api/apply?src=github-dach&company=helvetia-versicherungen&url=https%3A%2F%2Fwww.adzuna.ch%2Fdetails%2F5886690114%3Futm_medium%3Dapi%26utm_source%3D8efdd1b9"
"Helvetia Versicherungen","Werkstudent (w/m/d) CTO Group Asset Management (GAM)","Werkstudent","Basel","Basel, Basel-Stadt","2026-09-17T01:07:16Z","https://www.adzuna.ch/details/5886690192?utm_medium=api&utm_source=8efdd1b9","https://careerkit.me/api/apply?src=github-dach&company=helvetia-versicherungen&url=https%3A%2F%2Fwww.adzuna.ch%2Fdetails%2F5886690192%3Futm_medium%3Dapi%26utm_source%3D8efdd1b9"
"Job-Room","Werkstudent (w/m/d) Project Management Office","Werkstudent","Basel","Basel, Basel-Stadt","2026-09-24T13:33:02Z","https://www.adzuna.ch/details/5896754634?utm_medium=api&utm_source=8efdd1b9","https://careerkit.me/api/apply?src=github-dach&company=job-room&url=https%3A%2F%2Fwww.adzuna.ch%2Fdetails%2F5896754634%3Futm_medium%3Dapi%26utm_source%3D8efdd1b9"
"Job-Room","Werkstudent (w/m/d) IT Risk & Governance","Werkstudent","Basel","Basel, Basel-Stadt","2026-09-23T15:01:15Z","https://www.adzuna.ch/details/5895210034?utm_medium=api&utm_source=8efdd1b9","https://careerkit.me/api/apply?src=github-dach&company=job-room&url=https%3A%2F%2Fwww.adzuna.ch%2Fdetails%2F5895210034%3Futm_medium%3Dapi%26utm_source%3D8efdd1b9"
"Ridgeline Discovery","IT Student Support / Werkstudent:in IT (50–80%, Start: Immediately / Upon Agreement)","Werkstudent","Basel","Basel, Basel-Stadt","2026-08-18T01:29:52Z","https://www.adzuna.ch/details/5845674098?utm_medium=api&utm_source=8efdd1b9","https://careerkit.me/api/apply?src=github-dach&company=ridgeline-discovery&url=https%3A%2F%2Fwww.adzuna.ch%2Fdetails%2F5845674098%3Futm_medium%3Dapi%26utm_source%3D8efdd1b9"
"Sympany","Werkstudent Aktuariat","Werkstudent","Basel","Basel, Basel-Stadt","2026-09-02T12:31:26Z","https://www.adzuna.ch/land/ad/5866892930?se=njRyLse48RGqSP-Ku-S77g&utm_medium=api&utm_source=8efdd1b9&v=D3B06E96138894E8E04DED248B1CF453A908DA31","https://careerkit.me/api/apply?src=github-dach&company=sympany&url=https%3A%2F%2Fwww.adzuna.ch%2Fland%2Fad%2F5866892930%3Fse%3DnjRyLse48RGqSP-Ku-S77g%26utm_medium%3Dapi%26utm_source%3D8efdd1b9%26v%3DD3B06E96138894E8E04DED248B1CF453A908DA31"
"1KOMMA5°","Graduate Program Operations - 12 Monate (m/w/d)","Absolvent","Berlin","Hamburg / Berlin","2026-05-04T16:02:32+00:00","https://1komma5grad.jobs.personio.de/job/2623047","https://careerkit.me/api/apply?src=github-dach&company=1komma5&url=https%3A%2F%2F1komma5grad.jobs.personio.de%2Fjob%2F2623047"
"1KOMMA5°","(Junior) SEO & AI Marketing Manager (m/w/d)","Junior","Berlin","Berlin / Berlin (Remote)","2026-09-17T07:57:12+00:00","https://1komma5grad.jobs.personio.de/job/2800938","https://careerkit.me/api/apply?src=github-dach&company=1komma5&url=https%3A%2F%2F1komma5grad.jobs.personio.de%2Fjob%2F2800938"
"1KOMMA5°","(Junior) Conversational AI Specialist (m/w/d) - Knowledge & Customer Experience","Junior","Berlin","Hamburg / Remote / Berlin","2026-08-11T12:53:30+00:00","https://1komma5grad.jobs.personio.de/job/2749999","https://careerkit.me/api/apply?src=github-dach&company=1komma5&url=https%3A%2F%2F1komma5grad.jobs.personio.de%2Fjob%2F2749999"
"1KOMMA5°","Junior Go to Market Project Manager (m/f/d)","Junior","Berlin","Remote / Hamburg / Berlin / München","2026-06-16T13:47:46+00:00","https://1komma5grad.jobs.personio.de/job/2674294","https://careerkit.me/api/apply?src=github-dach&company=1komma5&url=https%3A%2F%2F1komma5grad.jobs.personio.de%2Fjob%2F2674294"
"Agicap","Junior Sales Development Representative DACH (m/f/d)","Junior","Berlin","Berlin 🇩🇪 / Berlin 🇩🇪","2021-07-08T14:35:56.058Z","https://jobs.lever.co/agicap/ab0c9a50-fb06-467d-9747-eee09154a291","https://careerkit.me/api/apply?src=github-dach&company=agicap&url=https%3A%2F%2Fjobs.lever.co%2Fagicap%2Fab0c9a50-fb06-467d-9747-eee09154a291"
"Ascom","Junior System Engineer / ITK‑Systemelektroniker (m/w/d)","Junior","Berlin","Berlin, DE / Leipzig, DE","2026-06-01T21:50:50+02:00","https://ascom.teamtailor.com/jobs/7831310-junior-system-engineer-itk-systemelektroniker-m-w-d","https://careerkit.me/api/apply?src=github-dach&company=ascom&url=https%3A%2F%2Fascom.teamtailor.com%2Fjobs%2F7831310-junior-system-engineer-itk-systemelektroniker-m-w-d"
"ATP architekten ingenieure","Junior-Architekt (m/w/d)","Junior","Berlin","Berlin, BE, Germany","2026-06-22T06:16:24.150Z","https://jobs.smartrecruiters.com/ATParchitekteningenieure/744000133264929","https://careerkit.me/api/apply?src=github-dach&company=atp-architekten-ingenieure&url=https%3A%2F%2Fjobs.smartrecruiters.com%2FATParchitekteningenieure%2F744000133264929"
"CSL Behring","Quereinsteiger Center Mitarbeiter (m/w/x) Berlin - Alexanderstraße","Junior","Berlin","EMEA, DE, Berlin, CSL Behring","2026-09-01T09:53:57.121Z","https://csl.wd1.myworkdayjobs.com/CSL_External/job/EMEA-DE-Berlin-CSL-Behring/Seiteneinsteiger-Center-Mitarbeiter-Berlin_R-179236","https://careerkit.me/api/apply?src=github-dach&company=csl-behring&url=https%3A%2F%2Fcsl.wd1.myworkdayjobs.com%2FCSL_External%2Fjob%2FEMEA-DE-Berlin-CSL-Behring%2FSeiteneinsteiger-Center-Mitarbeiter-Berlin_R-179236"
"David Kennedy Recruitment","Performance Marketer Junior · Adult RTB","Junior","Berlin","Paris, FR / London, GB / Lisbon, PT / Milan, IT / Rome, IT / Berlin, DE / Athens, GR / Barcelona, ES / Bari, IT / Split, HR / Copenhagen, DK / Oslo, NO / Tallinn, EE / Limassol, CY / Budapest, HU / Florence, IT / Amsterdam, NL / Stockholm, SE / Warsaw, PL / Kraków, PL / Lublin, PL / Opole, PL","2026-09-15T16:14:37+01:00","https://davidkennedyrecruitment.teamtailor.com/jobs/8384068-performance-marketer-junior-adult-rtb","https://careerkit.me/api/apply?src=github-dach&company=david-kennedy-recruitment&url=https%3A%2F%2Fdavidkennedyrecruitment.teamtailor.com%2Fjobs%2F8384068-performance-marketer-junior-adult-rtb"
"Doctolib","Junior Customer Experience Consultant (x/f/m)","Junior","Berlin","Berlin, Berlin, Germany","2026-05-18T04:27:10-04:00","https://job-boards.greenhouse.io/doctolib/jobs/7737188003","https://careerkit.me/api/apply?src=github-dach&company=doctolib&url=https%3A%2F%2Fjob-boards.greenhouse.io%2Fdoctolib%2Fjobs%2F7737188003"
"Doctolib","Junior Customer Success Manager (x/f/m)","Junior","Berlin","Berlin, Berlin, Germany","2026-03-05T04:22:21-05:00","https://job-boards.greenhouse.io/doctolib/jobs/7648739003","https://careerkit.me/api/apply?src=github-dach&company=doctolib&url=https%3A%2F%2Fjob-boards.greenhouse.io%2Fdoctolib%2Fjobs%2F7648739003"
"Drees & Sommer SE","Junior Ingenieur (w/m/d) Resilienz- und Sicherheitsberatung","Junior","Berlin","Berlin, BE, Germany","2026-09-23T12:22:51.280Z","https://jobs.smartrecruiters.com/DreesSommerSE/744000151365494","https://careerkit.me/api/apply?src=github-dach&company=drees-sommer-se&url=https%3A%2F%2Fjobs.smartrecruiters.com%2FDreesSommerSE%2F744000151365494"
"Drees & Sommer SE","(Junior) Fachplaner (w/m/d) Lüftung","Junior","Berlin","Berlin, BE, Germany","2026-07-27T09:15:06.395Z","https://jobs.smartrecruiters.com/DreesSommerSE/744000139955821","https://careerkit.me/api/apply?src=github-dach&company=drees-sommer-se&url=https%3A%2F%2Fjobs.smartrecruiters.com%2FDreesSommerSE%2F744000139955821"
"Drees & Sommer SE","Junior Consultant (w/m/d) Resilience and Risk Advisory in Bau- und Immobilienprojekten","Junior","Berlin","Berlin, , Germany","2026-05-26T09:49:17.395Z","https://jobs.smartrecruiters.com/DreesSommerSE/744000128445540","https://careerkit.me/api/apply?src=github-dach&company=drees-sommer-se&url=https%3A%2F%2Fjobs.smartrecruiters.com%2FDreesSommerSE%2F744000128445540"
"Drees & Sommer SE","Junior Ingenieur / Techniker (w/m/d) Objektüberwachung Elektrotechnik","Junior","Berlin","Berlin, BE, Germany","2026-05-26T09:07:33.687Z","https://jobs.smartrecruiters.com/DreesSommerSE/744000128433576","https://careerkit.me/api/apply?src=github-dach&company=drees-sommer-se&url=https%3A%2F%2Fjobs.smartrecruiters.com%2FDreesSommerSE%2F744000128433576"
"Drees & Sommer SE","Junior Consultant (w/m/d) Claim- und Risikomanagement in Bau- und Immobilienprojekten","Junior","Berlin","Berlin, BE, Germany","2026-05-26T08:01:27.493Z","https://jobs.smartrecruiters.com/DreesSommerSE/744000128418219","https://careerkit.me/api/apply?src=github-dach&company=drees-sommer-se&url=https%3A%2F%2Fjobs.smartrecruiters.com%2FDreesSommerSE%2F744000128418219"
"Enpal","(Junior) Legal Counsel Corporate (w/m/d)","Junior","Berlin","Berlin","2026-09-22T08:02:02.303+00:00","https://jobs.ashbyhq.com/enpal/7b8573da-bbbb-4c47-8644-372219ecbe8a","https://careerkit.me/api/apply?src=github-dach&company=enpal&url=https%3A%2F%2Fjobs.ashbyhq.com%2Fenpal%2F7b8573da-bbbb-4c47-8644-372219ecbe8a"
"Enpal","Junior Operations Specialist (w/m/d)","Junior","Berlin","Berlin","2026-09-09T08:13:51.566+00:00","https://jobs.ashbyhq.com/enpal/376045d8-d08c-400a-a3ed-c942035eeda5","https://careerkit.me/api/apply?src=github-dach&company=enpal&url=https%3A%2F%2Fjobs.ashbyhq.com%2Fenpal%2F376045d8-d08c-400a-a3ed-c942035eeda5"
"Enpal","(Junior) Operations Manager – Process Excellence & Automation (w/m/d)","Junior","Berlin","Berlin","2026-08-12T11:49:05.322+00:00","https://jobs.ashbyhq.com/enpal/e6b5423f-66fb-4fab-8784-d5e4744c3383","https://careerkit.me/api/apply?src=github-dach&company=enpal&url=https%3A%2F%2Fjobs.ashbyhq.com%2Fenpal%2Fe6b5423f-66fb-4fab-8784-d5e4744c3383"
"FinanzCheck","Quereinsteiger Kreditvertrieb Berlin (w/m/d)","Junior","Berlin","Berlin","2026-01-08T07:42:15-05:00","https://www.finanzcheck.de/jobs/?gh_jid=7581974003","https://careerkit.me/api/apply?src=github-dach&company=finanzcheck&url=https%3A%2F%2Fwww.finanzcheck.de%2Fjobs%2F%3Fgh_jid%3D7581974003"
"HelloFresh","Junior Recipe Developer (all genders)","Junior","Berlin","Berlin, Berlin, Germany","2026-09-03T16:49:44-04:00","https://careers.hellofresh.com/global/en/job/8159710?gh_jid=8159710","https://careerkit.me/api/apply?src=github-dach&company=hellofresh&url=https%3A%2F%2Fcareers.hellofresh.com%2Fglobal%2Fen%2Fjob%2F8159710%3Fgh_jid%3D8159710"
"HelloFresh","Junior Food Stylist - (x/f/m)","Junior","Berlin","Berlin, Berlin, Germany","2026-09-02T10:17:58-04:00","https://careers.hellofresh.com/global/en/job/8169165?gh_jid=8169165","https://careerkit.me/api/apply?src=github-dach&company=hellofresh&url=https%3A%2F%2Fcareers.hellofresh.com%2Fglobal%2Fen%2Fjob%2F8169165%3Fgh_jid%3D8169165"
"HelloFresh","Junior Cook/Koch (x/f/m)","Junior","Berlin","Berlin, Berlin, Germany","2026-08-31T09:39:01-04:00","https://careers.hellofresh.com/global/en/job/8156206?gh_jid=8156206","https://careerkit.me/api/apply?src=github-dach&company=hellofresh&url=https%3A%2F%2Fcareers.hellofresh.com%2Fglobal%2Fen%2Fjob%2F8156206%3Fgh_jid%3D8156206"
"Helsing","Junior Software Engineer","Junior","Berlin","Berlin; London; Munich","2026-09-15T06:36:55-04:00","https://helsing.ai/jobs/4976480101?gh_jid=4976480101","https://careerkit.me/api/apply?src=github-dach&company=helsing&url=https%3A%2F%2Fhelsing.ai%2Fjobs%2F4976480101%3Fgh_jid%3D4976480101"
"N26","Junior Android Engineer - Payments","Junior","Berlin","Berlin, Barcelona","2026-09-07T12:04:59-04:00","https://n26.com/en-eu/careers/positions/8163941?gh_jid=8163941","https://careerkit.me/api/apply?src=github-dach&company=n26&url=https%3A%2F%2Fn26.com%2Fen-eu%2Fcareers%2Fpositions%2F8163941%3Fgh_jid%3D8163941"
"N26","Junior iOS Engineer - Payments","Junior","Berlin","Berlin","2026-09-01T10:55:07-04:00","https://n26.com/en-eu/careers/positions/8163939?gh_jid=8163939","https://careerkit.me/api/apply?src=github-dach&company=n26&url=https%3A%2F%2Fn26.com%2Fen-eu%2Fcareers%2Fpositions%2F8163939%3Fgh_jid%3D8163939"
"Parloa","Junior Accountant, Accounts Payable","Junior","Berlin","Berlin Office","2026-08-20T15:59:59-04:00","https://job-boards.eu.greenhouse.io/parloa/jobs/4957430101","https://careerkit.me/api/apply?src=github-dach&company=parloa&url=https%3A%2F%2Fjob-boards.eu.greenhouse.io%2Fparloa%2Fjobs%2F4957430101"
"Raisin","Junior Customer Service Agent – Dutch Speaking (m/f/d)","Junior","Berlin","Berlin, Berlin, Germany","2026-09-24T12:20:37-04:00","https://job-boards.eu.greenhouse.io/raisin/jobs/4979557101","https://careerkit.me/api/apply?src=github-dach&company=raisin&url=https%3A%2F%2Fjob-boards.eu.greenhouse.io%2Fraisin%2Fjobs%2F4979557101"
"Raisin","Junior CS Agent – German Speaking (m/f/d)","Junior","Berlin","Berlin, Berlin, Germany","2026-09-23T07:22:35-04:00","https://job-boards.eu.greenhouse.io/raisin/jobs/4981597101","https://careerkit.me/api/apply?src=github-dach&company=raisin&url=https%3A%2F%2Fjob-boards.eu.greenhouse.io%2Fraisin%2Fjobs%2F4981597101"
"Raisin","(Junior) CS Operations Manager- Complaints Management (m/f/d)","Junior","Berlin","Berlin, Berlin, Germany","2026-09-11T10:32:39-04:00","https://job-boards.eu.greenhouse.io/raisin/jobs/4952227101","https://careerkit.me/api/apply?src=github-dach&company=raisin&url=https%3A%2F%2Fjob-boards.eu.greenhouse.io%2Fraisin%2Fjobs%2F4952227101"
"SIXT","Management Trainee Filiale (m/w/d) Region Ost","Junior","Berlin","Berlin, BE, Germany","2026-07-29T07:44:43.301Z","https://jobs.smartrecruiters.com/sixt/744000140400051","https://careerkit.me/api/apply?src=github-dach&company=sixt&url=https%3A%2F%2Fjobs.smartrecruiters.com%2Fsixt%2F744000140400051"
"Sopra Steria","Junior IT-Professional im Energiesektor (m/w/d)","Junior","Berlin","Berlin, Leipzig, , Germany","2026-07-03T12:40:28.789Z","https://jobs.smartrecruiters.com/SopraSteria1/744000135725077","https://careerkit.me/api/apply?src=github-dach&company=sopra-steria&url=https%3A%2F%2Fjobs.smartrecruiters.com%2FSopraSteria1%2F744000135725077"
"SumUp","Junior Complaints & Compliance Specialist","Junior","Berlin","Berlin, Germany","2026-09-14T14:05:49-04:00","https://sumup.com/careers/positions/8799284002?gh_jid=8799284002","https://careerkit.me/api/apply?src=github-dach&company=sumup&url=https%3A%2F%2Fsumup.com%2Fcareers%2Fpositions%2F8799284002%3Fgh_jid%3D8799284002"
"veeva","Associate Consultant - Entry-Level Technology Consulting","Junior","Berlin","Germany - Berlin / Germany - Berlin","2026-08-28T19:17:05.473Z","https://jobs.lever.co/veeva/2355b29e-65d6-4dd8-be93-f5289960e05c","https://careerkit.me/api/apply?src=github-dach&company=veeva&url=https%3A%2F%2Fjobs.lever.co%2Fveeva%2F2355b29e-65d6-4dd8-be93-f5289960e05c"
"veeva","Associate Technical Consultant - Entry-Level Consulting","Junior","Berlin","Germany - Berlin / Germany - Berlin","2026-03-24T18:54:15.454Z","https://jobs.lever.co/veeva/e9ce0011-8df8-4d86-aeaf-658ba48122be","https://careerkit.me/api/apply?src=github-dach&company=veeva&url=https%3A%2F%2Fjobs.lever.co%2Fveeva%2Fe9ce0011-8df8-4d86-aeaf-658ba48122be"
"1KOMMA5°","Internship AI & Automation - Energy (m/f/d)","Praktikum","Berlin","Berlin / Hamburg / München","2026-09-16T21:54:04+00:00","https://1komma5grad.jobs.personio.de/job/2800670","https://careerkit.me/api/apply?src=github-dach&company=1komma5&url=https%3A%2F%2F1komma5grad.jobs.personio.de%2Fjob%2F2800670"
"1KOMMA5°","Praktikant:in Policy & Regulatory Affairs (m/w/d)","Praktikum","Berlin","Berlin","2026-09-14T11:33:54+00:00","https://1komma5grad.jobs.personio.de/job/2795517","https://careerkit.me/api/apply?src=github-dach&company=1komma5&url=https%3A%2F%2F1komma5grad.jobs.personio.de%2Fjob%2F2795517"
"1KOMMA5°","Praktikant:in - Sales/Marketing (m/w/d)","Praktikum","Berlin","Berlin","2026-08-10T13:08:35+00:00","https://1komma5grad.jobs.personio.de/job/2747863","https://careerkit.me/api/apply?src=github-dach&company=1komma5&url=https%3A%2F%2F1komma5grad.jobs.personio.de%2Fjob%2F2747863"
"1KOMMA5°","Praktikant:in Projektkoordination Wärmepumpe (m/w/d) - Berlin / Remote","Praktikum","Berlin","Berlin / Remote","2026-08-06T08:00:03+00:00","https://1komma5grad.jobs.personio.de/job/2743822","https://careerkit.me/api/apply?src=github-dach&company=1komma5&url=https%3A%2F%2F1komma5grad.jobs.personio.de%2Fjob%2F2743822"
"1KOMMA5°","Internship Product Management - Heatpump (m/w/d)","Praktikum","Berlin","Berlin / Remote / Hamburg","2026-07-17T10:54:39+00:00","https://1komma5grad.jobs.personio.de/job/2716910","https://careerkit.me/api/apply?src=github-dach&company=1komma5&url=https%3A%2F%2F1komma5grad.jobs.personio.de%2Fjob%2F2716910"
"1KOMMA5°","Internship Global Product Management (m/f/d)","Praktikum","Berlin","Remote / Hamburg / Berlin / München","2026-07-13T12:29:40+00:00","https://1komma5grad.jobs.personio.de/job/2709491","https://careerkit.me/api/apply?src=github-dach&company=1komma5&url=https%3A%2F%2F1komma5grad.jobs.personio.de%2Fjob%2F2709491"
"1KOMMA5°","Praktikum Produktmanagement - Wärmepumpe (m/w/d)","Praktikum","Berlin","Berlin / Remote / Hamburg","2026-05-20T13:22:03+00:00","https://1komma5grad.jobs.personio.de/job/2642816","https://careerkit.me/api/apply?src=github-dach&company=1komma5&url=https%3A%2F%2F1komma5grad.jobs.personio.de%2Fjob%2F2642816"
"1KOMMA5°","Praktikant:in (m/w/d) technische Planung Wärmepumpen - Remote, München, Berlin, Hamburg","Praktikum","Berlin","Remote / Hamburg / Berlin / München","2026-03-03T14:16:45+00:00","https://1komma5grad.jobs.personio.de/job/2551934","https://careerkit.me/api/apply?src=github-dach&company=1komma5&url=https%3A%2F%2F1komma5grad.jobs.personio.de%2Fjob%2F2551934"
"1KOMMA5°","Praktikant:in Sales (m/w/d) - Heartbeat","Praktikum","Berlin","Berlin","2026-03-03T16:07:24+00:00","https://1komma5grad.jobs.personio.de/job/2552130","https://careerkit.me/api/apply?src=github-dach&company=1komma5&url=https%3A%2F%2F1komma5grad.jobs.personio.de%2Fjob%2F2552130"
"1KOMMA5°","Internship Global Product Management Hardware & AI Enablement (m/w/d)","Praktikum","Berlin","Berlin","2025-11-14T14:09:06+00:00","https://1komma5grad.jobs.personio.de/job/2428289","https://careerkit.me/api/apply?src=github-dach&company=1komma5&url=https%3A%2F%2F1komma5grad.jobs.personio.de%2Fjob%2F2428289"
"1KOMMA5°","Praktikant:in Produkt Management & AI Enablement - Solar (m/w/d)","Praktikum","Berlin","Berlin","2025-10-14T11:59:47+00:00","https://1komma5grad.jobs.personio.de/job/2385167","https://careerkit.me/api/apply?src=github-dach&company=1komma5&url=https%3A%2F%2F1komma5grad.jobs.personio.de%2Fjob%2F2385167"
"1KOMMA5°","Internship Process & Operations - Energy (m/f/d)","Praktikum","Berlin","Berlin / Remote / Hamburg / München","2025-09-25T11:39:49+00:00","https://1komma5grad.jobs.personio.de/job/2362808","https://careerkit.me/api/apply?src=github-dach&company=1komma5&url=https%3A%2F%2F1komma5grad.jobs.personio.de%2Fjob%2F2362808"
"AbbVie","Praktikum im Bereich Government Affairs (all genders)","Praktikum","Berlin","Berlin, BE, Germany","2026-07-28T12:55:46.647Z","https://jobs.smartrecruiters.com/abbvie/3743990014312747","https://careerkit.me/api/apply?src=github-dach&company=abbvie&url=https%3A%2F%2Fjobs.smartrecruiters.com%2Fabbvie%2F3743990014312747"
"Agicap","Sales Development Representative Internship DACH - 6 Months (m/f/d)","Praktikum","Berlin","Berlin 🇩🇪 / Berlin 🇩🇪","2023-01-30T14:03:36.415Z","https://jobs.lever.co/agicap/0dc45539-9234-47bd-9bd0-1408a0218890","https://careerkit.me/api/apply?src=github-dach&company=agicap&url=https%3A%2F%2Fjobs.lever.co%2Fagicap%2F0dc45539-9234-47bd-9bd0-1408a0218890"
"Bosch Group","Praktikum im Projektcontrolling/-management","Praktikum","Berlin","Berlin, BE, Germany","2026-08-18T04:50:16.529Z","https://jobs.smartrecruiters.com/BoschGroup/744000143979739","https://careerkit.me/api/apply?src=github-dach&company=bosch-group&url=https%3A%2F%2Fjobs.smartrecruiters.com%2FBoschGroup%2F744000143979739"
"Doctolib","Medical Data Intern (x/f/m)","Praktikum","Berlin","Berlin, Berlin, Germany","2026-09-22T10:45:06-04:00","https://job-boards.greenhouse.io/doctolib/jobs/7996918003","https://careerkit.me/api/apply?src=github-dach&company=doctolib&url=https%3A%2F%2Fjob-boards.greenhouse.io%2Fdoctolib%2Fjobs%2F7996918003"
"Doctolib","Praktikum Inside Sales (x/f/m)","Praktikum","Berlin","Berlin, Berlin, Germany","2026-07-10T07:59:33-04:00","https://job-boards.greenhouse.io/doctolib/jobs/7799489003","https://careerkit.me/api/apply?src=github-dach&company=doctolib&url=https%3A%2F%2Fjob-boards.greenhouse.io%2Fdoctolib%2Fjobs%2F7799489003"
"Enpal","Praktikant:in (w/m/d) - für Integration und Deutschsprachlehre","Praktikum","Berlin","Berlin","2026-09-11T07:11:36.391+00:00","https://jobs.ashbyhq.com/enpal/cbcd1fa5-d2ea-4e84-bec1-e76f9eef7a2e","https://careerkit.me/api/apply?src=github-dach&company=enpal&url=https%3A%2F%2Fjobs.ashbyhq.com%2Fenpal%2Fcbcd1fa5-d2ea-4e84-bec1-e76f9eef7a2e"
"Enpal","Venture Building Internship - New Venture (w/m/d)","Praktikum","Berlin","Berlin","2026-09-08T11:25:30.383+00:00","https://jobs.ashbyhq.com/enpal/9307b657-2c7b-4bd4-961e-0b505abc3ac2","https://careerkit.me/api/apply?src=github-dach&company=enpal&url=https%3A%2F%2Fjobs.ashbyhq.com%2Fenpal%2F9307b657-2c7b-4bd4-961e-0b505abc3ac2"
"Enpal","Strategic Projects Internship (w/m/d)","Praktikum","Berlin","Berlin","2026-09-07T12:29:03.487+00:00","https://jobs.ashbyhq.com/enpal/26dd9ac1-c79a-4179-abb1-18694453ccb4","https://careerkit.me/api/apply?src=github-dach&company=enpal&url=https%3A%2F%2Fjobs.ashbyhq.com%2Fenpal%2F26dd9ac1-c79a-4179-abb1-18694453ccb4"
"Enpal","Inhouse Consulting Internship (w/m/d)","Praktikum","Berlin","Berlin","2026-09-02T11:28:44.701+00:00","https://jobs.ashbyhq.com/enpal/957f224f-cef5-48cd-887c-0e2d2d822435","https://careerkit.me/api/apply?src=github-dach&company=enpal&url=https%3A%2F%2Fjobs.ashbyhq.com%2Fenpal%2F957f224f-cef5-48cd-887c-0e2d2d822435"
"Enpal","Venture Development Intern (w/m/d)","Praktikum","Berlin","Berlin","2026-08-26T13:35:23.151+00:00","https://jobs.ashbyhq.com/enpal/5e53a3ab-c784-41d2-92a1-a103b92147e7","https://careerkit.me/api/apply?src=github-dach&company=enpal&url=https%3A%2F%2Fjobs.ashbyhq.com%2Fenpal%2F5e53a3ab-c784-41d2-92a1-a103b92147e7"
"Enpal","Intern Venture Development (w/m/d)","Praktikum","Berlin","Berlin","2026-08-25T12:54:15.356+00:00","https://jobs.ashbyhq.com/enpal/e4e82adb-9bab-4a05-b6d3-4cb8fd1b84f6","https://careerkit.me/api/apply?src=github-dach&company=enpal&url=https%3A%2F%2Fjobs.ashbyhq.com%2Fenpal%2Fe4e82adb-9bab-4a05-b6d3-4cb8fd1b84f6"
"Enpal","Business Operations Internship (w/m/d)","Praktikum","Berlin","Berlin","2026-08-14T15:46:16.699+00:00","https://jobs.ashbyhq.com/enpal/b75bf6b5-f1af-4a3c-9ead-33e9ab819b85","https://careerkit.me/api/apply?src=github-dach&company=enpal&url=https%3A%2F%2Fjobs.ashbyhq.com%2Fenpal%2Fb75bf6b5-f1af-4a3c-9ead-33e9ab819b85"
"Enpal","Growth Intern (w/m/d)","Praktikum","Berlin","Berlin","2026-06-24T08:07:18.495+00:00","https://jobs.ashbyhq.com/enpal/01d697a0-6c0c-4e2e-8bd1-296c71e4494a","https://careerkit.me/api/apply?src=github-dach&company=enpal&url=https%3A%2F%2Fjobs.ashbyhq.com%2Fenpal%2F01d697a0-6c0c-4e2e-8bd1-296c71e4494a"
"Everphone","Praktikant*in - Business Development (w/m/d)","Praktikum","Berlin","Berlin Köpenicker Straße 154, 10997 Berlin","2024-10-28T10:43:00+00:00","https://everphone.jobs.personio.de/job/1794417","https://careerkit.me/api/apply?src=github-dach&company=everphone&url=https%3A%2F%2Feverphone.jobs.personio.de%2Fjob%2F1794417"
"HelloFresh","Editorial Operations Intern (all genders)","Praktikum","Berlin","Berlin, Berlin, Germany","2026-09-10T09:14:31-04:00","https://careers.hellofresh.com/global/en/job/8169099?gh_jid=8169099","https://careerkit.me/api/apply?src=github-dach&company=hellofresh&url=https%3A%2F%2Fcareers.hellofresh.com%2Fglobal%2Fen%2Fjob%2F8169099%3Fgh_jid%3D8169099"
"Helsing","AI Research Intern (PhD) – 3D Computer Vision","Praktikum","Berlin","Barcelona; Berlin; London; Munich; Paris","2026-07-30T13:19:19-04:00","https://helsing.ai/jobs/4941957101?gh_jid=4941957101","https://careerkit.me/api/apply?src=github-dach&company=helsing&url=https%3A%2F%2Fhelsing.ai%2Fjobs%2F4941957101%3Fgh_jid%3D4941957101"
"Solaris","AFC Intern","Praktikum","Berlin","Berlin","2026-09-14T09:08:55-04:00","https://job-boards.greenhouse.io/solarisbank/jobs/8805758002","https://careerkit.me/api/apply?src=github-dach&company=solaris&url=https%3A%2F%2Fjob-boards.greenhouse.io%2Fsolarisbank%2Fjobs%2F8805758002"
"Solaris","Quality Assurance and Training Intern","Praktikum","Berlin","Berlin","2026-07-23T14:40:15-04:00","https://job-boards.greenhouse.io/solarisbank/jobs/8647696002","https://careerkit.me/api/apply?src=github-dach&company=solaris&url=https%3A%2F%2Fjob-boards.greenhouse.io%2Fsolarisbank%2Fjobs%2F8647696002"
"SumUp","Motion Design Intern - Brand & Marketing","Praktikum","Berlin","Berlin, Germany","2026-08-26T12:46:27-04:00","https://sumup.com/careers/positions/8690943002?gh_jid=8690943002","https://careerkit.me/api/apply?src=github-dach&company=sumup&url=https%3A%2F%2Fsumup.com%2Fcareers%2Fpositions%2F8690943002%3Fgh_jid%3D8690943002"
"SumUp","Brand & Marketing Design Intern","Praktikum","Berlin","Berlin, Germany","2026-07-23T04:20:02-04:00","https://sumup.com/careers/positions/8615894002?gh_jid=8615894002","https://careerkit.me/api/apply?src=github-dach&company=sumup&url=https%3A%2F%2Fsumup.com%2Fcareers%2Fpositions%2F8615894002%3Fgh_jid%3D8615894002"
"Upvest","Network Intern (f/m/d)","Praktikum","Berlin","Berlin","2026-09-08T09:30:15.956+00:00","https://jobs.ashbyhq.com/upvest/72f4b7e0-cb4f-45bf-a5ac-1edb22b2c9b2","https://careerkit.me/api/apply?src=github-dach&company=upvest&url=https%3A%2F%2Fjobs.ashbyhq.com%2Fupvest%2F72f4b7e0-cb4f-45bf-a5ac-1edb22b2c9b2"
"Upvest","Client Experience Intern (f/m/d)","Praktikum","Berlin","Berlin","2026-08-13T12:44:25.174+00:00","https://jobs.ashbyhq.com/upvest/ac756148-3487-4438-a5eb-299c868eb1aa","https://careerkit.me/api/apply?src=github-dach&company=upvest&url=https%3A%2F%2Fjobs.ashbyhq.com%2Fupvest%2Fac756148-3487-4438-a5eb-299c868eb1aa"
"Upvest","Operations Intern for AVD (Altersvorsorgedepot) (f/m/d)","Praktikum","Berlin","Berlin","2026-08-13T12:18:54.226+00:00","https://jobs.ashbyhq.com/upvest/b7229576-e222-48c1-8c95-771d45477acf","https://careerkit.me/api/apply?src=github-dach&company=upvest&url=https%3A%2F%2Fjobs.ashbyhq.com%2Fupvest%2Fb7229576-e222-48c1-8c95-771d45477acf"
"Urban Sports Club","Product Design Intern, Design System (all genders)","Praktikum","Berlin","Berlin","2026-09-21T04:57:41-04:00","https://job-boards.greenhouse.io/urbansportsclub/jobs/8816095002","https://careerkit.me/api/apply?src=github-dach&company=urban-sports-club&url=https%3A%2F%2Fjob-boards.greenhouse.io%2Furbansportsclub%2Fjobs%2F8816095002"
"1KOMMA5°","Werkstudent:in Operational Excellence (m/w/d)","Werkstudent","Berlin","Remote / Hamburg / Berlin","2026-09-23T11:29:43+00:00","https://1komma5grad.jobs.personio.de/job/2810780","https://careerkit.me/api/apply?src=github-dach&company=1komma5&url=https%3A%2F%2F1komma5grad.jobs.personio.de%2Fjob%2F2810780"
"1KOMMA5°","Working Student Designer (Design System) – Heartbeat AI (m/f/d)","Werkstudent","Berlin","Berlin / Remote / Hamburg / München","2026-09-21T05:56:29+00:00","https://1komma5grad.jobs.personio.de/job/2804894","https://careerkit.me/api/apply?src=github-dach&company=1komma5&url=https%3A%2F%2F1komma5grad.jobs.personio.de%2Fjob%2F2804894"
"1KOMMA5°","Go-to-Market Working Student (m/f/d)","Werkstudent","Berlin","Remote / Berlin","2026-09-14T12:05:46+00:00","https://1komma5grad.jobs.personio.de/job/2795601","https://careerkit.me/api/apply?src=github-dach&company=1komma5&url=https%3A%2F%2F1komma5grad.jobs.personio.de%2Fjob%2F2795601"
"1KOMMA5°","Werkstudent:in Policy & Regulatory Affairs (m/w/d)","Werkstudent","Berlin","Berlin","2026-09-14T11:13:32+00:00","https://1komma5grad.jobs.personio.de/job/2795476","https://careerkit.me/api/apply?src=github-dach&company=1komma5&url=https%3A%2F%2F1komma5grad.jobs.personio.de%2Fjob%2F2795476"
"1KOMMA5°","Working Student – AI Process & Business Excellence (m/f/d)","Werkstudent","Berlin","Remote / Hamburg / Berlin / München","2026-09-09T12:32:41+00:00","https://1komma5grad.jobs.personio.de/job/2789465","https://careerkit.me/api/apply?src=github-dach&company=1komma5&url=https%3A%2F%2F1komma5grad.jobs.personio.de%2Fjob%2F2789465"
"1KOMMA5°","Werkstudent:in Community Management (m/w/d)","Werkstudent","Berlin","Hamburg / Berlin / Hamburg Remote / Berlin (Remote)","2026-09-08T14:00:12+00:00","https://1komma5grad.jobs.personio.de/job/2786604","https://careerkit.me/api/apply?src=github-dach&company=1komma5&url=https%3A%2F%2F1komma5grad.jobs.personio.de%2Fjob%2F2786604"
"1KOMMA5°","Werkstudent:in Projektkoordination Wärmepumpe (m/w/d) - Berlin / Remote","Werkstudent","Berlin","Berlin / Remote","2026-08-20T14:25:30+00:00","https://1komma5grad.jobs.personio.de/job/2761994","https://careerkit.me/api/apply?src=github-dach&company=1komma5&url=https%3A%2F%2F1komma5grad.jobs.personio.de%2Fjob%2F2761994"
"1KOMMA5°","Working Student Product Management Energy Products & Tariffs (m/f/d)","Werkstudent","Berlin","Berlin / Hamburg / München","2026-07-28T08:32:16+00:00","https://1komma5grad.jobs.personio.de/job/2731209","https://careerkit.me/api/apply?src=github-dach&company=1komma5&url=https%3A%2F%2F1komma5grad.jobs.personio.de%2Fjob%2F2731209"
"1KOMMA5°","Werkstudent:in Produktmanagement - Wärmepumpe (m/w/d)","Werkstudent","Berlin","Berlin / Remote / Hamburg","2026-07-17T10:54:20+00:00","https://1komma5grad.jobs.personio.de/job/2716909","https://careerkit.me/api/apply?src=github-dach&company=1komma5&url=https%3A%2F%2F1komma5grad.jobs.personio.de%2Fjob%2F2716909"
"1KOMMA5°","Werkstudent:in - Search Engine Optimization (SEO) (m/w/d)","Werkstudent","Berlin","Berlin / Remote","2026-07-10T09:41:36+00:00","https://1komma5grad.jobs.personio.de/job/2707581","https://careerkit.me/api/apply?src=github-dach&company=1komma5&url=https%3A%2F%2F1komma5grad.jobs.personio.de%2Fjob%2F2707581"
"1KOMMA5°","Werkstudent (m/w/d) Projektmanagement für New Energy Großprojekte - Remote - 1KOMMA5° Commercial Solutions GmbH","Werkstudent","Berlin","Remote / Hamburg / Berlin / München","2026-06-04T09:39:46+00:00","https://1komma5grad.jobs.personio.de/job/2658511","https://careerkit.me/api/apply?src=github-dach&company=1komma5&url=https%3A%2F%2F1komma5grad.jobs.personio.de%2Fjob%2F2658511"
"1KOMMA5°","Werkstudent:in Growth Marketing (m/w/d)","Werkstudent","Berlin","Berlin / Hamburg","2026-05-22T15:12:06+00:00","https://1komma5grad.jobs.personio.de/job/2645747","https://careerkit.me/api/apply?src=github-dach&company=1komma5&url=https%3A%2F%2F1komma5grad.jobs.personio.de%2Fjob%2F2645747"
"1KOMMA5°","Working Student - AI Product Designer (m/f/d)","Werkstudent","Berlin","Berlin / Remote / Hamburg / München","2026-04-10T07:12:16+00:00","https://1komma5grad.jobs.personio.de/job/2597370","https://careerkit.me/api/apply?src=github-dach&company=1komma5&url=https%3A%2F%2F1komma5grad.jobs.personio.de%2Fjob%2F2597370"
"1KOMMA5°","Werkstudent:in Process & Operations - Energy (m/w/d)","Werkstudent","Berlin","Berlin / Hamburg / München","2025-10-07T08:20:00+00:00","https://1komma5grad.jobs.personio.de/job/2376808","https://careerkit.me/api/apply?src=github-dach&company=1komma5&url=https%3A%2F%2F1komma5grad.jobs.personio.de%2Fjob%2F2376808"
"1KOMMA5°","Werkstudent:in (m/w/d) technische Planung Wärmepumpen - Remote, München, Berlin, Hamburg","Werkstudent","Berlin","München / Hamburg / Berlin","2024-10-23T11:18:35+00:00","https://1komma5grad.jobs.personio.de/job/1788852","https://careerkit.me/api/apply?src=github-dach&company=1komma5&url=https%3A%2F%2F1komma5grad.jobs.personio.de%2Fjob%2F1788852"
"Alpiq","Working Student Operations (all)","Werkstudent","Berlin","Berlin","2026-09-16T09:53:39.888Z","https://alpiq.wd103.myworkdayjobs.com/AlpiqWorkdayExternalCareers/job/Berlin/Working-Student-Operations--all-_R-10164","https://careerkit.me/api/apply?src=github-dach&company=alpiq&url=https%3A%2F%2Falpiq.wd103.myworkdayjobs.com%2FAlpiqWorkdayExternalCareers%2Fjob%2FBerlin%2FWorking-Student-Operations--all-_R-10164"
"Avaloq","Working Student Manuelle Kursversorgung","Werkstudent","Berlin","Berlin, , Germany","2026-08-26T14:04:49.510Z","https://jobs.smartrecruiters.com/avaloq1/744000145754119","https://careerkit.me/api/apply?src=github-dach&company=avaloq&url=https%3A%2F%2Fjobs.smartrecruiters.com%2Favaloq1%2F744000145754119"
"Bosch Group","Werkstudent für das Thema Klimawandel (w/m/div.)","Werkstudent","Berlin","Berlin, BE, Germany","2026-09-22T05:46:52.739Z","https://jobs.smartrecruiters.com/BoschGroup/744000150934829","https://careerkit.me/api/apply?src=github-dach&company=bosch-group&url=https%3A%2F%2Fjobs.smartrecruiters.com%2FBoschGroup%2F744000150934829"
"Bosch Group","Werkstudent für den Bereich Bildung (w/m/div.)","Werkstudent","Berlin","Berlin, BE, Germany","2026-08-28T12:33:16.942Z","https://jobs.smartrecruiters.com/BoschGroup/744000146175280","https://careerkit.me/api/apply?src=github-dach&company=bosch-group&url=https%3A%2F%2Fjobs.smartrecruiters.com%2FBoschGroup%2F744000146175280"
"Doctolib","Working Student - IT Asset & Stock Management (x/f/m)","Werkstudent","Berlin","Berlin, Berlin, Germany","2026-09-22T11:36:08-04:00","https://job-boards.greenhouse.io/doctolib/jobs/8000944003","https://careerkit.me/api/apply?src=github-dach&company=doctolib&url=https%3A%2F%2Fjob-boards.greenhouse.io%2Fdoctolib%2Fjobs%2F8000944003"
"Drees & Sommer SE","Werkstudent (w/m/d) Infrastrukturberatung – Projektsteuerung","Werkstudent","Berlin","Berlin, BE, Germany","2026-09-24T14:49:53.465Z","https://jobs.smartrecruiters.com/DreesSommerSE/744000151643219","https://careerkit.me/api/apply?src=github-dach&company=drees-sommer-se&url=https%3A%2F%2Fjobs.smartrecruiters.com%2FDreesSommerSE%2F744000151643219"
"Drees & Sommer SE","Werkstudent (w/m/d) Resilienz- und Sicherheitsberatung","Werkstudent","Berlin","Berlin, BE, Germany","2026-09-24T14:10:47.520Z","https://jobs.smartrecruiters.com/DreesSommerSE/744000151631064","https://careerkit.me/api/apply?src=github-dach&company=drees-sommer-se&url=https%3A%2F%2Fjobs.smartrecruiters.com%2FDreesSommerSE%2F744000151631064"
"Drees & Sommer SE","Werkstudent (w/m/d) IT-Support","Werkstudent","Berlin","Berlin, BE, Germany","2026-09-15T10:07:07.571Z","https://jobs.smartrecruiters.com/DreesSommerSE/744000149559109","https://careerkit.me/api/apply?src=github-dach&company=drees-sommer-se&url=https%3A%2F%2Fjobs.smartrecruiters.com%2FDreesSommerSE%2F744000149559109"
"Drees & Sommer SE","Werkstudent (w/m/d) Vertrags- und Claim Management","Werkstudent","Berlin","Berlin, BE, Germany","2026-08-20T13:43:49.455Z","https://jobs.smartrecruiters.com/DreesSommerSE/744000144561199","https://careerkit.me/api/apply?src=github-dach&company=drees-sommer-se&url=https%3A%2F%2Fjobs.smartrecruiters.com%2FDreesSommerSE%2F744000144561199"
"Drees & Sommer SE","Praktikant/Werkstudent (w/m/d) Projektmanagement Hochbau","Werkstudent","Berlin","Berlin, BE, Germany","2026-05-26T08:13:06.145Z","https://jobs.smartrecruiters.com/DreesSommerSE/744000128419336","https://careerkit.me/api/apply?src=github-dach&company=drees-sommer-se&url=https%3A%2F%2Fjobs.smartrecruiters.com%2FDreesSommerSE%2F744000128419336"
"Enpal","Werkstudent:in Kundenbetreuer:in (w/m/d)","Werkstudent","Berlin","Berlin / Remote","2026-09-07T12:13:01.304+00:00","https://jobs.ashbyhq.com/enpal/4e7de8c5-5356-43f6-99ac-323b52efbc2b","https://careerkit.me/api/apply?src=github-dach&company=enpal&url=https%3A%2F%2Fjobs.ashbyhq.com%2Fenpal%2F4e7de8c5-5356-43f6-99ac-323b52efbc2b"
"Enpal","Working Student Venture Development Tech (w/m/d)","Werkstudent","Berlin","Berlin","2026-09-04T13:28:45.800+00:00","https://jobs.ashbyhq.com/enpal/29785f9d-0c3a-43d0-8f37-37ec052cbffa","https://careerkit.me/api/apply?src=github-dach&company=enpal&url=https%3A%2F%2Fjobs.ashbyhq.com%2Fenpal%2F29785f9d-0c3a-43d0-8f37-37ec052cbffa"
"Enpal","Werkstudent:in Office Management (w/m/d)","Werkstudent","Berlin","Berlin","2026-09-01T09:56:20.383+00:00","https://jobs.ashbyhq.com/enpal/a0d3e16c-5af5-4099-8117-a1aaccd61348","https://careerkit.me/api/apply?src=github-dach&company=enpal&url=https%3A%2F%2Fjobs.ashbyhq.com%2Fenpal%2Fa0d3e16c-5af5-4099-8117-a1aaccd61348"
"Flix","Working Student","Werkstudent","Berlin","Berlin","2026-09-14T08:38:11-04:00","https://flix.careers/job/8795412002?gh_jid=8795412002","https://careerkit.me/api/apply?src=github-dach&company=flix&url=https%3A%2F%2Fflix.careers%2Fjob%2F8795412002%3Fgh_jid%3D8795412002"
"GE Vernova","Werkstudent im Bereich Engineering - Softwarebibliotheken (m/w/d)","Werkstudent","Berlin","Berlin","2026-08-26T09:54:02.930Z","https://gevernova.wd5.myworkdayjobs.com/Vernova_ExternalSite/job/Berlin/Werkstudent-im-Bereich-Engineering---Softwarebibliotheken--m-w-d-_R5032319-2","https://careerkit.me/api/apply?src=github-dach&company=ge-vernova&url=https%3A%2F%2Fgevernova.wd5.myworkdayjobs.com%2FVernova_ExternalSite%2Fjob%2FBerlin%2FWerkstudent-im-Bereich-Engineering---Softwarebibliotheken--m-w-d-_R5032319-2"
"GE Vernova","Werkstudent im Bereich Finance für Supply Chain (m/w/d)","Werkstudent","Berlin","Berlin","2026-08-26T09:54:02.930Z","https://gevernova.wd5.myworkdayjobs.com/Vernova_ExternalSite/job/Berlin/Werkstudent-im-Bereich-Finance-fr-Supply-Chain--m-w-d-_R5041997-2","https://careerkit.me/api/apply?src=github-dach&company=ge-vernova&url=https%3A%2F%2Fgevernova.wd5.myworkdayjobs.com%2FVernova_ExternalSite%2Fjob%2FBerlin%2FWerkstudent-im-Bereich-Finance-fr-Supply-Chain--m-w-d-_R5041997-2"
"GE Vernova","Werkstudent im Bereich Marketing & Communications (m/w/d)","Werkstudent","Berlin","Berlin","2026-08-26T09:54:02.930Z","https://gevernova.wd5.myworkdayjobs.com/Vernova_ExternalSite/job/Berlin/Werkstudent-im-Bereich-Marketing---Communications--m-w-d-_R5037514-2","https://careerkit.me/api/apply?src=github-dach&company=ge-vernova&url=https%3A%2F%2Fgevernova.wd5.myworkdayjobs.com%2FVernova_ExternalSite%2Fjob%2FBerlin%2FWerkstudent-im-Bereich-Marketing---Communications--m-w-d-_R5037514-2"
"GE Vernova","Werkstudent/Praktikant Strategy, Market Intelligence & Business Development (m/w/d)","Werkstudent","Berlin","Berlin","2026-08-26T09:54:02.930Z","https://gevernova.wd5.myworkdayjobs.com/Vernova_ExternalSite/job/Berlin/Werkstudent-Praktikant--Strategy--Market-Intelligence---Business-Development--m-w-d-_R5033685-2","https://careerkit.me/api/apply?src=github-dach&company=ge-vernova&url=https%3A%2F%2Fgevernova.wd5.myworkdayjobs.com%2FVernova_ExternalSite%2Fjob%2FBerlin%2FWerkstudent-Praktikant--Strategy--Market-Intelligence---Business-Development--m-w-d-_R5033685-2"
"HelloFresh","Supply Chain Planning Working Student (all genders)","Werkstudent","Berlin","Berlin, Berlin, Germany","2026-09-24T12:39:21-04:00","https://careers.hellofresh.com/global/en/job/8230924?gh_jid=8230924","https://careerkit.me/api/apply?src=github-dach&company=hellofresh&url=https%3A%2F%2Fcareers.hellofresh.com%2Fglobal%2Fen%2Fjob%2F8230924%3Fgh_jid%3D8230924"
"HelloFresh","Culinary Operations Working Student (all genders)","Werkstudent","Berlin","Berlin, Berlin, Germany","2026-09-23T08:10:21-04:00","https://careers.hellofresh.com/global/en/job/8210829?gh_jid=8210829","https://careerkit.me/api/apply?src=github-dach&company=hellofresh&url=https%3A%2F%2Fcareers.hellofresh.com%2Fglobal%2Fen%2Fjob%2F8210829%3Fgh_jid%3D8210829"
"HelloFresh","Werkstudent Rezeptmanagement (all genders)","Werkstudent","Berlin","Berlin, Berlin, Germany","2026-09-23T08:10:18-04:00","https://careers.hellofresh.com/global/en/job/8226101?gh_jid=8226101","https://careerkit.me/api/apply?src=github-dach&company=hellofresh&url=https%3A%2F%2Fcareers.hellofresh.com%2Fglobal%2Fen%2Fjob%2F8226101%3Fgh_jid%3D8226101"
"HelloFresh","Menu Planner Working Student (all genders)","Werkstudent","Berlin","Berlin, Berlin, Germany","2026-09-10T12:26:37-04:00","https://careers.hellofresh.com/global/en/job/8172859?gh_jid=8172859","https://careerkit.me/api/apply?src=github-dach&company=hellofresh&url=https%3A%2F%2Fcareers.hellofresh.com%2Fglobal%2Fen%2Fjob%2F8172859%3Fgh_jid%3D8172859"
"Hitachi","Werkstudent Softwareentwicklung/Testautomatisierung (m/w/d)","Werkstudent","Berlin","Berlin, Germany","2026-08-26T09:54:30.043Z","https://hitachi.wd1.myworkdayjobs.com/hitachi/job/Berlin-Germany/Werkstudent-Softwareentwicklung-Testautomatisierung--m-w-d-_R1012978","https://careerkit.me/api/apply?src=github-dach&company=hitachi&url=https%3A%2F%2Fhitachi.wd1.myworkdayjobs.com%2Fhitachi%2Fjob%2FBerlin-Germany%2FWerkstudent-Softwareentwicklung-Testautomatisierung--m-w-d-_R1012978"
"JYSK","WERKSTUDENT/IN IM VERKAUF (M/W/D) - Berlin Rosenthal (18 Std)","Werkstudent","Berlin","Berlin, BE, Germany","2026-09-22T05:58:16.981Z","https://jobs.smartrecruiters.com/jysk/744000150935690","https://careerkit.me/api/apply?src=github-dach&company=jysk&url=https%3A%2F%2Fjobs.smartrecruiters.com%2Fjysk%2F744000150935690"
"Oviva","Working Student – AI & Operations","Werkstudent","Berlin","Berlin","2026-09-17T08:38:37.048+00:00","https://jobs.ashbyhq.com/oviva/aed99f4e-6b73-4201-a95c-26e3ae7fa334","https://careerkit.me/api/apply?src=github-dach&company=oviva&url=https%3A%2F%2Fjobs.ashbyhq.com%2Foviva%2Faed99f4e-6b73-4201-a95c-26e3ae7fa334"
"Parloa","Working Student Finance/Accounting","Werkstudent","Berlin","Berlin Office","2026-02-01T11:53:43-05:00","https://job-boards.eu.greenhouse.io/parloa/jobs/4771502101","https://careerkit.me/api/apply?src=github-dach&company=parloa&url=https%3A%2F%2Fjob-boards.eu.greenhouse.io%2Fparloa%2Fjobs%2F4771502101"
"Pierre Fabre Pharma","Werkstudent Digital Marketing & Content Management (m/w/d)","Werkstudent","Berlin","Germany - Berlin","2026-09-10T09:54:38.025Z","https://pierrefabre.wd3.myworkdayjobs.com/External_Career_Site/job/Germany---Berlin/Werkstudent-in-Digital-Marketing---Content-Management_JR110444-1","https://careerkit.me/api/apply?src=github-dach&company=pierre-fabre-pharma&url=https%3A%2F%2Fpierrefabre.wd3.myworkdayjobs.com%2FExternal_Career_Site%2Fjob%2FGermany---Berlin%2FWerkstudent-in-Digital-Marketing---Content-Management_JR110444-1"
"Qonto","Social Media Werkstudent (m/w/d)","Werkstudent","Berlin","Berlin / Berlin","2025-10-21T15:49:10.335Z","https://jobs.lever.co/qonto/cb2053c9-938e-4b73-a3c8-d8d42243b301","https://careerkit.me/api/apply?src=github-dach&company=qonto&url=https%3A%2F%2Fjobs.lever.co%2Fqonto%2Fcb2053c9-938e-4b73-a3c8-d8d42243b301"
"Roche","Werkstudent in der Forschung und Entwicklung (Labor) (m/w/d)","Werkstudent","Berlin","Berlin","2026-08-26T09:54:41.917Z","https://roche.wd3.myworkdayjobs.com/roche-ext/job/Berlin/Werkstudent-in-der-Forschung-und-Entwicklung--Labor---m-w-d-_202607-119792","https://careerkit.me/api/apply?src=github-dach&company=roche&url=https%3A%2F%2Froche.wd3.myworkdayjobs.com%2Froche-ext%2Fjob%2FBerlin%2FWerkstudent-in-der-Forschung-und-Entwicklung--Labor---m-w-d-_202607-119792"
"SIXT","Studentische Teilzeitkraft Autovermietung (m/w/d)","Werkstudent","Berlin","Berlin, BE, Germany","2026-04-08T08:43:19.621Z","https://jobs.smartrecruiters.com/sixt/744000119309017","https://careerkit.me/api/apply?src=github-dach&company=sixt&url=https%3A%2F%2Fjobs.smartrecruiters.com%2Fsixt%2F744000119309017"
"SIXT","Werkstudent Autovermietung (m/w/d)","Werkstudent","Berlin","Berlin, BE, Germany","2026-04-08T08:42:52.117Z","https://jobs.smartrecruiters.com/sixt/744000119308213","https://careerkit.me/api/apply?src=github-dach&company=sixt&url=https%3A%2F%2Fjobs.smartrecruiters.com%2Fsixt%2F744000119308213"
"Solaris","People Operations Working Student","Werkstudent","Berlin","Berlin","2026-09-21T06:36:40-04:00","https://job-boards.greenhouse.io/solarisbank/jobs/8807389002","https://careerkit.me/api/apply?src=github-dach&company=solaris&url=https%3A%2F%2Fjob-boards.greenhouse.io%2Fsolarisbank%2Fjobs%2F8807389002"
"Solaris","Partner Management Working Student","Werkstudent","Berlin","Berlin","2026-09-14T16:16:22-04:00","https://job-boards.greenhouse.io/solarisbank/jobs/8656165002","https://careerkit.me/api/apply?src=github-dach&company=solaris&url=https%3A%2F%2Fjob-boards.greenhouse.io%2Fsolarisbank%2Fjobs%2F8656165002"
"Solaris","Seizures Operations Working Student","Werkstudent","Berlin","Berlin","2026-07-22T11:26:37-04:00","https://job-boards.greenhouse.io/solarisbank/jobs/8645128002","https://careerkit.me/api/apply?src=github-dach&company=solaris&url=https%3A%2F%2Fjob-boards.greenhouse.io%2Fsolarisbank%2Fjobs%2F8645128002"
"Solaris","Lending & Deposits Working Student","Werkstudent","Berlin","Berlin","2026-07-02T14:47:10-04:00","https://job-boards.greenhouse.io/solarisbank/jobs/8591970002","https://careerkit.me/api/apply?src=github-dach&company=solaris&url=https%3A%2F%2Fjob-boards.greenhouse.io%2Fsolarisbank%2Fjobs%2F8591970002"
"Solaris","Customer Support Working Student (f/m/d)","Werkstudent","Berlin","Berlin","2026-06-03T16:46:06-04:00","https://job-boards.greenhouse.io/solarisbank/jobs/8544131002","https://careerkit.me/api/apply?src=github-dach&company=solaris&url=https%3A%2F%2Fjob-boards.greenhouse.io%2Fsolarisbank%2Fjobs%2F8544131002"
"Sopra Steria","Werkstudent für fachliche Unterstützung in Leitstellenlösungen (m/w/d)","Werkstudent","Berlin","Berlin, Frankfurt, , Germany","2026-09-18T09:37:52.070Z","https://jobs.smartrecruiters.com/SopraSteria1/744000150324849","https://careerkit.me/api/apply?src=github-dach&company=sopra-steria&url=https%3A%2F%2Fjobs.smartrecruiters.com%2FSopraSteria1%2F744000150324849"
"Sopra Steria","Werkstudent - Design & Marketing für MyDigitalCar (m/w/d)","Werkstudent","Berlin","Berlin, , Germany","2026-08-27T14:33:44.709Z","https://jobs.smartrecruiters.com/SopraSteria1/744000146004809","https://careerkit.me/api/apply?src=github-dach&company=sopra-steria&url=https%3A%2F%2Fjobs.smartrecruiters.com%2FSopraSteria1%2F744000146004809"
"Sopra Steria","Werkstudent Integration & Service – Schwerpunkt IT (m/w/d)","Werkstudent","Berlin","Berlin, Frankfurt, , Germany","2026-07-17T12:51:49.176Z","https://jobs.smartrecruiters.com/SopraSteria1/744000138324560","https://careerkit.me/api/apply?src=github-dach&company=sopra-steria&url=https%3A%2F%2Fjobs.smartrecruiters.com%2FSopraSteria1%2F744000138324560"
"Tide","Werkstudent:in (m/w/d) – Operations & Office Management","Werkstudent","Berlin","Berlin, Germany","2026-08-28T07:31:39-04:00","https://job-boards.greenhouse.io/tide/jobs/7980213003","https://careerkit.me/api/apply?src=github-dach&company=tide&url=https%3A%2F%2Fjob-boards.greenhouse.io%2Ftide%2Fjobs%2F7980213003"
"Trade Republic","Working Student - Corporate IT & Operations (London/Berlin)","Werkstudent","Berlin","Berlin; London","2026-06-23T07:40:45-04:00","https://traderepublic.com/en-de/about?jobId=7781222003&gh_jid=7781222003","https://careerkit.me/api/apply?src=github-dach&company=trade-republic&url=https%3A%2F%2Ftraderepublic.com%2Fen-de%2Fabout%3FjobId%3D7781222003%26gh_jid%3D7781222003"
"Upvest","Working Student / Intern Accounting (f/m/d)","Werkstudent","Berlin","Berlin","2026-05-11T12:57:37.888+00:00","https://jobs.ashbyhq.com/upvest/ce3bdfe5-ec15-47f3-92dd-5454d74c2415","https://careerkit.me/api/apply?src=github-dach&company=upvest&url=https%3A%2F%2Fjobs.ashbyhq.com%2Fupvest%2Fce3bdfe5-ec15-47f3-92dd-5454d74c2415"
"Kellerhals Carrard Basel","Anwaltspraktikum","Praktikum","Bern","Bern","2025-08-21T10:08:19+00:00","https://kellerhals-carrard.jobs.personio.de/job/2303637","https://careerkit.me/api/apply?src=github-dach&company=kellerhals-carrard-basel&url=https%3A%2F%2Fkellerhals-carrard.jobs.personio.de%2Fjob%2F2303637"
"WSP Switzerland","Praktikant*in im Bereich Betriebs- und Sicherheitsausrüstung (BSA Engineering)","Praktikum","Bern","Bern, CH","2026-05-20T13:38:32+02:00","https://wspcentraleurope.teamtailor.com/jobs/7766205-praktikant-in-im-bereich-betriebs-und-sicherheitsausrustung-bsa-engineering","https://careerkit.me/api/apply?src=github-dach&company=wsp-switzerland&url=https%3A%2F%2Fwspcentraleurope.teamtailor.com%2Fjobs%2F7766205-praktikant-in-im-bereich-betriebs-und-sicherheitsausrustung-bsa-engineering"
"RetinAI","Social Media (Werkstudent)","Werkstudent","Bern","Bern","2016-10-31T20:03:06+00:00","https://retinai.jobs.personio.de/job/652143","https://careerkit.me/api/apply?src=github-dach&company=retinai&url=https%3A%2F%2Fretinai.jobs.personio.de%2Fjob%2F652143"
"SIXT","Management Trainee Filiale (m/w/d) Region West","Junior","Bochum","Bochum, NRW, Germany","2026-09-24T14:17:39.184Z","https://jobs.smartrecruiters.com/sixt/744000151633469","https://careerkit.me/api/apply?src=github-dach&company=sixt&url=https%3A%2F%2Fjobs.smartrecruiters.com%2Fsixt%2F744000151633469"
"Drees & Sommer SE","Junior Ingenieur (w/m/d) Resilienz- und Sicherheitsberatung","Junior","Bremen","Bremen, HB, Germany","2026-09-23T12:24:05.940Z","https://jobs.smartrecruiters.com/DreesSommerSE/744000151364821","https://careerkit.me/api/apply?src=github-dach&company=drees-sommer-se&url=https%3A%2F%2Fjobs.smartrecruiters.com%2FDreesSommerSE%2F744000151364821"
"Drees & Sommer SE","Junior Projektmanager (w/m/d) Hochbau","Junior","Bremen","Bremen, HB, Germany","2026-08-28T09:15:52.280Z","https://jobs.smartrecruiters.com/DreesSommerSE/744000146146139","https://careerkit.me/api/apply?src=github-dach&company=drees-sommer-se&url=https%3A%2F%2Fjobs.smartrecruiters.com%2FDreesSommerSE%2F744000146146139"
"Drees & Sommer SE","(Junior) Bauüberwacher (w/m/d) Tiefbau in Energieprojekten","Junior","Bremen","Bremen, HB, Germany","2026-08-27T13:27:17.135Z","https://jobs.smartrecruiters.com/DreesSommerSE/744000145985284","https://careerkit.me/api/apply?src=github-dach&company=drees-sommer-se&url=https%3A%2F%2Fjobs.smartrecruiters.com%2FDreesSommerSE%2F744000145985284"
"Drees & Sommer SE","Junior Bauingenieur / Architekt (w/m/d) Objektüberwachung","Junior","Bremen","Bremen, HB, Germany","2026-07-22T13:40:31.042Z","https://jobs.smartrecruiters.com/DreesSommerSE/744000139082800","https://careerkit.me/api/apply?src=github-dach&company=drees-sommer-se&url=https%3A%2F%2Fjobs.smartrecruiters.com%2FDreesSommerSE%2F744000139082800"
"SIXT","Management Trainee Filiale (m/w/d) Region Nord","Junior","Bremen","Bremen, , Germany","2026-07-02T14:01:01.875Z","https://jobs.smartrecruiters.com/sixt/744000135513590","https://careerkit.me/api/apply?src=github-dach&company=sixt&url=https%3A%2F%2Fjobs.smartrecruiters.com%2Fsixt%2F744000135513590"
"Drees & Sommer SE","Praktikant (w/m/d) Brandschutz","Praktikum","Bremen","Bremen, HB, Germany","2026-09-16T12:48:38.327Z","https://jobs.smartrecruiters.com/DreesSommerSE/744000149858554","https://careerkit.me/api/apply?src=github-dach&company=drees-sommer-se&url=https%3A%2F%2Fjobs.smartrecruiters.com%2FDreesSommerSE%2F744000149858554"
"JACOBS DOUWE EGBERTS","Intern (w|m|d) for our global engineering department","Praktikum","Bremen","Bremen, HB, Germany","2026-09-21T06:19:46.230Z","https://jobs.smartrecruiters.com/JACOBSDOUWEEGBERTS/744000150603409","https://careerkit.me/api/apply?src=github-dach&company=jacobs-douwe-egberts&url=https%3A%2F%2Fjobs.smartrecruiters.com%2FJACOBSDOUWEEGBERTS%2F744000150603409"
"1KOMMA5°","Werkstudent (m/w/d) Auftragsabwicklung Photovoltaik - 1KOMMA5° Bremen","Werkstudent","Bremen","Bremen","2025-12-12T10:10:55+00:00","https://1komma5grad.jobs.personio.de/job/2459891","https://careerkit.me/api/apply?src=github-dach&company=1komma5&url=https%3A%2F%2F1komma5grad.jobs.personio.de%2Fjob%2F2459891"
"JACOBS DOUWE EGBERTS","HR Werkstudent (w|m|d) in unserem Hemelinger Kaffeewerk","Werkstudent","Bremen","Bremen, HB, Germany","2026-09-22T12:58:08.786Z","https://jobs.smartrecruiters.com/JACOBSDOUWEEGBERTS/744000151029122","https://careerkit.me/api/apply?src=github-dach&company=jacobs-douwe-egberts&url=https%3A%2F%2Fjobs.smartrecruiters.com%2FJACOBSDOUWEEGBERTS%2F744000151029122"
"JACOBS DOUWE EGBERTS","Werkstudent (m/w/d) im Bereich Supply Chain","Werkstudent","Bremen","Bremen, HB, Germany","2026-09-07T08:51:02.671Z","https://jobs.smartrecruiters.com/JACOBSDOUWEEGBERTS/744000147873729","https://careerkit.me/api/apply?src=github-dach&company=jacobs-douwe-egberts&url=https%3A%2F%2Fjobs.smartrecruiters.com%2FJACOBSDOUWEEGBERTS%2F744000147873729"
"JACOBS DOUWE EGBERTS","Werkstudent (w|m|d) Steuern","Werkstudent","Bremen","Bremen, HB, Germany","2026-08-26T09:03:46.410Z","https://jobs.smartrecruiters.com/JACOBSDOUWEEGBERTS/744000145690439","https://careerkit.me/api/apply?src=github-dach&company=jacobs-douwe-egberts&url=https%3A%2F%2Fjobs.smartrecruiters.com%2FJACOBSDOUWEEGBERTS%2F744000145690439"
"SIXT","Studentische Teilzeitkraft Autovermietung (m/w/d)","Werkstudent","Bremen","Bremen, HB, Germany","2026-07-14T07:52:19.913Z","https://jobs.smartrecruiters.com/sixt/744000137606581","https://careerkit.me/api/apply?src=github-dach&company=sixt&url=https%3A%2F%2Fjobs.smartrecruiters.com%2Fsixt%2F744000137606581"
"SIXT","Werkstudent Autovermietung (m/w/d)","Werkstudent","Bremen","Bremen, HB, Germany","2026-07-14T07:52:15.234Z","https://jobs.smartrecruiters.com/sixt/744000137607109","https://careerkit.me/api/apply?src=github-dach&company=sixt&url=https%3A%2F%2Fjobs.smartrecruiters.com%2Fsixt%2F744000137607109"
"Thermo Fisher Scientific","Werkstudenten (m/w/d) im Bereich Shared Engineering & Documentation - befristet für 12 Monate","Werkstudent","Bremen","Bremen, Germany","2026-09-24T09:54:47.182Z","https://thermofisher.wd5.myworkdayjobs.com/ThermoFisherCareers/job/Bremen-Germany/Werkstudenten--m-w-d--im-Bereich-Shared-Engineering---Documentation---befristet-fr-12-Monate_R-01366805-1","https://careerkit.me/api/apply?src=github-dach&company=thermo-fisher-scientific&url=https%3A%2F%2Fthermofisher.wd5.myworkdayjobs.com%2FThermoFisherCareers%2Fjob%2FBremen-Germany%2FWerkstudenten--m-w-d--im-Bereich-Shared-Engineering---Documentation---befristet-fr-12-Monate_R-01366805-1"
"Drees & Sommer SE","(Junior) Bauüberwacher (w/m/d) Tiefbau in Energieprojekten","Junior","Cologne","Köln, NRW, Germany","2026-08-27T13:28:06.227Z","https://jobs.smartrecruiters.com/DreesSommerSE/744000145987809","https://careerkit.me/api/apply?src=github-dach&company=drees-sommer-se&url=https%3A%2F%2Fjobs.smartrecruiters.com%2FDreesSommerSE%2F744000145987809"
"Drees & Sommer SE","Junior Projektmanager (w/m/d) Hochbau","Junior","Cologne","Köln, NRW, Germany","2026-08-20T14:22:03.264Z","https://jobs.smartrecruiters.com/DreesSommerSE/744000144566675","https://careerkit.me/api/apply?src=github-dach&company=drees-sommer-se&url=https%3A%2F%2Fjobs.smartrecruiters.com%2FDreesSommerSE%2F744000144566675"
"Drees & Sommer SE","Junior Ingenieur / Techniker (w/m/d) Objektüberwachung Elektrotechnik","Junior","Cologne","Köln, NRW, Germany","2026-08-11T07:05:20.189Z","https://jobs.smartrecruiters.com/DreesSommerSE/744000142799961","https://careerkit.me/api/apply?src=github-dach&company=drees-sommer-se&url=https%3A%2F%2Fjobs.smartrecruiters.com%2FDreesSommerSE%2F744000142799961"
"Drees & Sommer SE","Junior Bauingenieur / Architekt (w/m/d) Objektüberwachung","Junior","Cologne","Köln, NRW, Germany","2026-06-16T08:15:36.722Z","https://jobs.smartrecruiters.com/DreesSommerSE/744000132355534","https://careerkit.me/api/apply?src=github-dach&company=drees-sommer-se&url=https%3A%2F%2Fjobs.smartrecruiters.com%2FDreesSommerSE%2F744000132355534"
"Drees & Sommer SE","Junior Consultant (w/m/d) Resilience and Risk Advisory in Bau- und Immobilienprojekten","Junior","Cologne","Köln, Nordrhein-Westfalen, Germany","2026-05-26T09:49:46.499Z","https://jobs.smartrecruiters.com/DreesSommerSE/744000128446699","https://careerkit.me/api/apply?src=github-dach&company=drees-sommer-se&url=https%3A%2F%2Fjobs.smartrecruiters.com%2FDreesSommerSE%2F744000128446699"
"Drees & Sommer SE","Junior Consultant (w/m/d) Claim- und Risikomanagement in Bau- und Immobilienprojekten","Junior","Cologne","Köln, NRW, Germany","2026-05-26T08:01:16.698Z","https://jobs.smartrecruiters.com/DreesSommerSE/744000128418169","https://careerkit.me/api/apply?src=github-dach&company=drees-sommer-se&url=https%3A%2F%2Fjobs.smartrecruiters.com%2FDreesSommerSE%2F744000128418169"
"Rentokil Initial","Junior Verkaufsleiter (m/w/d)","Junior","Cologne","Köln, NRW, Germany","2026-05-27T09:06:23.410Z","https://jobs.smartrecruiters.com/RentokilInitial1/744000128673850","https://careerkit.me/api/apply?src=github-dach&company=rentokil-initial&url=https%3A%2F%2Fjobs.smartrecruiters.com%2FRentokilInitial1%2F744000128673850"
"salonkee","Junior Sales Manager (m/w/d) Außendienst - Köln/Düsseldorf","Junior","Cologne","Deutschland / Köln","2026-06-26T14:09:07.075+00:00","https://jobs.ashbyhq.com/salonkee/4ae6a3ee-52de-424f-a58b-ba2371aa73a5","https://careerkit.me/api/apply?src=github-dach&company=salonkee&url=https%3A%2F%2Fjobs.ashbyhq.com%2Fsalonkee%2F4ae6a3ee-52de-424f-a58b-ba2371aa73a5"
"StepStone Group","Quereinsteiger im Vertrieb (m/w/d) – Neukunden","Junior","Cologne","Köln, , Germany","2026-09-11T09:27:57.147Z","https://jobs.smartrecruiters.com/StepStoneGroup/744000148969570","https://careerkit.me/api/apply?src=github-dach&company=stepstone-group&url=https%3A%2F%2Fjobs.smartrecruiters.com%2FStepStoneGroup%2F744000148969570"
"StepStone Group","Junior Vertriebsmitarbeiter (m/w/d) B2B Neukundenvertrieb","Junior","Cologne","Köln, , Germany","2026-08-31T11:44:58.449Z","https://jobs.smartrecruiters.com/StepStoneGroup/744000146449985","https://careerkit.me/api/apply?src=github-dach&company=stepstone-group&url=https%3A%2F%2Fjobs.smartrecruiters.com%2FStepStoneGroup%2F744000146449985"
"SumUp","Junior Sales Development Representative (m/w/d)","Junior","Cologne","Cologne, Germany","2026-09-18T07:55:17-04:00","https://sumup.com/careers/positions/8820269002?gh_jid=8820269002","https://careerkit.me/api/apply?src=github-dach&company=sumup&url=https%3A%2F%2Fsumup.com%2Fcareers%2Fpositions%2F8820269002%3Fgh_jid%3D8820269002"
"EIGHT ADVISORY SAS","Strategy - Intern","Praktikum","Cologne","Cologne, Rhénanie du Nord-Westfalie, Allemagne","2024-04-18 16:19:12 UTC","https://8advisory.recruitee.com/o/strategy-intern","https://careerkit.me/api/apply?src=github-dach&company=eight-advisory-sas&url=https%3A%2F%2F8advisory.recruitee.com%2Fo%2Fstrategy-intern"
"Bosch Group","Werkstudent im Bereich technisches Zeichnen (w/m/div.)","Werkstudent","Cologne","Köln, NW, Germany","2026-07-03T14:57:33.978Z","https://jobs.smartrecruiters.com/BoschGroup/744000135754989","https://careerkit.me/api/apply?src=github-dach&company=bosch-group&url=https%3A%2F%2Fjobs.smartrecruiters.com%2FBoschGroup%2F744000135754989"
"Drees & Sommer SE","Werkstudent (w/m/d) Resilienz- und Sicherheitsberatung","Werkstudent","Cologne","Köln, NRW, Germany","2026-09-24T14:11:03.631Z","https://jobs.smartrecruiters.com/DreesSommerSE/744000151631699","https://careerkit.me/api/apply?src=github-dach&company=drees-sommer-se&url=https%3A%2F%2Fjobs.smartrecruiters.com%2FDreesSommerSE%2F744000151631699"
"Drees & Sommer SE","Praktikant/Werkstudent (w/m/d) Nachhaltiges Bauen & ESG","Werkstudent","Cologne","Köln, NRW, Germany","2026-09-04T14:17:24.454Z","https://jobs.smartrecruiters.com/DreesSommerSE/744000147532459","https://careerkit.me/api/apply?src=github-dach&company=drees-sommer-se&url=https%3A%2F%2Fjobs.smartrecruiters.com%2FDreesSommerSE%2F744000147532459"
"Drees & Sommer SE","Werkstudent (w/m/d) Vertrags- und Claim Management","Werkstudent","Cologne","Köln, NRW, Germany","2026-07-21T06:17:38.945Z","https://jobs.smartrecruiters.com/DreesSommerSE/744000138787089","https://careerkit.me/api/apply?src=github-dach&company=drees-sommer-se&url=https%3A%2F%2Fjobs.smartrecruiters.com%2FDreesSommerSE%2F744000138787089"
"Drees & Sommer SE","Praktikant/Werkstudent (w/m/d) Technische Gebäudeausrüstung – HLSK (Heizung, Lüftung, Sanitär, Klima)","Werkstudent","Cologne","Köln, NRW, Germany","2026-06-29T11:44:11.442Z","https://jobs.smartrecruiters.com/DreesSommerSE/744000134767175","https://careerkit.me/api/apply?src=github-dach&company=drees-sommer-se&url=https%3A%2F%2Fjobs.smartrecruiters.com%2FDreesSommerSE%2F744000134767175"
"Drees & Sommer SE","Werkstudent (w/m/d) Strategieberatung Immobilien","Werkstudent","Cologne","Köln, NRW, Germany","2026-05-26T08:57:03.228Z","https://jobs.smartrecruiters.com/DreesSommerSE/744000128430655","https://careerkit.me/api/apply?src=github-dach&company=drees-sommer-se&url=https%3A%2F%2Fjobs.smartrecruiters.com%2FDreesSommerSE%2F744000128430655"
"Drees & Sommer SE","Werkstudent (w/m/d) Projektmanagement Hochbau","Werkstudent","Cologne","Köln, NRW, Germany","2026-05-26T08:25:20.535Z","https://jobs.smartrecruiters.com/DreesSommerSE/744000128424250","https://careerkit.me/api/apply?src=github-dach&company=drees-sommer-se&url=https%3A%2F%2Fjobs.smartrecruiters.com%2FDreesSommerSE%2F744000128424250"
"Infront","Werkstudent (m/w/d) für die Vertriebsunterstützung und den Teilnehmersupport","Werkstudent","Cologne","Köln, DE","2026-08-12T09:41:07+02:00","https://infrontsportsmediaag.teamtailor.com/jobs/8209018-werkstudent-m-w-d-fur-die-vertriebsunterstutzung-und-den-teilnehmersupport","https://careerkit.me/api/apply?src=github-dach&company=infront&url=https%3A%2F%2Finfrontsportsmediaag.teamtailor.com%2Fjobs%2F8209018-werkstudent-m-w-d-fur-die-vertriebsunterstutzung-und-den-teilnehmersupport"
"Lonza","Working Student – HR Assistant (12 hours per week)","Werkstudent","Cologne","DE - Cologne","2026-08-26T09:54:33.172Z","https://lonza.wd3.myworkdayjobs.com/Lonza_Careers/job/DE---Cologne/Working-Student---HR-Assistant--20-hours-per-week-_R73192","https://careerkit.me/api/apply?src=github-dach&company=lonza&url=https%3A%2F%2Flonza.wd3.myworkdayjobs.com%2FLonza_Careers%2Fjob%2FDE---Cologne%2FWorking-Student---HR-Assistant--20-hours-per-week-_R73192"
"Rentokil Initial","Werkstudent (m/w/d) Digital Marketing","Werkstudent","Cologne","Köln, NRW, Germany","2026-09-11T11:44:11.371Z","https://jobs.smartrecruiters.com/RentokilInitial1/744000148994357","https://careerkit.me/api/apply?src=github-dach&company=rentokil-initial&url=https%3A%2F%2Fjobs.smartrecruiters.com%2FRentokilInitial1%2F744000148994357"
"SIXT","Werkstudent Autovermietung (m/w/d)","Werkstudent","Cologne","Cologne, , Germany","2026-04-01T13:49:54.360Z","https://jobs.smartrecruiters.com/sixt/744000118175567","https://careerkit.me/api/apply?src=github-dach&company=sixt&url=https%3A%2F%2Fjobs.smartrecruiters.com%2Fsixt%2F744000118175567"
"SIXT","Studentische Teilzeitkraft Autovermietung (m/w/d)","Werkstudent","Cologne","Cologne, NRW, Germany","2026-04-01T12:20:59.382Z","https://jobs.smartrecruiters.com/sixt/744000118150609","https://careerkit.me/api/apply?src=github-dach&company=sixt&url=https%3A%2F%2Fjobs.smartrecruiters.com%2Fsixt%2F744000118150609"
"WPP Media","Werkstudent Mediaberatung, Marketing & Werbung (Mensch)","Werkstudent","Cologne","Cologne, Germany","2026-08-26T11:03:31-04:00","https://job-boards.greenhouse.io/wppmedia/jobs/5406675008","https://careerkit.me/api/apply?src=github-dach&company=wpp-media&url=https%3A%2F%2Fjob-boards.greenhouse.io%2Fwppmedia%2Fjobs%2F5406675008"
"Genedata","Working Student LC-MS/MS Applications & Technical Marketing (d/f/m)","Werkstudent","Darmstadt","Darmstadt, Germany","2026-08-26T09:54:06.340Z","https://danaher.wd1.myworkdayjobs.com/DanaherJobs/job/Darmstadt-Germany/Working-Student-LC-MS-MS-Applications---Technical-Marketing--d-f-m-_R1317562-1","https://careerkit.me/api/apply?src=github-dach&company=genedata&url=https%3A%2F%2Fdanaher.wd1.myworkdayjobs.com%2FDanaherJobs%2Fjob%2FDarmstadt-Germany%2FWorking-Student-LC-MS-MS-Applications---Technical-Marketing--d-f-m-_R1317562-1"
"1KOMMA5°","Quereinsteiger / Baustellenhelfer / Elektrohelfer (m/w/d) - Photovoltaik, Wärmepumpen & Energiesysteme - 1KOMMA5° Dortmund","Junior","Dortmund","Dortmund","2025-02-05T16:02:23+00:00","https://1komma5grad.jobs.personio.de/job/1953724","https://careerkit.me/api/apply?src=github-dach&company=1komma5&url=https%3A%2F%2F1komma5grad.jobs.personio.de%2Fjob%2F1953724"
"Drees & Sommer SE","(Junior) Bauüberwacher (w/m/d) Tiefbau in Energieprojekten","Junior","Dortmund","Dortmund, NRW, Germany","2026-08-27T13:28:54.674Z","https://jobs.smartrecruiters.com/DreesSommerSE/744000145987460","https://careerkit.me/api/apply?src=github-dach&company=drees-sommer-se&url=https%3A%2F%2Fjobs.smartrecruiters.com%2FDreesSommerSE%2F744000145987460"
"Drees & Sommer SE","Junior Projektmanager (w/m/d) Hochbau","Junior","Dortmund","Dortmund, NRW, Germany","2026-08-20T14:23:58.970Z","https://jobs.smartrecruiters.com/DreesSommerSE/744000144568847","https://careerkit.me/api/apply?src=github-dach&company=drees-sommer-se&url=https%3A%2F%2Fjobs.smartrecruiters.com%2FDreesSommerSE%2F744000144568847"
"Drees & Sommer SE","Junior Bauingenieur / Architekt (w/m/d) Objektüberwachung","Junior","Dortmund","Dortmund, NRW, Germany","2026-08-20T14:08:04.387Z","https://jobs.smartrecruiters.com/DreesSommerSE/744000144565404","https://careerkit.me/api/apply?src=github-dach&company=drees-sommer-se&url=https%3A%2F%2Fjobs.smartrecruiters.com%2FDreesSommerSE%2F744000144565404"
"Drees & Sommer SE","Junior Ingenieur / Techniker (w/m/d) Objektüberwachung Elektrotechnik","Junior","Dortmund","Dortmund, NRW, Germany","2026-08-20T13:26:12.475Z","https://jobs.smartrecruiters.com/DreesSommerSE/744000144556689","https://careerkit.me/api/apply?src=github-dach&company=drees-sommer-se&url=https%3A%2F%2Fjobs.smartrecruiters.com%2FDreesSommerSE%2F744000144556689"
"cbs Corporate Business Solutions","Werkstudent - Agiles Projektmanagement im Bereich E-Invoicing (m/w/d)","Werkstudent","Dortmund","Dortmund, Nordrhein-Westfalen, Deutschland","2026-07-20 11:36:41 UTC","https://cbsconsulting.recruitee.com/o/werkstudent-agiles-projektmanagement-im-bereich-e-invoicing-mwd","https://careerkit.me/api/apply?src=github-dach&company=cbs-corporate-business-solutions&url=https%3A%2F%2Fcbsconsulting.recruitee.com%2Fo%2Fwerkstudent-agiles-projektmanagement-im-bereich-e-invoicing-mwd"
"Drees & Sommer SE","Werkstudent (w/m/d) Vertrags- und Claim Management","Werkstudent","Dortmund","Dortmund, NRW, Germany","2026-08-20T13:42:50.209Z","https://jobs.smartrecruiters.com/DreesSommerSE/744000144560949","https://careerkit.me/api/apply?src=github-dach&company=drees-sommer-se&url=https%3A%2F%2Fjobs.smartrecruiters.com%2FDreesSommerSE%2F744000144560949"
"Eurofins","Werkstudent (m/w/d) Mikrobiologie","Werkstudent","Dortmund","Dortmund, NRW, Germany","2026-09-25T07:16:20.445Z","https://jobs.smartrecruiters.com/eurofins/744000151774619","https://careerkit.me/api/apply?src=github-dach&company=eurofins&url=https%3A%2F%2Fjobs.smartrecruiters.com%2Feurofins%2F744000151774619"
"Drees & Sommer SE","Junior Architekt (w/m/d) Industrieprojekte ‒ Entwurfs u. Ausführungsplanung","Junior","Dresden","Dresden, SN, Germany","2026-09-22T14:18:58.103Z","https://jobs.smartrecruiters.com/DreesSommerSE/744000151050482","https://careerkit.me/api/apply?src=github-dach&company=drees-sommer-se&url=https%3A%2F%2Fjobs.smartrecruiters.com%2FDreesSommerSE%2F744000151050482"
"Drees & Sommer SE","Junior Bauingenieur / Architekt (w/m/d) Objektüberwachung","Junior","Dresden","Dresden, SN, Germany","2026-06-16T08:15:24.202Z","https://jobs.smartrecruiters.com/DreesSommerSE/744000132354971","https://careerkit.me/api/apply?src=github-dach&company=drees-sommer-se&url=https%3A%2F%2Fjobs.smartrecruiters.com%2FDreesSommerSE%2F744000132354971"
"Drees & Sommer SE","Junior Ingenieur / Techniker (w/m/d) Objektüberwachung Elektrotechnik","Junior","Dresden","Dresden, SN, Germany","2026-05-26T09:07:40.414Z","https://jobs.smartrecruiters.com/DreesSommerSE/744000128435929","https://careerkit.me/api/apply?src=github-dach&company=drees-sommer-se&url=https%3A%2F%2Fjobs.smartrecruiters.com%2FDreesSommerSE%2F744000128435929"
"Drees & Sommer SE","Junior Ingenieur / Techniker (w/m/d) Objektüberwachung HLSK","Junior","Dresden","Dresden, SN, Germany","2026-05-26T09:04:11.374Z","https://jobs.smartrecruiters.com/DreesSommerSE/744000128434360","https://careerkit.me/api/apply?src=github-dach&company=drees-sommer-se&url=https%3A%2F%2Fjobs.smartrecruiters.com%2FDreesSommerSE%2F744000128434360"
"Drees & Sommer SE","Junior Consultant (w/m/d) Claim- und Risikomanagement in Bau- und Immobilienprojekten","Junior","Dresden","Dresden, SN, Germany","2026-05-26T08:02:13.423Z","https://jobs.smartrecruiters.com/DreesSommerSE/744000128418459","https://careerkit.me/api/apply?src=github-dach&company=drees-sommer-se&url=https%3A%2F%2Fjobs.smartrecruiters.com%2FDreesSommerSE%2F744000128418459"
"Bosch Group","Praktikum Defektdichte Technologie","Praktikum","Dresden","Dresden, , Germany","2026-09-25T04:52:28.503Z","https://jobs.smartrecruiters.com/BoschGroup/744000151760339","https://careerkit.me/api/apply?src=github-dach&company=bosch-group&url=https%3A%2F%2Fjobs.smartrecruiters.com%2FBoschGroup%2F744000151760339"
"Bosch Group","Praktikum Gestaltung Web Based Trainings / e-Learning Inhalte","Praktikum","Dresden","Dresden, , Germany","2026-08-27T09:56:32.691Z","https://jobs.smartrecruiters.com/BoschGroup/744000145942659","https://careerkit.me/api/apply?src=github-dach&company=bosch-group&url=https%3A%2F%2Fjobs.smartrecruiters.com%2FBoschGroup%2F744000145942659"
"Bosch Group","Praktikum im Bereich Architektur und Design","Praktikum","Dresden","Dresden, SN, Germany","2026-08-07T12:54:29.928Z","https://jobs.smartrecruiters.com/BoschGroup/744000142127003","https://careerkit.me/api/apply?src=github-dach&company=bosch-group&url=https%3A%2F%2Fjobs.smartrecruiters.com%2FBoschGroup%2F744000142127003"
"Bosch Group","Praktikum Brandschutz und Gefahrenabwehr","Praktikum","Dresden","Dresden, , Germany","2026-06-02T08:56:20.517Z","https://jobs.smartrecruiters.com/BoschGroup/744000129692233","https://careerkit.me/api/apply?src=github-dach&company=bosch-group&url=https%3A%2F%2Fjobs.smartrecruiters.com%2FBoschGroup%2F744000129692233"
"Drees & Sommer SE","Werkstudent (w/m/d) Baumanagement","Werkstudent","Dresden","Dresden, SN, Germany","2026-09-03T12:50:29.497Z","https://jobs.smartrecruiters.com/DreesSommerSE/744000147241013","https://careerkit.me/api/apply?src=github-dach&company=drees-sommer-se&url=https%3A%2F%2Fjobs.smartrecruiters.com%2FDreesSommerSE%2F744000147241013"
"Drees & Sommer SE","Praktikant/Werkstudent (w/m/d) Terminplanung & Lean Construction Management","Werkstudent","Dresden","Dresden, SN, Germany","2026-07-29T11:32:58.107Z","https://jobs.smartrecruiters.com/DreesSommerSE/744000140438665","https://careerkit.me/api/apply?src=github-dach&company=drees-sommer-se&url=https%3A%2F%2Fjobs.smartrecruiters.com%2FDreesSommerSE%2F744000140438665"
"Drees & Sommer SE","Praktikant/Werkstudent (w/m/d) Genehmigungsmanagement Industrie","Werkstudent","Dresden","Dresden, SN, Germany","2026-05-26T07:26:49.038Z","https://jobs.smartrecruiters.com/DreesSommerSE/744000128409769","https://careerkit.me/api/apply?src=github-dach&company=drees-sommer-se&url=https%3A%2F%2Fjobs.smartrecruiters.com%2FDreesSommerSE%2F744000128409769"
"SIXT","Werkstudent Autovermietung (m/w/d) Flughafen","Werkstudent","Dresden","Dresden, SN, Germany","2026-08-05T11:23:53.265Z","https://jobs.smartrecruiters.com/sixt/744000141697209","https://careerkit.me/api/apply?src=github-dach&company=sixt&url=https%3A%2F%2Fjobs.smartrecruiters.com%2Fsixt%2F744000141697209"
"SIXT","Studentische Teilzeitkraft Autovermietung (m/w/d) Flughafen","Werkstudent","Dresden","Dresden, SN, Germany","2026-08-05T11:23:44.320Z","https://jobs.smartrecruiters.com/sixt/744000141696730","https://careerkit.me/api/apply?src=github-dach&company=sixt&url=https%3A%2F%2Fjobs.smartrecruiters.com%2Fsixt%2F744000141696730"
"SIXT","Werkstudent Autovermietung (m/w/d)","Werkstudent","Dresden","Dresden, , Germany","2026-07-14T08:03:46.434Z","https://jobs.smartrecruiters.com/sixt/744000137608462","https://careerkit.me/api/apply?src=github-dach&company=sixt&url=https%3A%2F%2Fjobs.smartrecruiters.com%2Fsixt%2F744000137608462"
"SIXT","Studentische Teilzeitkraft Autovermietung (m/w/d)","Werkstudent","Dresden","Dresden, SN, Germany","2026-07-14T08:03:42.342Z","https://jobs.smartrecruiters.com/sixt/744000137608979","https://careerkit.me/api/apply?src=github-dach&company=sixt&url=https%3A%2F%2Fjobs.smartrecruiters.com%2Fsixt%2F744000137608979"
"Huawei Europe","Junior IP Network Engineer (m/f/d) – Graduate Program","Absolvent","Düsseldorf","Düsseldorf, DE","2026-08-11T10:11:24+02:00","https://huaweidusseldorf-1719303222.teamtailor.com/jobs/8202735-junior-ip-network-engineer-m-f-d-graduate-program","https://careerkit.me/api/apply?src=github-dach&company=huawei-europe&url=https%3A%2F%2Fhuaweidusseldorf-1719303222.teamtailor.com%2Fjobs%2F8202735-junior-ip-network-engineer-m-f-d-graduate-program"
"Huawei Europe","Junior Cloud Business Development Specialist (m/f/d) – Graduate Program","Absolvent","Düsseldorf","Düsseldorf, DE / Bonn, DE","2026-07-08T17:36:56+02:00","https://huaweidusseldorf-1719303222.teamtailor.com/jobs/8041661-junior-cloud-business-development-specialist-m-f-d-graduate-program","https://careerkit.me/api/apply?src=github-dach&company=huawei-europe&url=https%3A%2F%2Fhuaweidusseldorf-1719303222.teamtailor.com%2Fjobs%2F8041661-junior-cloud-business-development-specialist-m-f-d-graduate-program"
"Agicap","Junior Sales Development Representative DACH (m/f/d)","Junior","Düsseldorf","Düsseldorf 🇩🇪 / Düsseldorf 🇩🇪","2026-06-08T09:25:08.478Z","https://jobs.lever.co/agicap/07dc2f0a-2fdf-4f6b-8f3a-7509efb68b35","https://careerkit.me/api/apply?src=github-dach&company=agicap&url=https%3A%2F%2Fjobs.lever.co%2Fagicap%2F07dc2f0a-2fdf-4f6b-8f3a-7509efb68b35"
"Drees & Sommer SE","Junior Consultant (w/m/d) in der Akquise / Angebotserstellung","Junior","Düsseldorf","Düsseldorf, NRW, Germany","2026-09-15T08:49:48.151Z","https://jobs.smartrecruiters.com/DreesSommerSE/744000149538371","https://careerkit.me/api/apply?src=github-dach&company=drees-sommer-se&url=https%3A%2F%2Fjobs.smartrecruiters.com%2FDreesSommerSE%2F744000149538371"
"Drees & Sommer SE","(Junior) Bauüberwacher (w/m/d) Tiefbau in Energieprojekten","Junior","Düsseldorf","Düsseldorf, NRW, Germany","2026-08-27T13:28:32.261Z","https://jobs.smartrecruiters.com/DreesSommerSE/744000145987135","https://careerkit.me/api/apply?src=github-dach&company=drees-sommer-se&url=https%3A%2F%2Fjobs.smartrecruiters.com%2FDreesSommerSE%2F744000145987135"
"Drees & Sommer SE","Junior Projektmanager (w/m/d) Hochbau","Junior","Düsseldorf","Düsseldorf, NRW, Germany","2026-08-20T14:22:32.230Z","https://jobs.smartrecruiters.com/DreesSommerSE/744000144567150","https://careerkit.me/api/apply?src=github-dach&company=drees-sommer-se&url=https%3A%2F%2Fjobs.smartrecruiters.com%2FDreesSommerSE%2F744000144567150"
"Drees & Sommer SE","Junior Ingenieur / Techniker (w/m/d) Objektüberwachung Elektrotechnik","Junior","Düsseldorf","Düsseldorf, NRW, Germany","2026-08-20T13:25:36.001Z","https://jobs.smartrecruiters.com/DreesSommerSE/744000144556559","https://careerkit.me/api/apply?src=github-dach&company=drees-sommer-se&url=https%3A%2F%2Fjobs.smartrecruiters.com%2FDreesSommerSE%2F744000144556559"
"Drees & Sommer SE","Junior Bauingenieur / Architekt (w/m/d) Objektüberwachung","Junior","Düsseldorf","Düsseldorf, NRW, Germany","2026-06-16T08:15:44.179Z","https://jobs.smartrecruiters.com/DreesSommerSE/744000132351645","https://careerkit.me/api/apply?src=github-dach&company=drees-sommer-se&url=https%3A%2F%2Fjobs.smartrecruiters.com%2FDreesSommerSE%2F744000132351645"
"Drees & Sommer SE","Junior Consultant (w/m/d) Resilience and Risk Advisory in Bau- und Immobilienprojekten","Junior","Düsseldorf","Düsseldorf, Nordrhein-Westfalen, Germany","2026-05-26T09:56:10.817Z","https://jobs.smartrecruiters.com/DreesSommerSE/744000128448469","https://careerkit.me/api/apply?src=github-dach&company=drees-sommer-se&url=https%3A%2F%2Fjobs.smartrecruiters.com%2FDreesSommerSE%2F744000128448469"
"Drees & Sommer SE","Junior Consultant (w/m/d) Claim- und Risikomanagement in Bau- und Immobilienprojekten","Junior","Düsseldorf","Düsseldorf, NRW, Germany","2026-05-26T08:01:21.743Z","https://jobs.smartrecruiters.com/DreesSommerSE/744000128418189","https://careerkit.me/api/apply?src=github-dach&company=drees-sommer-se&url=https%3A%2F%2Fjobs.smartrecruiters.com%2FDreesSommerSE%2F744000128418189"
"Rentokil Initial","Junior Verkaufsleiter (m/w/d)","Junior","Düsseldorf","Düsseldorf, NRW, Germany","2026-05-27T09:06:52.968Z","https://jobs.smartrecruiters.com/RentokilInitial1/744000128673266","https://careerkit.me/api/apply?src=github-dach&company=rentokil-initial&url=https%3A%2F%2Fjobs.smartrecruiters.com%2FRentokilInitial1%2F744000128673266"
"SIXT","Management Trainee Filiale (m/w/d) Region West","Junior","Düsseldorf","Düsseldorf, NRW, Germany","2026-08-27T10:12:53.223Z","https://jobs.smartrecruiters.com/sixt/744000145945789","https://careerkit.me/api/apply?src=github-dach&company=sixt&url=https%3A%2F%2Fjobs.smartrecruiters.com%2Fsixt%2F744000145945789"
"StepStone Group","Junior Consultant (m/w/d) - Sales Strategy","Junior","Düsseldorf","Dusseldorf, EUROPE, Germany","2026-09-18T12:23:29.792Z","https://jobs.smartrecruiters.com/StepStoneGroup/744000150357452","https://careerkit.me/api/apply?src=github-dach&company=stepstone-group&url=https%3A%2F%2Fjobs.smartrecruiters.com%2FStepStoneGroup%2F744000150357452"
"StepStone Group","Quereinsteiger im Vertrieb (m/w/d) – Neukunden","Junior","Düsseldorf","Düsseldorf, , Germany","2026-09-11T09:25:06.236Z","https://jobs.smartrecruiters.com/StepStoneGroup/744000148969879","https://careerkit.me/api/apply?src=github-dach&company=stepstone-group&url=https%3A%2F%2Fjobs.smartrecruiters.com%2FStepStoneGroup%2F744000148969879"
"StepStone Group","Junior Vertriebsmitarbeiter (m/w/d) B2B Neukundenvertrieb","Junior","Düsseldorf","Düsseldorf, , Germany","2026-08-31T11:47:31.035Z","https://jobs.smartrecruiters.com/StepStoneGroup/744000146449564","https://careerkit.me/api/apply?src=github-dach&company=stepstone-group&url=https%3A%2F%2Fjobs.smartrecruiters.com%2FStepStoneGroup%2F744000146449564"
"StepStone Group","Junior Manager Sales & Client Strategy (m/w/d)","Junior","Düsseldorf","Dusseldorf, EUROPE, Germany","2026-08-24T06:01:51.114Z","https://jobs.smartrecruiters.com/StepStoneGroup/744000145190159","https://careerkit.me/api/apply?src=github-dach&company=stepstone-group&url=https%3A%2F%2Fjobs.smartrecruiters.com%2FStepStoneGroup%2F744000145190159"
"WPP Media","Junior Activation Manager OOH (Mensch)","Junior","Düsseldorf","Dusseldorf, Germany","2026-09-10T12:10:06-04:00","https://job-boards.greenhouse.io/wppmedia/jobs/5105127008","https://careerkit.me/api/apply?src=github-dach&company=wpp-media&url=https%3A%2F%2Fjob-boards.greenhouse.io%2Fwppmedia%2Fjobs%2F5105127008"
"WPP Media","Junior Planner OOH (Mensch)","Junior","Düsseldorf","Dusseldorf, Germany","2026-09-10T12:10:08-04:00","https://job-boards.greenhouse.io/wppmedia/jobs/5420742008","https://careerkit.me/api/apply?src=github-dach&company=wpp-media&url=https%3A%2F%2Fjob-boards.greenhouse.io%2Fwppmedia%2Fjobs%2F5420742008"
"WPP Media","Junior Video Buyer (Mensch)","Junior","Düsseldorf","Dusseldorf, Germany","2026-03-04T11:03:50-05:00","https://job-boards.greenhouse.io/wppmedia/jobs/5140901008","https://careerkit.me/api/apply?src=github-dach&company=wpp-media&url=https%3A%2F%2Fjob-boards.greenhouse.io%2Fwppmedia%2Fjobs%2F5140901008"
"Drees & Sommer SE","Praktikant (w/m/d) Immobilienberatung","Praktikum","Düsseldorf","Düsseldorf, NRW, Germany","2026-07-07T14:04:57.292Z","https://jobs.smartrecruiters.com/DreesSommerSE/744000136246139","https://careerkit.me/api/apply?src=github-dach&company=drees-sommer-se&url=https%3A%2F%2Fjobs.smartrecruiters.com%2FDreesSommerSE%2F744000136246139"
"Drees & Sommer SE","Praktikant (w/m/d) Projektmanagement Hochbau","Praktikum","Düsseldorf","Düsseldorf, NRW, Germany","2026-05-26T07:24:27.502Z","https://jobs.smartrecruiters.com/DreesSommerSE/744000128409229","https://careerkit.me/api/apply?src=github-dach&company=drees-sommer-se&url=https%3A%2F%2Fjobs.smartrecruiters.com%2FDreesSommerSE%2F744000128409229"
"Konecranes","Praktikum Grundlehrgang Metall","Praktikum","Düsseldorf","Düsseldorf, , Germany","2026-09-09T11:57:05.133Z","https://jobs.smartrecruiters.com/Konecranes/744000148484568","https://careerkit.me/api/apply?src=github-dach&company=konecranes&url=https%3A%2F%2Fjobs.smartrecruiters.com%2FKonecranes%2F744000148484568"
"trivago","B2B Digital Marketing Internship","Praktikum","Düsseldorf","Düsseldorf","2026-09-24T09:36:09-04:00","https://careers.trivago.com/apply/8836602002.?gh_jid=8836602002","https://careerkit.me/api/apply?src=github-dach&company=trivago&url=https%3A%2F%2Fcareers.trivago.com%2Fapply%2F8836602002.%3Fgh_jid%3D8836602002"
"trivago","Media Buying Internship","Praktikum","Düsseldorf","Düsseldorf","2026-08-31T07:19:05-04:00","https://careers.trivago.com/apply/8759086002.?gh_jid=8759086002","https://careerkit.me/api/apply?src=github-dach&company=trivago&url=https%3A%2F%2Fcareers.trivago.com%2Fapply%2F8759086002.%3Fgh_jid%3D8759086002"
"Drees & Sommer SE","Werkstudent (w/m/d) Resilienz- und Sicherheitsberatung","Werkstudent","Düsseldorf","Düsseldorf, NRW, Germany","2026-09-24T14:09:48.885Z","https://jobs.smartrecruiters.com/DreesSommerSE/744000151629485","https://careerkit.me/api/apply?src=github-dach&company=drees-sommer-se&url=https%3A%2F%2Fjobs.smartrecruiters.com%2FDreesSommerSE%2F744000151629485"
"Drees & Sommer SE","Praktikant/Werkstudent (w/m/d) Nachhaltiges Bauen & ESG","Werkstudent","Düsseldorf","Düsseldorf, NRW, Germany","2026-09-07T11:54:14.383Z","https://jobs.smartrecruiters.com/DreesSommerSE/744000147916950","https://careerkit.me/api/apply?src=github-dach&company=drees-sommer-se&url=https%3A%2F%2Fjobs.smartrecruiters.com%2FDreesSommerSE%2F744000147916950"
"Galderma","Werkstudent Supply Chain & Logistik","Werkstudent","Düsseldorf","Düsseldorf","2026-08-26T09:54:09.254Z","https://galderma.wd3.myworkdayjobs.com/External/job/Dsseldorf/Werkstudent-Supply-Chain---Logistik_JR019614-1","https://careerkit.me/api/apply?src=github-dach&company=galderma&url=https%3A%2F%2Fgalderma.wd3.myworkdayjobs.com%2FExternal%2Fjob%2FDsseldorf%2FWerkstudent-Supply-Chain---Logistik_JR019614-1"
"Genedata","Working student Product Marketing flow cytometry (m/w/d)","Werkstudent","Düsseldorf","Dusseldorf, Germany","2026-09-22T09:54:06.340Z","https://danaher.wd1.myworkdayjobs.com/DanaherJobs/job/Dusseldorf-Germany/Working-student-Product-Marketing-flow-cytometry--m-w-d-_R1319543","https://careerkit.me/api/apply?src=github-dach&company=genedata&url=https%3A%2F%2Fdanaher.wd1.myworkdayjobs.com%2FDanaherJobs%2Fjob%2FDusseldorf-Germany%2FWorking-student-Product-Marketing-flow-cytometry--m-w-d-_R1319543"
"MET Group","Werkstudent Prozessoptimierung im Vertrieb","Werkstudent","Düsseldorf","Düsseldorf, NRW, Germany","2026-09-18T11:50:12.129Z","https://jobs.smartrecruiters.com/metgroup/744000150352129","https://careerkit.me/api/apply?src=github-dach&company=met-group&url=https%3A%2F%2Fjobs.smartrecruiters.com%2Fmetgroup%2F744000150352129"
"Richemont","Werkstudent (m/w/d) Welcoming & Retail Experience","Werkstudent","Düsseldorf","DUSSELDORF","2026-08-27T09:54:46.494Z","https://richemont.wd3.myworkdayjobs.com/richemont/job/DUSSELDORF/Aushilfe--m-w-d--Welcoming---Retail-Experience_JR131003","https://careerkit.me/api/apply?src=github-dach&company=richemont&url=https%3A%2F%2Frichemont.wd3.myworkdayjobs.com%2Frichemont%2Fjob%2FDUSSELDORF%2FAushilfe--m-w-d--Welcoming---Retail-Experience_JR131003"
"SIXT","Werkstudent Flottenkoordinator Autovermietung Flughafen (m/w/d) - Wochenendarbeit","Werkstudent","Düsseldorf","Düsseldorf, NRW, Germany","2026-09-23T06:09:17.049Z","https://jobs.smartrecruiters.com/sixt/744000151297689","https://careerkit.me/api/apply?src=github-dach&company=sixt&url=https%3A%2F%2Fjobs.smartrecruiters.com%2Fsixt%2F744000151297689"
"SIXT","Studentische Teilzeitkraft Autovermietung (m/w/d) Flughafen","Werkstudent","Düsseldorf","Düsseldorf, NRW, Germany","2026-08-05T09:41:00.140Z","https://jobs.smartrecruiters.com/sixt/744000141680009","https://careerkit.me/api/apply?src=github-dach&company=sixt&url=https%3A%2F%2Fjobs.smartrecruiters.com%2Fsixt%2F744000141680009"
"SIXT","Werkstudent Autovermietung (m/w/d) Flughafen","Werkstudent","Düsseldorf","Düsseldorf, NRW, Germany","2026-08-05T09:30:26.417Z","https://jobs.smartrecruiters.com/sixt/744000141678069","https://careerkit.me/api/apply?src=github-dach&company=sixt&url=https%3A%2F%2Fjobs.smartrecruiters.com%2Fsixt%2F744000141678069"
"SIXT","Werkstudent Autovermietung (m/w/d)","Werkstudent","Düsseldorf","Düsseldorf, NRW, Germany","2026-06-23T14:12:45.917Z","https://jobs.smartrecruiters.com/sixt/744000133614560","https://careerkit.me/api/apply?src=github-dach&company=sixt&url=https%3A%2F%2Fjobs.smartrecruiters.com%2Fsixt%2F744000133614560"
"SIXT","Studentische Teilzeitkraft Autovermietung (m/w/d)","Werkstudent","Düsseldorf","Düsseldorf, NRW, Germany","2026-06-23T14:12:39.127Z","https://jobs.smartrecruiters.com/sixt/744000133617887","https://careerkit.me/api/apply?src=github-dach&company=sixt&url=https%3A%2F%2Fjobs.smartrecruiters.com%2Fsixt%2F744000133617887"
"StepStone Group","Werkstudent Event Marketing (m/w/d)","Werkstudent","Düsseldorf","Dusseldorf, EUROPE, Germany","2026-09-08T14:46:30.148Z","https://jobs.smartrecruiters.com/StepStoneGroup/744000148263819","https://careerkit.me/api/apply?src=github-dach&company=stepstone-group&url=https%3A%2F%2Fjobs.smartrecruiters.com%2FStepStoneGroup%2F744000148263819"
"WPP Media","Werkstudent (Mensch) Google","Werkstudent","Düsseldorf","Dusseldorf, Germany","2026-08-31T05:34:10-04:00","https://job-boards.greenhouse.io/wppmedia/jobs/5405035008","https://careerkit.me/api/apply?src=github-dach&company=wpp-media&url=https%3A%2F%2Fjob-boards.greenhouse.io%2Fwppmedia%2Fjobs%2F5405035008"
"Alcon","Werkstudent im Supply Chain Management (m/w/d) - Medical Devices","Werkstudent","Erlangen","Erlangen, Germany","2026-08-26T09:53:48.458Z","https://alcon.wd5.myworkdayjobs.com/careers_alcon/job/Erlangen-Germany/Werkstudent-im-Supply-Chain-Management--m-w-d----Medical-Devices_R-2026-49033-1","https://careerkit.me/api/apply?src=github-dach&company=alcon&url=https%3A%2F%2Falcon.wd5.myworkdayjobs.com%2Fcareers_alcon%2Fjob%2FErlangen-Germany%2FWerkstudent-im-Supply-Chain-Management--m-w-d----Medical-Devices_R-2026-49033-1"
"salonkee","Junior Sales Manager (w/m/d) - Essen","Junior","Essen","Deutschland / Essen","2026-06-05T16:04:26.196+00:00","https://jobs.ashbyhq.com/salonkee/f0d80233-8a0f-499e-97d3-7154944df6a0","https://careerkit.me/api/apply?src=github-dach&company=salonkee&url=https%3A%2F%2Fjobs.ashbyhq.com%2Fsalonkee%2Ff0d80233-8a0f-499e-97d3-7154944df6a0"
"SGS","Quereinsteiger*in / Helfer*in (m/w/d) Kontrolle Fleischerzeugung (Vollzeit oder Teilzeit)","Junior","Essen","Essen (Oldenburg), NIEDERSACHSEN, Germany","2025-01-17T14:29:01.013Z","https://jobs.smartrecruiters.com/sgs/744000037311360","https://careerkit.me/api/apply?src=github-dach&company=sgs&url=https%3A%2F%2Fjobs.smartrecruiters.com%2Fsgs%2F744000037311360"
"Accenture","Werkstudent Marketing & Content Creation (all genders)","Werkstudent","Essen","Essen Schalthaus II","2026-08-26T09:54:31.489Z","https://accenture.wd103.myworkdayjobs.com/AccentureCareers/job/Essen-Schalthaus-II/Werkstudent-Marketing---Content-Creation--all-genders-_R00342418","https://careerkit.me/api/apply?src=github-dach&company=accenture&url=https%3A%2F%2Faccenture.wd103.myworkdayjobs.com%2FAccentureCareers%2Fjob%2FEssen-Schalthaus-II%2FWerkstudent-Marketing---Content-Creation--all-genders-_R00342418"
"Accenture","Werkstudent als Coach im innovativen Bildungszentrum (all genders)","Werkstudent","Essen","Essen","2026-08-26T09:54:31.489Z","https://accenture.wd103.myworkdayjobs.com/AccentureCareers/job/Essen/Werkstudent-als-Coach-im-innovativen-Bildungszentrum--all-genders-_R00264705","https://careerkit.me/api/apply?src=github-dach&company=accenture&url=https%3A%2F%2Faccenture.wd103.myworkdayjobs.com%2FAccentureCareers%2Fjob%2FEssen%2FWerkstudent-als-Coach-im-innovativen-Bildungszentrum--all-genders-_R00264705"
"GE Vernova","Werkstudent Service Essen (m/w/d)","Werkstudent","Essen","Essen","2026-08-26T09:54:02.930Z","https://gevernova.wd5.myworkdayjobs.com/Vernova_ExternalSite/job/Essen/Werkstudent-Service-Essen--m-w-d-_R3638176","https://careerkit.me/api/apply?src=github-dach&company=ge-vernova&url=https%3A%2F%2Fgevernova.wd5.myworkdayjobs.com%2FVernova_ExternalSite%2Fjob%2FEssen%2FWerkstudent-Service-Essen--m-w-d-_R3638176"
"Intrum","Werkstudent Secured Business (m/w/d)","Werkstudent","Essen","Essen","2026-08-26T09:54:14.461Z","https://intrum.wd3.myworkdayjobs.com/External/job/Essen/Werkstudent-Secured-Business--m-w-d-_R10343","https://careerkit.me/api/apply?src=github-dach&company=intrum&url=https%3A%2F%2Fintrum.wd3.myworkdayjobs.com%2FExternal%2Fjob%2FEssen%2FWerkstudent-Secured-Business--m-w-d-_R10343"
"Drees & Sommer SE","(Junior) Bauüberwacher (w/m/d) Tiefbau in Energieprojekten","Junior","Frankfurt","Frankfurt am Main, HE, Germany","2026-08-27T13:46:29.036Z","https://jobs.smartrecruiters.com/DreesSommerSE/744000145992379","https://careerkit.me/api/apply?src=github-dach&company=drees-sommer-se&url=https%3A%2F%2Fjobs.smartrecruiters.com%2FDreesSommerSE%2F744000145992379"
"Drees & Sommer SE","Junior Projektmanager (w/m/d) Hochbau","Junior","Frankfurt","Frankfurt am Main, HE, Germany","2026-08-21T09:37:53.450Z","https://jobs.smartrecruiters.com/DreesSommerSE/744000144725534","https://careerkit.me/api/apply?src=github-dach&company=drees-sommer-se&url=https%3A%2F%2Fjobs.smartrecruiters.com%2FDreesSommerSE%2F744000144725534"
"Drees & Sommer SE","Junior Vertragsmanager (w/m/d) EPCM – Großprojekte Real Estate und Infrastruktur","Junior","Frankfurt","Frankfurt am Main, HE, Germany","2026-08-10T06:56:13.305Z","https://jobs.smartrecruiters.com/DreesSommerSE/744000142568129","https://careerkit.me/api/apply?src=github-dach&company=drees-sommer-se&url=https%3A%2F%2Fjobs.smartrecruiters.com%2FDreesSommerSE%2F744000142568129"
"Drees & Sommer SE","Junior Bauingenieur / Architekt (w/m/d) Objektüberwachung","Junior","Frankfurt","Frankfurt am Main, HE, Germany","2026-07-29T14:35:35.351Z","https://jobs.smartrecruiters.com/DreesSommerSE/744000140484939","https://careerkit.me/api/apply?src=github-dach&company=drees-sommer-se&url=https%3A%2F%2Fjobs.smartrecruiters.com%2FDreesSommerSE%2F744000140484939"
"Drees & Sommer SE","Junior Consultant (w/m/d) Resilience and Risk Advisory in Bau- und Immobilienprojekten","Junior","Frankfurt","Frankfurt am Main, HESSEN, Germany","2026-05-26T09:51:15.069Z","https://jobs.smartrecruiters.com/DreesSommerSE/744000128445837","https://careerkit.me/api/apply?src=github-dach&company=drees-sommer-se&url=https%3A%2F%2Fjobs.smartrecruiters.com%2FDreesSommerSE%2F744000128445837"
"Drees & Sommer SE","Junior Ingenieur / Techniker (w/m/d) Objektüberwachung Elektrotechnik","Junior","Frankfurt","Frankfurt am Main, HE, Germany","2026-05-26T09:07:30.427Z","https://jobs.smartrecruiters.com/DreesSommerSE/744000128435879","https://careerkit.me/api/apply?src=github-dach&company=drees-sommer-se&url=https%3A%2F%2Fjobs.smartrecruiters.com%2FDreesSommerSE%2F744000128435879"
"Drees & Sommer SE","Junior Ingenieur / Techniker (w/m/d) Objektüberwachung HLSK","Junior","Frankfurt","Frankfurt am Main, HE, Germany","2026-05-26T09:04:00.893Z","https://jobs.smartrecruiters.com/DreesSommerSE/744000128432434","https://careerkit.me/api/apply?src=github-dach&company=drees-sommer-se&url=https%3A%2F%2Fjobs.smartrecruiters.com%2FDreesSommerSE%2F744000128432434"
"Drees & Sommer SE","Junior Consultant (w/m/d) Claim- und Risikomanagement in Bau- und Immobilienprojekten","Junior","Frankfurt","Frankfurt am Main, HE, Germany","2026-05-26T08:01:10.733Z","https://jobs.smartrecruiters.com/DreesSommerSE/744000128417370","https://careerkit.me/api/apply?src=github-dach&company=drees-sommer-se&url=https%3A%2F%2Fjobs.smartrecruiters.com%2FDreesSommerSE%2F744000128417370"
"Mountfitchet Group","Charter Sales Consultant Entry Level (Gruppenflüge) - 50.000€ + 10% Commission","Junior","Frankfurt","Frankfurt am Main, HE, Germany","2026-09-24T14:17:56.824Z","https://jobs.smartrecruiters.com/mountfitchetgroup/744000151633569","https://careerkit.me/api/apply?src=github-dach&company=mountfitchet-group&url=https%3A%2F%2Fjobs.smartrecruiters.com%2Fmountfitchetgroup%2F744000151633569"
"NielsenIQ","(Junior) Sales Enablement Specialist (m/w/d) - German speaker","Junior","Frankfurt","Frankfurt, HE, Germany","2026-08-07T10:19:44.303Z","https://jobs.smartrecruiters.com/nielseniq/744000142097599","https://careerkit.me/api/apply?src=github-dach&company=nielseniq&url=https%3A%2F%2Fjobs.smartrecruiters.com%2Fnielseniq%2F744000142097599"
"NielsenIQ","(Junior) Sales Support (m/w/d) - German speaker","Junior","Frankfurt","Frankfurt, HE, Germany","2026-08-07T10:06:36.465Z","https://jobs.smartrecruiters.com/nielseniq/744000142095598","https://careerkit.me/api/apply?src=github-dach&company=nielseniq&url=https%3A%2F%2Fjobs.smartrecruiters.com%2Fnielseniq%2F744000142095598"
"SIXT","Management Trainee Filiale (m/w/d) Region Süd-West","Junior","Frankfurt","Frankfurt am Main, HE, Germany","2026-09-08T14:00:15.671Z","https://jobs.smartrecruiters.com/sixt/744000148247290","https://careerkit.me/api/apply?src=github-dach&company=sixt&url=https%3A%2F%2Fjobs.smartrecruiters.com%2Fsixt%2F744000148247290"
"SIXT","Quereinsteiger Autovermietung (m/w/d) Flughafen - Vollzeit/Teilzeit","Junior","Frankfurt","Frankfurt, HE, Germany","2026-07-16T13:41:16.922Z","https://jobs.smartrecruiters.com/sixt/744000138123099","https://careerkit.me/api/apply?src=github-dach&company=sixt&url=https%3A%2F%2Fjobs.smartrecruiters.com%2Fsixt%2F744000138123099"
"StepStone Group","Quereinsteiger im Vertrieb (m/w/d) – Neukunden","Junior","Frankfurt","Frankfurt am Main, , Germany","2026-09-11T09:25:58.178Z","https://jobs.smartrecruiters.com/StepStoneGroup/744000148970219","https://careerkit.me/api/apply?src=github-dach&company=stepstone-group&url=https%3A%2F%2Fjobs.smartrecruiters.com%2FStepStoneGroup%2F744000148970219"
"StepStone Group","Junior Vertriebsmitarbeiter (m/w/d) B2B Neukundenvertrieb","Junior","Frankfurt","Frankfurt am Main, , Germany","2026-08-31T07:46:17.549Z","https://jobs.smartrecruiters.com/StepStoneGroup/744000146410600","https://careerkit.me/api/apply?src=github-dach&company=stepstone-group&url=https%3A%2F%2Fjobs.smartrecruiters.com%2FStepStoneGroup%2F744000146410600"
"Turner & Townsend","Junior Cost Manager (m/w/d) - Hochbauprojekte","Junior","Frankfurt","Frankfurt am Main, , Germany","2026-08-05T14:54:50.364Z","https://jobs.smartrecruiters.com/turnertownsend/744000141743359","https://careerkit.me/api/apply?src=github-dach&company=turner-townsend&url=https%3A%2F%2Fjobs.smartrecruiters.com%2Fturnertownsend%2F744000141743359"
"veeva","Associate Consultant - Entry-Level Technology Consulting","Junior","Frankfurt","Germany - Frankfurt / Germany - Frankfurt","2026-08-28T19:18:55.144Z","https://jobs.lever.co/veeva/909610da-99da-4e58-89a8-e3a0e998e6b7","https://careerkit.me/api/apply?src=github-dach&company=veeva&url=https%3A%2F%2Fjobs.lever.co%2Fveeva%2F909610da-99da-4e58-89a8-e3a0e998e6b7"
"veeva","Associate Technical Consultant - Entry-Level Consulting","Junior","Frankfurt","Germany - Frankfurt / Germany - Frankfurt","2026-03-24T18:56:40.351Z","https://jobs.lever.co/veeva/7af7a2cf-707c-4791-bb3d-9b7e6ff81903","https://careerkit.me/api/apply?src=github-dach&company=veeva&url=https%3A%2F%2Fjobs.lever.co%2Fveeva%2F7af7a2cf-707c-4791-bb3d-9b7e6ff81903"
"WPP Media","Junior Activation Manager OOH (Mensch)","Junior","Frankfurt","Frankfurt, Germany","2026-09-10T12:10:25-04:00","https://job-boards.greenhouse.io/wppmedia/jobs/5420757008","https://careerkit.me/api/apply?src=github-dach&company=wpp-media&url=https%3A%2F%2Fjob-boards.greenhouse.io%2Fwppmedia%2Fjobs%2F5420757008"
"WPP Media","Junior Planner OOH (Mensch)","Junior","Frankfurt","Frankfurt, Germany","2026-09-10T12:10:30-04:00","https://job-boards.greenhouse.io/wppmedia/jobs/5082727008","https://careerkit.me/api/apply?src=github-dach&company=wpp-media&url=https%3A%2F%2Fjob-boards.greenhouse.io%2Fwppmedia%2Fjobs%2F5082727008"
"WPP Media","Junior Investment Manager Video (Mensch)","Junior","Frankfurt","Dusseldorf, Germany; Frankfurt, Germany","2026-08-27T08:37:42-04:00","https://job-boards.greenhouse.io/wppmedia/jobs/5407615008","https://careerkit.me/api/apply?src=github-dach&company=wpp-media&url=https%3A%2F%2Fjob-boards.greenhouse.io%2Fwppmedia%2Fjobs%2F5407615008"
"WPP Media","Junior Planner Print, Audio, Cinema - Regional (Mensch)","Junior","Frankfurt","Frankfurt, Germany","2026-07-15T08:56:25-04:00","https://job-boards.greenhouse.io/wppmedia/jobs/5354484008","https://careerkit.me/api/apply?src=github-dach&company=wpp-media&url=https%3A%2F%2Fjob-boards.greenhouse.io%2Fwppmedia%2Fjobs%2F5354484008"
"Bosch Group","Praktikum Business Operations Connected Parking","Praktikum","Frankfurt","Frankfurt am Main, HE, Germany","2026-07-16T07:22:38.171Z","https://jobs.smartrecruiters.com/BoschGroup/744000138043309","https://careerkit.me/api/apply?src=github-dach&company=bosch-group&url=https%3A%2F%2Fjobs.smartrecruiters.com%2FBoschGroup%2F744000138043309"
"Bosch Group","Praktikum IT-Entwicklung Connected Truck Parking","Praktikum","Frankfurt","Frankfurt am Main, HE, Germany","2026-07-03T10:00:17.218Z","https://jobs.smartrecruiters.com/BoschGroup/744000135687630","https://careerkit.me/api/apply?src=github-dach&company=bosch-group&url=https%3A%2F%2Fjobs.smartrecruiters.com%2FBoschGroup%2F744000135687630"
"Bosch Group","Praktikum im Produktmanagement","Praktikum","Frankfurt","Frankfurt am Main, HE, Germany","2026-06-12T08:09:53.895Z","https://jobs.smartrecruiters.com/BoschGroup/744000131836934","https://careerkit.me/api/apply?src=github-dach&company=bosch-group&url=https%3A%2F%2Fjobs.smartrecruiters.com%2FBoschGroup%2F744000131836934"
"EIGHT ADVISORY SAS","Strategic Valuation & Modeling - Intern 2027","Praktikum","Frankfurt","Frankfurt am Main, Hesse, Allemagne","2026-04-29 13:04:55 UTC","https://8advisory.recruitee.com/o/strategic-valuation-modeling-intern-2027","https://careerkit.me/api/apply?src=github-dach&company=eight-advisory-sas&url=https%3A%2F%2F8advisory.recruitee.com%2Fo%2Fstrategic-valuation-modeling-intern-2027"
"EIGHT ADVISORY SAS","Transaction Tax - Intern","Praktikum","Frankfurt","Frankfurt am Main, Hesse, Allemagne","2024-05-07 20:41:18 UTC","https://8advisory.recruitee.com/o/transaction-services-intern-2-5","https://careerkit.me/api/apply?src=github-dach&company=eight-advisory-sas&url=https%3A%2F%2F8advisory.recruitee.com%2Fo%2Ftransaction-services-intern-2-5"
"1KOMMA5°","Werkstudent (m/w/d) Operations - Grid Registration & Smart Meter - 1KOMMA5° Frankfurt am Main","Werkstudent","Frankfurt","Frankfurt am Main","2024-10-10T08:39:52+00:00","https://1komma5grad.jobs.personio.de/job/1771151","https://careerkit.me/api/apply?src=github-dach&company=1komma5&url=https%3A%2F%2F1komma5grad.jobs.personio.de%2Fjob%2F1771151"
"Bosch Group","Werkstudent:in – Service Design mit Fokus auf Customer Journey Management bei Bosch eBike Systems (w/m/div.)","Werkstudent","Frankfurt","Frankfurt am Main, HE, Germany","2026-09-22T09:55:42.120Z","https://jobs.smartrecruiters.com/BoschGroup/744000150984090","https://careerkit.me/api/apply?src=github-dach&company=bosch-group&url=https%3A%2F%2Fjobs.smartrecruiters.com%2FBoschGroup%2F744000150984090"
"Bosch Group","Working Student – Service Design with a Customer Journey Management Focus at Bosch eBike Systems (f/m/div.)","Werkstudent","Frankfurt","Frankfurt am Main, HE, Germany","2026-09-22T09:55:24.013Z","https://jobs.smartrecruiters.com/BoschGroup/744000150986869","https://careerkit.me/api/apply?src=github-dach&company=bosch-group&url=https%3A%2F%2Fjobs.smartrecruiters.com%2FBoschGroup%2F744000150986869"
"Drees & Sommer SE","Werkstudent (w/m/d) Resilienz- und Sicherheitsberatung","Werkstudent","Frankfurt","Frankfurt am Main, HE, Germany","2026-09-24T14:08:01.780Z","https://jobs.smartrecruiters.com/DreesSommerSE/744000151630869","https://careerkit.me/api/apply?src=github-dach&company=drees-sommer-se&url=https%3A%2F%2Fjobs.smartrecruiters.com%2FDreesSommerSE%2F744000151630869"
"Drees & Sommer SE","Werkstudent (w/m/d) Projektmanagement Infrastruktur","Werkstudent","Frankfurt","Frankfurt am Main, HE, Germany","2026-09-16T14:14:11.918Z","https://jobs.smartrecruiters.com/DreesSommerSE/744000149882639","https://careerkit.me/api/apply?src=github-dach&company=drees-sommer-se&url=https%3A%2F%2Fjobs.smartrecruiters.com%2FDreesSommerSE%2F744000149882639"
"Drees & Sommer SE","Praktikant/Werkstudent (w/m/d) Immobilienberatung","Werkstudent","Frankfurt","Frankfurt am Main, HE, Germany","2026-09-15T08:52:50.776Z","https://jobs.smartrecruiters.com/DreesSommerSE/744000149540469","https://careerkit.me/api/apply?src=github-dach&company=drees-sommer-se&url=https%3A%2F%2Fjobs.smartrecruiters.com%2FDreesSommerSE%2F744000149540469"
"Drees & Sommer SE","Werkstudent (w/m/d) Baumanagement Rechenzentrum","Werkstudent","Frankfurt","Frankfurt am Main, HE, Germany","2026-09-03T06:45:39.466Z","https://jobs.smartrecruiters.com/DreesSommerSE/744000147159839","https://careerkit.me/api/apply?src=github-dach&company=drees-sommer-se&url=https%3A%2F%2Fjobs.smartrecruiters.com%2FDreesSommerSE%2F744000147159839"
"Drees & Sommer SE","Werkstudent (w/m/d) Projektmanagement Healthcare","Werkstudent","Frankfurt","Frankfurt am Main, HE, Germany","2026-08-24T12:24:42.646Z","https://jobs.smartrecruiters.com/DreesSommerSE/744000145260261","https://careerkit.me/api/apply?src=github-dach&company=drees-sommer-se&url=https%3A%2F%2Fjobs.smartrecruiters.com%2FDreesSommerSE%2F744000145260261"
"Drees & Sommer SE","Werkstudent (w/m/d) Vertrags- und Claim Management","Werkstudent","Frankfurt","Frankfurt am Main, HE, Germany","2026-08-17T14:23:12.223Z","https://jobs.smartrecruiters.com/DreesSommerSE/744000143852349","https://careerkit.me/api/apply?src=github-dach&company=drees-sommer-se&url=https%3A%2F%2Fjobs.smartrecruiters.com%2FDreesSommerSE%2F744000143852349"
"Drees & Sommer SE","Werkstudent Technical Advisory - Gebäude- und Versorgungstechnik (TGA)","Werkstudent","Frankfurt","Frankfurt am Main, HE, Germany","2026-06-19T05:32:57.233Z","https://jobs.smartrecruiters.com/DreesSommerSE/744000132991759","https://careerkit.me/api/apply?src=github-dach&company=drees-sommer-se&url=https%3A%2F%2Fjobs.smartrecruiters.com%2FDreesSommerSE%2F744000132991759"
"Drees & Sommer SE","Werkstudent (w/m/d) Workplace Consulting","Werkstudent","Frankfurt","Frankfurt am Main, HE, Germany","2026-06-10T13:07:13.215Z","https://jobs.smartrecruiters.com/DreesSommerSE/744000131449339","https://careerkit.me/api/apply?src=github-dach&company=drees-sommer-se&url=https%3A%2F%2Fjobs.smartrecruiters.com%2FDreesSommerSE%2F744000131449339"
"Eurofins","Werkstudent (m/w/d) Probenahme","Werkstudent","Frankfurt","Frankfurt am Main, HE, Germany","2026-09-24T11:52:32.628Z","https://jobs.smartrecruiters.com/eurofins/744000151599673","https://careerkit.me/api/apply?src=github-dach&company=eurofins&url=https%3A%2F%2Fjobs.smartrecruiters.com%2Feurofins%2F744000151599673"
"Julius Baer","Werkstudent (m/w/d) Human Resources","Werkstudent","Frankfurt","Frankfurt am Main","2026-09-23T09:54:26.325Z","https://juliusbaer.wd3.myworkdayjobs.com/External/job/Frankfurt-am-Main/Werkstudent--m-w-d--Human-Resources_r-19954","https://careerkit.me/api/apply?src=github-dach&company=julius-baer&url=https%3A%2F%2Fjuliusbaer.wd3.myworkdayjobs.com%2FExternal%2Fjob%2FFrankfurt-am-Main%2FWerkstudent--m-w-d--Human-Resources_r-19954"
"NielsenIQ","NIQ Early Career Program: Werkstudent Marktforschung Analytics (m/w/d)","Werkstudent","Frankfurt","Frankfurt, HE, Germany","2026-09-21T13:54:28.573Z","https://jobs.smartrecruiters.com/nielseniq/744000150704125","https://careerkit.me/api/apply?src=github-dach&company=nielseniq&url=https%3A%2F%2Fjobs.smartrecruiters.com%2Fnielseniq%2F744000150704125"
"SIXT","Studentische Teilzeitkraft Autovermietung (m/w/d) Flughafen","Werkstudent","Frankfurt","Frankfurt Hahn, , Germany","2026-09-21T15:22:58.591Z","https://jobs.smartrecruiters.com/sixt/744000150732408","https://careerkit.me/api/apply?src=github-dach&company=sixt&url=https%3A%2F%2Fjobs.smartrecruiters.com%2Fsixt%2F744000150732408"
"SIXT","Werkstudent Autovermietung (m/w/d) Flughafen","Werkstudent","Frankfurt","Frankfurt Hahn, , Germany","2026-09-21T15:22:47.324Z","https://jobs.smartrecruiters.com/sixt/744000150732329","https://careerkit.me/api/apply?src=github-dach&company=sixt&url=https%3A%2F%2Fjobs.smartrecruiters.com%2Fsixt%2F744000150732329"
"SIXT","Studentische Teilzeitkraft Autovermietung (m/w/d) Frankfurt Flughafen","Werkstudent","Frankfurt","Frankfurt, HE, Germany","2026-07-02T14:55:19.635Z","https://jobs.smartrecruiters.com/sixt/744000135528093","https://careerkit.me/api/apply?src=github-dach&company=sixt&url=https%3A%2F%2Fjobs.smartrecruiters.com%2Fsixt%2F744000135528093"
"Solaris","Risk Management Working Student","Werkstudent","Frankfurt","Frankfurt","2026-08-10T03:59:06-04:00","https://job-boards.greenhouse.io/solarisbank/jobs/8647514002","https://careerkit.me/api/apply?src=github-dach&company=solaris&url=https%3A%2F%2Fjob-boards.greenhouse.io%2Fsolarisbank%2Fjobs%2F8647514002"
"Turner & Townsend","Werkstudent (m/w/d) Cost Management - Data Centres","Werkstudent","Frankfurt","Frankfurt am Main, , Germany","2026-09-08T12:21:41.601Z","https://jobs.smartrecruiters.com/turnertownsend/744000148221669","https://careerkit.me/api/apply?src=github-dach&company=turner-townsend&url=https%3A%2F%2Fjobs.smartrecruiters.com%2Fturnertownsend%2F744000148221669"
"WPP Media","Werkstudent (Mensch) Planning Außenwerbung","Werkstudent","Frankfurt","Frankfurt, Germany","2026-08-07T02:59:20-04:00","https://job-boards.greenhouse.io/wppmedia/jobs/5381758008","https://careerkit.me/api/apply?src=github-dach&company=wpp-media&url=https%3A%2F%2Fjob-boards.greenhouse.io%2Fwppmedia%2Fjobs%2F5381758008"
"1KOMMA5°","Quereinsteiger / Baustellenhelfer / Elektrohelfer (m/w/d) - Photovoltaik, Wärmepumpen & Energiesysteme - 1KOMMA5° Freiburg","Junior","Freiburg","Emmendingen / Freiburg","2024-01-15T13:54:33+00:00","https://1komma5grad.jobs.personio.de/job/1388781","https://careerkit.me/api/apply?src=github-dach&company=1komma5&url=https%3A%2F%2F1komma5grad.jobs.personio.de%2Fjob%2F1388781"
"Drees & Sommer SE","Junior Bauingenieur / Architekt (w/m/d) Objektüberwachung","Junior","Freiburg","Freiburg im Breisgau, BW, Germany","2026-06-16T08:15:59.262Z","https://jobs.smartrecruiters.com/DreesSommerSE/744000132354567","https://careerkit.me/api/apply?src=github-dach&company=drees-sommer-se&url=https%3A%2F%2Fjobs.smartrecruiters.com%2FDreesSommerSE%2F744000132354567"
"SGS","Quereinsteiger*in (m/w/d) als Laborassistenz Probenvorbereitung/Sensorik","Junior","Freiburg","Freiburg im Breisgau, BW, Germany","2026-09-18T08:15:00.696Z","https://jobs.smartrecruiters.com/sgs/744000150302556","https://careerkit.me/api/apply?src=github-dach&company=sgs&url=https%3A%2F%2Fjobs.smartrecruiters.com%2Fsgs%2F744000150302556"
"Drees & Sommer SE","Praktikant (w/m/d) Projektmanagement Hochbau","Praktikum","Freiburg","Freiburg im Breisgau, BW, Germany","2026-06-30T14:17:34.675Z","https://jobs.smartrecruiters.com/DreesSommerSE/744000135028324","https://careerkit.me/api/apply?src=github-dach&company=drees-sommer-se&url=https%3A%2F%2Fjobs.smartrecruiters.com%2FDreesSommerSE%2F744000135028324"
"Intuitive","Schülerpraktikum – Technische Berufe (m/w/d)","Praktikum","Freiburg","Freiburg im Breisgau, BW, Germany","2026-09-21T13:09:56.652Z","https://jobs.smartrecruiters.com/intuitive/744000150692213","https://careerkit.me/api/apply?src=github-dach&company=intuitive&url=https%3A%2F%2Fjobs.smartrecruiters.com%2Fintuitive%2F744000150692213"
"Ace & Tate","Verkäufer (m/w/d) - Werkstudent","Werkstudent","Freiburg","Freiburg im Breisgau, BW, Germany","2026-09-17T08:37:13.417Z","https://jobs.smartrecruiters.com/AceTate/744000150044279","https://careerkit.me/api/apply?src=github-dach&company=ace-tate&url=https%3A%2F%2Fjobs.smartrecruiters.com%2FAceTate%2F744000150044279"
"cbs Corporate Business Solutions","Werkstudent - SAP Berechtigungsmanagement (m/w/d)","Werkstudent","Freiburg","Freiburg im Breisgau, Baden-Württemberg, Deutschland","2026-07-13 11:59:33 UTC","https://cbsconsulting.recruitee.com/o/werkstudent-sap-berechtigungsmanagement-mwd","https://careerkit.me/api/apply?src=github-dach&company=cbs-corporate-business-solutions&url=https%3A%2F%2Fcbsconsulting.recruitee.com%2Fo%2Fwerkstudent-sap-berechtigungsmanagement-mwd"
"Drees & Sommer SE","Praktikant/Werkstudent (w/m/d) Baumanagement Objektüberwachung","Werkstudent","Freiburg","Freiburg im Breisgau, BW, Germany","2026-05-26T07:33:32.724Z","https://jobs.smartrecruiters.com/DreesSommerSE/744000128410014","https://careerkit.me/api/apply?src=github-dach&company=drees-sommer-se&url=https%3A%2F%2Fjobs.smartrecruiters.com%2FDreesSommerSE%2F744000128410014"
"Nagarro","Working Student / Werkstudent (f/m/d) SAP Sales & Demand Generation Freiburg","Werkstudent","Freiburg","Freiburg, , Germany","2026-09-15T06:49:54.948Z","https://jobs.smartrecruiters.com/nagarro1/744000149512260","https://careerkit.me/api/apply?src=github-dach&company=nagarro&url=https%3A%2F%2Fjobs.smartrecruiters.com%2Fnagarro1%2F744000149512260"
"Pierre Fabre Pharma","Werkstudent für den Wissenschaftlicher Außendienst im Innendienst (m/w/d)","Werkstudent","Freiburg","2 Locations","2026-08-26T09:54:38.025Z","https://pierrefabre.wd3.myworkdayjobs.com/External_Career_Site/job/Germany---Freiburg/Werkstudent-fr-den-Wissenschaftlicher-Auendienst-im-Innendienst--m-w-d-_JR112217-1","https://careerkit.me/api/apply?src=github-dach&company=pierre-fabre-pharma&url=https%3A%2F%2Fpierrefabre.wd3.myworkdayjobs.com%2FExternal_Career_Site%2Fjob%2FGermany---Freiburg%2FWerkstudent-fr-den-Wissenschaftlicher-Auendienst-im-Innendienst--m-w-d-_JR112217-1"
"Veolia Environnement SA","Werkstudent Wirtschaftsingenieurwesen (m/w/d)","Werkstudent","Freiburg","Freiburg im Breisgau, BW, Germany","2024-08-07T13:53:11.459Z","https://jobs.smartrecruiters.com/VeoliaEnvironnementSA/744000005487196","https://careerkit.me/api/apply?src=github-dach&company=veolia-environnement-sa&url=https%3A%2F%2Fjobs.smartrecruiters.com%2FVeoliaEnvironnementSA%2F744000005487196"
"Enterprise Rent-a-Car","Management Trainee 100%","Junior","Geneva","Le Grand-Saconnex, Genf","2026-09-18T12:24:18Z","https://www.adzuna.ch/land/ad/5889067143?se=dGU-Lse48RG6__weu4s3oQ&utm_medium=api&utm_source=8efdd1b9&v=2F6C94F34BB56C87102E297C62E99F8D29C46A63","https://careerkit.me/api/apply?src=github-dach&company=enterprise-rent-a-car&url=https%3A%2F%2Fwww.adzuna.ch%2Fland%2Fad%2F5889067143%3Fse%3DdGU-Lse48RG6__weu4s3oQ%26utm_medium%3Dapi%26utm_source%3D8efdd1b9%26v%3D2F6C94F34BB56C87102E297C62E99F8D29C46A63"
"Enterprise Rent-a-Car","Management Trainee","Junior","Geneva","Le Grand-Saconnex, Genf","2026-09-17T12:24:47Z","https://www.adzuna.ch/land/ad/5887493527?se=dGU-Lse48RG6__weu4s3oQ&utm_medium=api&utm_source=8efdd1b9&v=7A229104D9B967E0BC1E91DE67DD2FCA0DD418F6","https://careerkit.me/api/apply?src=github-dach&company=enterprise-rent-a-car&url=https%3A%2F%2Fwww.adzuna.ch%2Fland%2Fad%2F5887493527%3Fse%3DdGU-Lse48RG6__weu4s3oQ%26utm_medium%3Dapi%26utm_source%3D8efdd1b9%26v%3D7A229104D9B967E0BC1E91DE67DD2FCA0DD418F6"
"Geneva","Trainee - Environmental, Social and Governance","Junior","Geneva","Kanton Genf, Schweiz","2026-08-09T01:36:45Z","https://www.adzuna.ch/details/5834044908?utm_medium=api&utm_source=8efdd1b9","https://careerkit.me/api/apply?src=github-dach&company=geneva&url=https%3A%2F%2Fwww.adzuna.ch%2Fdetails%2F5834044908%3Futm_medium%3Dapi%26utm_source%3D8efdd1b9"
"H&M Group","Department Manager Trainee (m/w/d) - Raum KLAGENFURT (38,5 Wochenstunden)","Junior","Geneva","Klagenfurt am Wörthersee, Kärnten, Austria","2026-09-10T09:19:43.342Z","https://jobs.smartrecruiters.com/HMGroup/744000148718039","https://careerkit.me/api/apply?src=github-dach&company=h-m-group&url=https%3A%2F%2Fjobs.smartrecruiters.com%2FHMGroup%2F744000148718039"
"Job-Room","Management Trainee 100%","Junior","Geneva","Le Grand-Saconnex, Genf","2026-09-21T15:14:10Z","https://www.adzuna.ch/details/5892827756?utm_medium=api&utm_source=8efdd1b9","https://careerkit.me/api/apply?src=github-dach&company=job-room&url=https%3A%2F%2Fwww.adzuna.ch%2Fdetails%2F5892827756%3Futm_medium%3Dapi%26utm_source%3D8efdd1b9"
"CERN","Short Term Internship 2026","Praktikum","Geneva","Geneva, GE, Switzerland","2026-09-09T07:15:32.203Z","https://jobs.smartrecruiters.com/CERN/744000148423351","https://careerkit.me/api/apply?src=github-dach&company=cern&url=https%3A%2F%2Fjobs.smartrecruiters.com%2FCERN%2F744000148423351"
"CERN European Organization for Nuclear Research","Short Term Internship 2026","Praktikum","Geneva","Kanton Genf, Schweiz","2026-09-11T00:28:23Z","https://www.adzuna.ch/details/5878908819?utm_medium=api&utm_source=8efdd1b9","https://careerkit.me/api/apply?src=github-dach&company=cern-european-organization-for-nuclear-research&url=https%3A%2F%2Fwww.adzuna.ch%2Fdetails%2F5878908819%3Futm_medium%3Dapi%26utm_source%3D8efdd1b9"
"Fondation Officielle de la Jeunesse","Stagiaire Répétiteur-trice / La Spirale","Praktikum","Geneva","Lancy, Genf","2026-08-14T23:54:29Z","https://www.adzuna.ch/details/5842184315?utm_medium=api&utm_source=8efdd1b9","https://careerkit.me/api/apply?src=github-dach&company=fondation-officielle-de-la-jeunesse&url=https%3A%2F%2Fwww.adzuna.ch%2Fdetails%2F5842184315%3Futm_medium%3Dapi%26utm_source%3D8efdd1b9"
"Grant Thornton AG","Tax Intern (8–12 Months), 80–100% (w/m/d)","Praktikum","Geneva","Genf","2026-09-10T00:36:02Z","https://www.adzuna.ch/details/5877618681?utm_medium=api&utm_source=8efdd1b9","https://careerkit.me/api/apply?src=github-dach&company=grant-thornton-ag&url=https%3A%2F%2Fwww.adzuna.ch%2Fdetails%2F5877618681%3Futm_medium%3Dapi%26utm_source%3D8efdd1b9"
"Lombard Odier","Internship – Software Engineer - Application Monitoring & Observability","Praktikum","Geneva","Geneva","2026-09-24T09:54:28.639Z","https://lombardodier.wd3.myworkdayjobs.com/Lombard_Odier_Careers/job/Geneva/Internship---Software-Engineer---Application-Monitoring---Observability_R0007631","https://careerkit.me/api/apply?src=github-dach&company=lombard-odier&url=https%3A%2F%2Flombardodier.wd3.myworkdayjobs.com%2FLombard_Odier_Careers%2Fjob%2FGeneva%2FInternship---Software-Engineer---Application-Monitoring---Observability_R0007631"
"Lombard Odier","Internship – AI Software Engineer - Contribution to the Design and Implementation of an Agentic Sandbox Platform","Praktikum","Geneva","Geneva","2026-09-24T09:54:28.639Z","https://lombardodier.wd3.myworkdayjobs.com/Lombard_Odier_Careers/job/Geneva/Internship---AI-Software-Engineer---Contribution-to-the-Design-and-Implementation-of-an-Agentic-Sandbox-Platform_R0007634","https://careerkit.me/api/apply?src=github-dach&company=lombard-odier&url=https%3A%2F%2Flombardodier.wd3.myworkdayjobs.com%2FLombard_Odier_Careers%2Fjob%2FGeneva%2FInternship---AI-Software-Engineer---Contribution-to-the-Design-and-Implementation-of-an-Agentic-Sandbox-Platform_R0007634"
"Lombard Odier","Internship – Machine Learning Engineer - Action Dashboard Ranking Engine","Praktikum","Geneva","Geneva","2026-09-24T09:54:28.639Z","https://lombardodier.wd3.myworkdayjobs.com/Lombard_Odier_Careers/job/Geneva/Internship---Machine-Learning-Engineer---Action-Dashboard-Ranking-Engine_R0007629","https://careerkit.me/api/apply?src=github-dach&company=lombard-odier&url=https%3A%2F%2Flombardodier.wd3.myworkdayjobs.com%2FLombard_Odier_Careers%2Fjob%2FGeneva%2FInternship---Machine-Learning-Engineer---Action-Dashboard-Ranking-Engine_R0007629"
"Lombard Odier","Internship – Data Engineer - Optimization of Data Delivery","Praktikum","Geneva","Geneva","2026-09-24T09:54:28.639Z","https://lombardodier.wd3.myworkdayjobs.com/Lombard_Odier_Careers/job/Geneva/Internship---Data-Engineer---Optimization-of-Data-Delivery_R0007637","https://careerkit.me/api/apply?src=github-dach&company=lombard-odier&url=https%3A%2F%2Flombardodier.wd3.myworkdayjobs.com%2FLombard_Odier_Careers%2Fjob%2FGeneva%2FInternship---Data-Engineer---Optimization-of-Data-Delivery_R0007637"
"Lombard Odier","Internship – Data Engineer - Accelerating Adoption of Microsoft Fabric","Praktikum","Geneva","Geneva","2026-09-24T09:54:28.639Z","https://lombardodier.wd3.myworkdayjobs.com/Lombard_Odier_Careers/job/Geneva/Internship---Data-Engineer---Accelerating-Adoption-of-Microsoft-Fabric_R0007638","https://careerkit.me/api/apply?src=github-dach&company=lombard-odier&url=https%3A%2F%2Flombardodier.wd3.myworkdayjobs.com%2FLombard_Odier_Careers%2Fjob%2FGeneva%2FInternship---Data-Engineer---Accelerating-Adoption-of-Microsoft-Fabric_R0007638"
"Lombard Odier","Internship - AI Software Engineer - AI-Powered CRM – Mobile CRM Features (Voice Notes & Smart Notifications)","Praktikum","Geneva","Geneva","2026-09-24T09:54:28.639Z","https://lombardodier.wd3.myworkdayjobs.com/Lombard_Odier_Careers/job/Geneva/Internship---AI-Software-Engineer---AI-Powered-CRM---Mobile-CRM-Features--Voice-Notes---Smart-Notifications-_R0007642","https://careerkit.me/api/apply?src=github-dach&company=lombard-odier&url=https%3A%2F%2Flombardodier.wd3.myworkdayjobs.com%2FLombard_Odier_Careers%2Fjob%2FGeneva%2FInternship---AI-Software-Engineer---AI-Powered-CRM---Mobile-CRM-Features--Voice-Notes---Smart-Notifications-_R0007642"
"Lombard Odier","Internship – Software Engineer – Global Markets Services AI Project","Praktikum","Geneva","Geneva","2026-09-24T09:54:28.639Z","https://lombardodier.wd3.myworkdayjobs.com/Lombard_Odier_Careers/job/Geneva/Internship---Software-Engineer---Global-Markets-Services-AI-Project_R0007627-1","https://careerkit.me/api/apply?src=github-dach&company=lombard-odier&url=https%3A%2F%2Flombardodier.wd3.myworkdayjobs.com%2FLombard_Odier_Careers%2Fjob%2FGeneva%2FInternship---Software-Engineer---Global-Markets-Services-AI-Project_R0007627-1"
"Lombard Odier","Internship – AI Engineer - AI-Powered CRM – Data Extraction & KYC Support","Praktikum","Geneva","Geneva","2026-09-24T09:54:28.639Z","https://lombardodier.wd3.myworkdayjobs.com/Lombard_Odier_Careers/job/Geneva/Internship---AI-Engineer---AI-Powered-CRM---Data-Extraction---KYC-Support_R0007640","https://careerkit.me/api/apply?src=github-dach&company=lombard-odier&url=https%3A%2F%2Flombardodier.wd3.myworkdayjobs.com%2FLombard_Odier_Careers%2Fjob%2FGeneva%2FInternship---AI-Engineer---AI-Powered-CRM---Data-Extraction---KYC-Support_R0007640"
"Lombard Odier","Internship – AI Engineer - AI-Powered CRM, Engagement & Churn Analysis","Praktikum","Geneva","Geneva","2026-09-24T09:54:28.639Z","https://lombardodier.wd3.myworkdayjobs.com/Lombard_Odier_Careers/job/Geneva/Internship---AI-Engineer---AI-Powered-CRM--Engagement---Churn-Analysis_R0007639","https://careerkit.me/api/apply?src=github-dach&company=lombard-odier&url=https%3A%2F%2Flombardodier.wd3.myworkdayjobs.com%2FLombard_Odier_Careers%2Fjob%2FGeneva%2FInternship---AI-Engineer---AI-Powered-CRM--Engagement---Churn-Analysis_R0007639"
"Lombard Odier","Internship – AI Engineer - AI in Enterprise Java Application Frameworks","Praktikum","Geneva","Geneva","2026-09-24T09:54:28.639Z","https://lombardodier.wd3.myworkdayjobs.com/Lombard_Odier_Careers/job/Geneva/Internship---AI-Engineer---AI-in-Enterprise-Java-Application-Frameworks_R0007635","https://careerkit.me/api/apply?src=github-dach&company=lombard-odier&url=https%3A%2F%2Flombardodier.wd3.myworkdayjobs.com%2FLombard_Odier_Careers%2Fjob%2FGeneva%2FInternship---AI-Engineer---AI-in-Enterprise-Java-Application-Frameworks_R0007635"
"Lombard Odier","Internship – AI Engineer - AI-Powered Software Migration Factory","Praktikum","Geneva","Geneva","2026-09-24T09:54:28.639Z","https://lombardodier.wd3.myworkdayjobs.com/Lombard_Odier_Careers/job/Geneva/Internship---AI-Engineer---AI-Powered-Software-Migration-Factory_R0007636-1","https://careerkit.me/api/apply?src=github-dach&company=lombard-odier&url=https%3A%2F%2Flombardodier.wd3.myworkdayjobs.com%2FLombard_Odier_Careers%2Fjob%2FGeneva%2FInternship---AI-Engineer---AI-Powered-Software-Migration-Factory_R0007636-1"
"Lombard Odier","Internship – Software Engineer - Competency Graph Administration Platform Modernization","Praktikum","Geneva","Geneva","2026-09-24T09:54:28.639Z","https://lombardodier.wd3.myworkdayjobs.com/Lombard_Odier_Careers/job/Geneva/Internship---Software-Engineer---Competency-Graph-Administration-Platform-Modernization_R0007643","https://careerkit.me/api/apply?src=github-dach&company=lombard-odier&url=https%3A%2F%2Flombardodier.wd3.myworkdayjobs.com%2FLombard_Odier_Careers%2Fjob%2FGeneva%2FInternship---Software-Engineer---Competency-Graph-Administration-Platform-Modernization_R0007643"
"Lombard Odier","Internship – Platform Engineer - Secure Cloud-Native Platforms for Financial Services","Praktikum","Geneva","Geneva","2026-09-24T09:54:28.639Z","https://lombardodier.wd3.myworkdayjobs.com/Lombard_Odier_Careers/job/Geneva/Internship---Platform-Engineer---Secure-Cloud-Native-Platforms-for-Financial-Services_R0007619","https://careerkit.me/api/apply?src=github-dach&company=lombard-odier&url=https%3A%2F%2Flombardodier.wd3.myworkdayjobs.com%2FLombard_Odier_Careers%2Fjob%2FGeneva%2FInternship---Platform-Engineer---Secure-Cloud-Native-Platforms-for-Financial-Services_R0007619"
"Lombard Odier","Internship – AI Software Engineer - AI-Powered Relationship Intelligence for Private Banking","Praktikum","Geneva","Geneva","2026-09-24T09:54:28.639Z","https://lombardodier.wd3.myworkdayjobs.com/Lombard_Odier_Careers/job/Geneva/Internship---AI-Software-Engineer---AI-Powered-Relationship-Intelligence-for-Private-Banking_R0007641","https://careerkit.me/api/apply?src=github-dach&company=lombard-odier&url=https%3A%2F%2Flombardodier.wd3.myworkdayjobs.com%2FLombard_Odier_Careers%2Fjob%2FGeneva%2FInternship---AI-Software-Engineer---AI-Powered-Relationship-Intelligence-for-Private-Banking_R0007641"
"Lombard Odier","Internship – Software engineer - Cash Management Tool Redevelopment","Praktikum","Geneva","Geneva","2026-09-24T09:54:28.639Z","https://lombardodier.wd3.myworkdayjobs.com/Lombard_Odier_Careers/job/Geneva/Internship---Software-engineer---Cash-Management-Tool-Redevelopment_R0007630","https://careerkit.me/api/apply?src=github-dach&company=lombard-odier&url=https%3A%2F%2Flombardodier.wd3.myworkdayjobs.com%2FLombard_Odier_Careers%2Fjob%2FGeneva%2FInternship---Software-engineer---Cash-Management-Tool-Redevelopment_R0007630"
"Lombard Odier","Internship – AI Software Engineer - AI-Driven Batch-to-Service Migration for Securities Settlement","Praktikum","Geneva","Geneva","2026-09-24T09:54:28.639Z","https://lombardodier.wd3.myworkdayjobs.com/Lombard_Odier_Careers/job/Geneva/Internship---AI-Software-Engineer---AI-Driven-Batch-to-Service-Migration-for-Securities-Settlement_R0007632","https://careerkit.me/api/apply?src=github-dach&company=lombard-odier&url=https%3A%2F%2Flombardodier.wd3.myworkdayjobs.com%2FLombard_Odier_Careers%2Fjob%2FGeneva%2FInternship---AI-Software-Engineer---AI-Driven-Batch-to-Service-Migration-for-Securities-Settlement_R0007632"
"Lombard Odier","Internship – AI Software Engineer - AI-Powered Non-Regression Test Case Generation","Praktikum","Geneva","Geneva","2026-09-24T09:54:28.639Z","https://lombardodier.wd3.myworkdayjobs.com/Lombard_Odier_Careers/job/Geneva/Internship---AI-Software-Engineer---AI-Powered-Non-Regression-Test-Case-Generation_R0007633","https://careerkit.me/api/apply?src=github-dach&company=lombard-odier&url=https%3A%2F%2Flombardodier.wd3.myworkdayjobs.com%2FLombard_Odier_Careers%2Fjob%2FGeneva%2FInternship---AI-Software-Engineer---AI-Powered-Non-Regression-Test-Case-Generation_R0007633"
"Lombard Odier","Internship - Enhancing Financial Knowledge Access with Generative AI","Praktikum","Geneva","Geneva","2026-09-23T09:54:28.639Z","https://lombardodier.wd3.myworkdayjobs.com/Lombard_Odier_Careers/job/Geneva/Internship---Enhancing-Financial-Knowledge-Access-with-Generative-AI_R0007258","https://careerkit.me/api/apply?src=github-dach&company=lombard-odier&url=https%3A%2F%2Flombardodier.wd3.myworkdayjobs.com%2FLombard_Odier_Careers%2Fjob%2FGeneva%2FInternship---Enhancing-Financial-Knowledge-Access-with-Generative-AI_R0007258"
"PricewaterhouseCoopers","Transfer Pricing Intern - January 2027","Praktikum","Geneva","Kanton Genf, Schweiz","2026-09-19T00:31:57Z","https://www.adzuna.ch/details/5889810946?utm_medium=api&utm_source=8efdd1b9","https://careerkit.me/api/apply?src=github-dach&company=pricewaterhousecoopers&url=https%3A%2F%2Fwww.adzuna.ch%2Fdetails%2F5889810946%3Futm_medium%3Dapi%26utm_source%3D8efdd1b9"
"Richemont","Events Coordinator Intern","Praktikum","Geneva","GENEVA","2026-09-03T09:54:46.494Z","https://richemont.wd3.myworkdayjobs.com/richemont/job/GENEVA/Events-Coordinator-Intern_JR132937","https://careerkit.me/api/apply?src=github-dach&company=richemont&url=https%3A%2F%2Frichemont.wd3.myworkdayjobs.com%2Frichemont%2Fjob%2FGENEVA%2FEvents-Coordinator-Intern_JR132937"
"Richemont","Retail Operations Intern","Praktikum","Geneva","GENEVA","2026-09-01T09:54:46.494Z","https://richemont.wd3.myworkdayjobs.com/richemont/job/GENEVA/Retail-Operations-Intern_JR132827-3","https://careerkit.me/api/apply?src=github-dach&company=richemont&url=https%3A%2F%2Frichemont.wd3.myworkdayjobs.com%2Frichemont%2Fjob%2FGENEVA%2FRetail-Operations-Intern_JR132827-3"
"Richemont","Client Services Intern","Praktikum","Geneva","GENEVA","2026-08-26T09:54:46.494Z","https://richemont.wd3.myworkdayjobs.com/richemont/job/GENEVA/Client-Services-Intern_JR132230-2","https://careerkit.me/api/apply?src=github-dach&company=richemont&url=https%3A%2F%2Frichemont.wd3.myworkdayjobs.com%2Frichemont%2Fjob%2FGENEVA%2FClient-Services-Intern_JR132230-2"
"Sonar","Tax Intern","Praktikum","Geneva","Geneva / Geneva","2026-09-07T12:56:46.104Z","https://jobs.lever.co/sonarsource/754f1bef-5335-444c-a0b6-acc37037d34c","https://careerkit.me/api/apply?src=github-dach&company=sonar&url=https%3A%2F%2Fjobs.lever.co%2Fsonarsource%2F754f1bef-5335-444c-a0b6-acc37037d34c"
"United Nations Watch","Volunteer Internship","Praktikum","Geneva","Geneva, Genève, Switzerland","2018-11-12 18:03:51 UTC","https://unwatch.recruitee.com/o/volunteer-internship","https://careerkit.me/api/apply?src=github-dach&company=united-nations-watch&url=https%3A%2F%2Funwatch.recruitee.com%2Fo%2Fvolunteer-internship"
"zip.ch SA","ZIP.ch | Internship: Online Marketing (m/f)","Praktikum","Geneva","Kanton Genf, Schweiz","2026-08-15T23:59:47Z","https://www.adzuna.ch/details/5843426417?utm_medium=api&utm_source=8efdd1b9","https://careerkit.me/api/apply?src=github-dach&company=zip-ch-sa&url=https%3A%2F%2Fwww.adzuna.ch%2Fdetails%2F5843426417%3Futm_medium%3Dapi%26utm_source%3D8efdd1b9"
"Anton Paar","HTL/UNI-Absolventen (w/m/d) – Berufseinstieg SAP","Absolvent","Graz","Graz, Styria, Austria","2026-09-23T08:51:44.708Z","https://jobs.smartrecruiters.com/AntonPaar1/744000151327649","https://careerkit.me/api/apply?src=github-dach&company=anton-paar&url=https%3A%2F%2Fjobs.smartrecruiters.com%2FAntonPaar1%2F744000151327649"
"Anton Paar","HTL/University Graduates (f/m/x) - Career Start in SAP","Absolvent","Graz","Graz, Styria, Austria","2026-09-23T08:49:42.931Z","https://jobs.smartrecruiters.com/AntonPaar1/744000151327329","https://careerkit.me/api/apply?src=github-dach&company=anton-paar&url=https%3A%2F%2Fjobs.smartrecruiters.com%2FAntonPaar1%2F744000151327329"
"DaSi AG","HTL Absolvent (m/w/d)","Absolvent","Graz","Graz, Steiermark","2026-09-24T17:08:15Z","https://www.adzuna.at/details/5896980992?utm_medium=api&utm_source=8efdd1b9","https://careerkit.me/api/apply?src=github-dach&company=dasi-ag&url=https%3A%2F%2Fwww.adzuna.at%2Fdetails%2F5896980992%3Futm_medium%3Dapi%26utm_source%3D8efdd1b9"
"Anton Paar","Junior TYPO3 Specialist (m/f/x)","Junior","Graz","Graz, Styria, Austria","2026-09-23T08:59:10.797Z","https://jobs.smartrecruiters.com/AntonPaar1/744000151328899","https://careerkit.me/api/apply?src=github-dach&company=anton-paar&url=https%3A%2F%2Fjobs.smartrecruiters.com%2FAntonPaar1%2F744000151328899"
"Anton Paar","Junior TYPO3 Specialist (m/w/d)","Junior","Graz","Graz, Styria, Austria","2026-09-23T08:55:15.002Z","https://jobs.smartrecruiters.com/AntonPaar1/744000151328209","https://careerkit.me/api/apply?src=github-dach&company=anton-paar&url=https%3A%2F%2Fjobs.smartrecruiters.com%2FAntonPaar1%2F744000151328209"
"Anton Paar","Junior IT Project Manager – Infrastructure & Client Focus (w/m/d) (befristet, 18 Monate)","Junior","Graz","Graz, Styria, Austria","2026-09-14T11:09:47.054Z","https://jobs.smartrecruiters.com/AntonPaar1/744000149303719","https://careerkit.me/api/apply?src=github-dach&company=anton-paar&url=https%3A%2F%2Fjobs.smartrecruiters.com%2FAntonPaar1%2F744000149303719"
"Anton Paar","Junior IT Project Manager (w/m/d)","Junior","Graz","Graz, Styria, Austria","2026-09-01T09:22:56.955Z","https://jobs.smartrecruiters.com/AntonPaar1/744000146662644","https://careerkit.me/api/apply?src=github-dach&company=anton-paar&url=https%3A%2F%2Fjobs.smartrecruiters.com%2FAntonPaar1%2F744000146662644"
"Anton Paar","Junior IT Project Manager (f/m/x)","Junior","Graz","Graz, Styria, Austria","2026-09-01T09:22:38.146Z","https://jobs.smartrecruiters.com/AntonPaar1/744000146663939","https://careerkit.me/api/apply?src=github-dach&company=anton-paar&url=https%3A%2F%2Fjobs.smartrecruiters.com%2FAntonPaar1%2F744000146663939"
"Anton Paar","Junior IT Project Manager – Infrastructure & Client Focus (f/m/x) (fixed-term position, 18 months)","Junior","Graz","Graz, Styria, Austria","2026-09-01T09:17:51.622Z","https://jobs.smartrecruiters.com/AntonPaar1/744000146662829","https://careerkit.me/api/apply?src=github-dach&company=anton-paar&url=https%3A%2F%2Fjobs.smartrecruiters.com%2FAntonPaar1%2F744000146662829"
"Anton Paar","Junior AI Engineer (w/m/d)","Junior","Graz","Graz, Styria, Austria","2026-08-26T13:18:52.020Z","https://jobs.smartrecruiters.com/AntonPaar1/744000145740229","https://careerkit.me/api/apply?src=github-dach&company=anton-paar&url=https%3A%2F%2Fjobs.smartrecruiters.com%2FAntonPaar1%2F744000145740229"
"Anton Paar","Junior AI Engineer (f/m/x)","Junior","Graz","Graz, Styria, Austria","2026-08-26T13:18:28.374Z","https://jobs.smartrecruiters.com/AntonPaar1/744000145740049","https://careerkit.me/api/apply?src=github-dach&company=anton-paar&url=https%3A%2F%2Fjobs.smartrecruiters.com%2FAntonPaar1%2F744000145740049"
"Hilti Austria Gesellschaft mbH","Talente für unser Trainee-Programm - Sales & Marketing (w/m/d) - Vollzeit","Junior","Graz","Graz, Steiermark","2026-09-19T18:37:35Z","https://www.adzuna.at/land/ad/5890845694?se=3HmHLMe48RGqSP-Ku-S77g&utm_medium=api&utm_source=8efdd1b9&v=BAA62FB788A16F4C8B62CF959639D4B74EC2AE02","https://careerkit.me/api/apply?src=github-dach&company=hilti-austria-gesellschaft-mbh&url=https%3A%2F%2Fwww.adzuna.at%2Fland%2Fad%2F5890845694%3Fse%3D3HmHLMe48RGqSP-Ku-S77g%26utm_medium%3Dapi%26utm_source%3D8efdd1b9%26v%3DBAA62FB788A16F4C8B62CF959639D4B74EC2AE02"
"SIXT","Management Trainee Filiale (m/w/d) Vollzeit","Junior","Graz","Graz, Styria, Austria","2026-09-08T08:52:36.340Z","https://jobs.smartrecruiters.com/sixt/744000148174509","https://careerkit.me/api/apply?src=github-dach&company=sixt&url=https%3A%2F%2Fjobs.smartrecruiters.com%2Fsixt%2F744000148174509"
"Trummer Montage & Personal GmbH","Trainee Personal- & Kundenbetreuer (m/w/d)","Junior","Graz","Graz, Steiermark","2026-09-02T07:10:02Z","https://www.adzuna.at/details/5866545974?utm_medium=api&utm_source=8efdd1b9","https://careerkit.me/api/apply?src=github-dach&company=trummer-montage-personal-gmbh&url=https%3A%2F%2Fwww.adzuna.at%2Fdetails%2F5866545974%3Futm_medium%3Dapi%26utm_source%3D8efdd1b9"
"HRlab","Praktikum im Bereich Übersetzung & Projektmanagement","Praktikum","Graz","Graz, Steiermark","2026-04-25T00:10:46Z","https://www.adzuna.at/details/5709758130?utm_medium=api&utm_source=8efdd1b9","https://careerkit.me/api/apply?src=github-dach&company=hrlab&url=https%3A%2F%2Fwww.adzuna.at%2Fdetails%2F5709758130%3Futm_medium%3Dapi%26utm_source%3D8efdd1b9"
"Infineon Technologies AG","Internship - Design Driven Test Improvement (D2TI) Support (f/m/div)","Praktikum","Graz","Graz, Steiermark","2026-09-19T07:10:03Z","https://www.adzuna.at/details/5890218719?utm_medium=api&utm_source=8efdd1b9","https://careerkit.me/api/apply?src=github-dach&company=infineon-technologies-ag&url=https%3A%2F%2Fwww.adzuna.at%2Fdetails%2F5890218719%3Futm_medium%3Dapi%26utm_source%3D8efdd1b9"
"Infineon Technologies AG","Internship - Project Management Support (f/m/div)","Praktikum","Graz","Graz, Steiermark","2026-09-02T07:10:03Z","https://www.adzuna.at/details/5866545986?utm_medium=api&utm_source=8efdd1b9","https://careerkit.me/api/apply?src=github-dach&company=infineon-technologies-ag&url=https%3A%2F%2Fwww.adzuna.at%2Fdetails%2F5866545986%3Futm_medium%3Dapi%26utm_source%3D8efdd1b9"
"Infineon Technologies AG","Internship - Product Application Engineer (f/m/div)","Praktikum","Graz","Graz, Steiermark","2026-08-28T07:04:24Z","https://www.adzuna.at/details/5859316781?utm_medium=api&utm_source=8efdd1b9","https://careerkit.me/api/apply?src=github-dach&company=infineon-technologies-ag&url=https%3A%2F%2Fwww.adzuna.at%2Fdetails%2F5859316781%3Futm_medium%3Dapi%26utm_source%3D8efdd1b9"
"Infineon Technologies AG","Internship - Embedded Systems and Sensor Integration (f/m/div)","Praktikum","Graz","Graz, Steiermark","2026-08-27T07:04:04Z","https://www.adzuna.at/details/5857908197?utm_medium=api&utm_source=8efdd1b9","https://careerkit.me/api/apply?src=github-dach&company=infineon-technologies-ag&url=https%3A%2F%2Fwww.adzuna.at%2Fdetails%2F5857908197%3Futm_medium%3Dapi%26utm_source%3D8efdd1b9"
"Infineon Technologies AG","Internship - Application Engineering (f/m/div)","Praktikum","Graz","Graz, Steiermark","2026-08-14T07:29:59Z","https://www.adzuna.at/details/5841374175?utm_medium=api&utm_source=8efdd1b9","https://careerkit.me/api/apply?src=github-dach&company=infineon-technologies-ag&url=https%3A%2F%2Fwww.adzuna.at%2Fdetails%2F5841374175%3Futm_medium%3Dapi%26utm_source%3D8efdd1b9"
"NETCONOMY GmbH","Werkstudent (f/m/x) im Bereich Office mit Schwerpunkt Travelmanagement (20-25 Std./Woche)","Werkstudent","Graz","Graz, Steiermark","2026-09-22T18:35:12Z","https://www.adzuna.at/land/ad/5894157428?se=fq5vLMe48RGqSP-Ku-S77g&utm_medium=api&utm_source=8efdd1b9&v=66DF5E94252EC58F36B1AB2423D87A1CF50D0983","https://careerkit.me/api/apply?src=github-dach&company=netconomy-gmbh&url=https%3A%2F%2Fwww.adzuna.at%2Fland%2Fad%2F5894157428%3Fse%3Dfq5vLMe48RGqSP-Ku-S77g%26utm_medium%3Dapi%26utm_source%3D8efdd1b9%26v%3D66DF5E94252EC58F36B1AB2423D87A1CF50D0983"
"NETCONOMY GmbH","Studentische Mitarbeiter im Accounting (f/m/x) für 12-20 Std./Woche","Werkstudent","Graz","Graz, Steiermark","2026-09-21T18:35:46Z","https://www.adzuna.at/land/ad/5892993163?se=3HmHLMe48RGqSP-Ku-S77g&utm_medium=api&utm_source=8efdd1b9&v=8A3AB20E19D3D5B816A4E7ABDDA30916996869F1","https://careerkit.me/api/apply?src=github-dach&company=netconomy-gmbh&url=https%3A%2F%2Fwww.adzuna.at%2Fland%2Fad%2F5892993163%3Fse%3D3HmHLMe48RGqSP-Ku-S77g%26utm_medium%3Dapi%26utm_source%3D8efdd1b9%26v%3D8A3AB20E19D3D5B816A4E7ABDDA30916996869F1"
"SWAN","Werkstudent (w/m/d) oder Praktikant (w/m/d) im SAP Logistikumfeld","Werkstudent","Graz","Graz, Steiermark","2026-05-13T00:13:30Z","https://www.adzuna.at/details/5727379562?utm_medium=api&utm_source=8efdd1b9","https://careerkit.me/api/apply?src=github-dach&company=swan&url=https%3A%2F%2Fwww.adzuna.at%2Fdetails%2F5727379562%3Futm_medium%3Dapi%26utm_source%3D8efdd1b9"
"AstraZeneca","Junior Market Access Manager (m/w/d)","Junior","Hamburg","Germany - Hamburg","2026-08-26T09:53:48.653Z","https://astrazeneca.wd3.myworkdayjobs.com/Careers/job/Germany---Hamburg/Junior-Market-Access-Manager--m-w-d-_R-258402-1","https://careerkit.me/api/apply?src=github-dach&company=astrazeneca&url=https%3A%2F%2Fastrazeneca.wd3.myworkdayjobs.com%2FCareers%2Fjob%2FGermany---Hamburg%2FJunior-Market-Access-Manager--m-w-d-_R-258402-1"
"ATP architekten ingenieure","Junior-Architekt (m/w/d)","Junior","Hamburg","Hamburg, HH, Germany","2026-08-11T12:25:27.598Z","https://jobs.smartrecruiters.com/ATParchitekteningenieure/744000142863659","https://careerkit.me/api/apply?src=github-dach&company=atp-architekten-ingenieure&url=https%3A%2F%2Fjobs.smartrecruiters.com%2FATParchitekteningenieure%2F744000142863659"
"Drees & Sommer SE","(Junior) Projektmanager (w/m/d) – Alternative Abwicklungsmodelle","Junior","Hamburg","Hamburg, HH, Germany","2026-09-24T06:10:02.939Z","https://jobs.smartrecruiters.com/DreesSommerSE/744000151534709","https://careerkit.me/api/apply?src=github-dach&company=drees-sommer-se&url=https%3A%2F%2Fjobs.smartrecruiters.com%2FDreesSommerSE%2F744000151534709"
"Drees & Sommer SE","Junior Ingenieur (w/m/d) Resilienz- und Sicherheitsberatung","Junior","Hamburg","Hamburg, HH, Germany","2026-09-23T12:23:39.854Z","https://jobs.smartrecruiters.com/DreesSommerSE/744000151368149","https://careerkit.me/api/apply?src=github-dach&company=drees-sommer-se&url=https%3A%2F%2Fjobs.smartrecruiters.com%2FDreesSommerSE%2F744000151368149"
"Drees & Sommer SE","(Junior) Consultant (w/m/d) TGA/ Facility Management","Junior","Hamburg","Hamburg, HH, Germany","2026-09-21T13:56:36.388Z","https://jobs.smartrecruiters.com/DreesSommerSE/744000150707099","https://careerkit.me/api/apply?src=github-dach&company=drees-sommer-se&url=https%3A%2F%2Fjobs.smartrecruiters.com%2FDreesSommerSE%2F744000150707099"
"Drees & Sommer SE","(Junior) Bauüberwacher (w/m/d) Tiefbau in Energieprojekten","Junior","Hamburg","Hamburg, HH, Germany","2026-08-27T13:15:11.617Z","https://jobs.smartrecruiters.com/DreesSommerSE/744000145978115","https://careerkit.me/api/apply?src=github-dach&company=drees-sommer-se&url=https%3A%2F%2Fjobs.smartrecruiters.com%2FDreesSommerSE%2F744000145978115"
"Drees & Sommer SE","Junior Projektmanager (w/m/d) EPCM Industry","Junior","Hamburg","Hamburg, HH, Germany","2026-05-28T09:07:40.487Z","https://jobs.smartrecruiters.com/DreesSommerSE/744000128900569","https://careerkit.me/api/apply?src=github-dach&company=drees-sommer-se&url=https%3A%2F%2Fjobs.smartrecruiters.com%2FDreesSommerSE%2F744000128900569"
"Drees & Sommer SE","Junior Consultant (w/m/d) Resilience and Risk Advisory in Bau- und Immobilienprojekten","Junior","Hamburg","Hamburg, , Germany","2026-05-26T09:54:50.083Z","https://jobs.smartrecruiters.com/DreesSommerSE/744000128448129","https://careerkit.me/api/apply?src=github-dach&company=drees-sommer-se&url=https%3A%2F%2Fjobs.smartrecruiters.com%2FDreesSommerSE%2F744000128448129"
"Drees & Sommer SE","Junior Ingenieur / Techniker (w/m/d) Objektüberwachung Elektrotechnik","Junior","Hamburg","Hamburg, HH, Germany","2026-05-26T09:07:37.033Z","https://jobs.smartrecruiters.com/DreesSommerSE/744000128435919","https://careerkit.me/api/apply?src=github-dach&company=drees-sommer-se&url=https%3A%2F%2Fjobs.smartrecruiters.com%2FDreesSommerSE%2F744000128435919"
"Drees & Sommer SE","Junior Ingenieur / Techniker (w/m/d) Objektüberwachung HLSK","Junior","Hamburg","Hamburg, HH, Germany","2026-05-26T09:04:08.561Z","https://jobs.smartrecruiters.com/DreesSommerSE/744000128433201","https://careerkit.me/api/apply?src=github-dach&company=drees-sommer-se&url=https%3A%2F%2Fjobs.smartrecruiters.com%2FDreesSommerSE%2F744000128433201"
"Drees & Sommer SE","Junior Consultant (w/m/d) Claim- und Risikomanagement in Bau- und Immobilienprojekten","Junior","Hamburg","Hamburg, HH, Germany","2026-05-26T08:01:35.476Z","https://jobs.smartrecruiters.com/DreesSommerSE/744000128418259","https://careerkit.me/api/apply?src=github-dach&company=drees-sommer-se&url=https%3A%2F%2Fjobs.smartrecruiters.com%2FDreesSommerSE%2F744000128418259"
"Eurofins","Mitarbeiter/Quereinsteiger (m/w/d) für die Zentrale Probenvorbereitung","Junior","Hamburg","Hamburg, HH, Germany","2026-06-10T08:59:25.790Z","https://jobs.smartrecruiters.com/eurofins/744000131402769","https://careerkit.me/api/apply?src=github-dach&company=eurofins&url=https%3A%2F%2Fjobs.smartrecruiters.com%2Feurofins%2F744000131402769"
"Eurofins","Laborhilfskraft / Quereinsteiger (m/w/d) in der Probenvorbereitung","Junior","Hamburg","Hamburg, HH, Germany","2026-04-24T09:59:46.723Z","https://jobs.smartrecruiters.com/eurofins/744000122641666","https://careerkit.me/api/apply?src=github-dach&company=eurofins&url=https%3A%2F%2Fjobs.smartrecruiters.com%2Feurofins%2F744000122641666"
"Eurofins","Junior Chemiker / Bachelor (m/w/d) (analytische) Chemie","Junior","Hamburg","Hamburg, HH, Germany","2025-10-13T16:18:38.153Z","https://jobs.smartrecruiters.com/eurofins/744000087714175","https://careerkit.me/api/apply?src=github-dach&company=eurofins&url=https%3A%2F%2Fjobs.smartrecruiters.com%2Feurofins%2F744000087714175"
"FinanzCheck","Quereinsteiger Kreditvertrieb Hamburg (w/m/d)","Junior","Hamburg","Hamburg","2026-01-08T07:42:14-05:00","https://www.finanzcheck.de/jobs/?gh_jid=7581973003","https://careerkit.me/api/apply?src=github-dach&company=finanzcheck&url=https%3A%2F%2Fwww.finanzcheck.de%2Fjobs%2F%3Fgh_jid%3D7581973003"
"Securitas","Quereinsteiger Sicherheitsdienst 18,25 €/Std (m/w/d)","Junior","Hamburg","Hamburg, HH, Germany","2026-05-07T12:53:11.615Z","https://jobs.smartrecruiters.com/securitas/744000125130219","https://careerkit.me/api/apply?src=github-dach&company=securitas&url=https%3A%2F%2Fjobs.smartrecruiters.com%2Fsecuritas%2F744000125130219"
"SGS","Quereinsteiger*in / Laborant*in (m/w/d) Abfallentsorgung & Spülküche","Junior","Hamburg","Hamburg, HH, Germany","2026-09-14T12:04:57.277Z","https://jobs.smartrecruiters.com/sgs/744000149310734","https://careerkit.me/api/apply?src=github-dach&company=sgs&url=https%3A%2F%2Fjobs.smartrecruiters.com%2Fsgs%2F744000149310734"
"SIXT","Management Trainee Filiale (m/w/d) Region Nord","Junior","Hamburg","Hamburg, , Germany","2026-07-16T13:15:56.594Z","https://jobs.smartrecruiters.com/sixt/744000138115360","https://careerkit.me/api/apply?src=github-dach&company=sixt&url=https%3A%2F%2Fjobs.smartrecruiters.com%2Fsixt%2F744000138115360"
"Sopra Steria","(Junior) Teammanager – Automatisierung und Softwareentwicklung (w/m/d) in Teilzeit/Vollzeit","Junior","Hamburg","Hamburg, HH, Germany","2026-06-24T15:11:08.876Z","https://jobs.smartrecruiters.com/SopraSteria1/744000133979189","https://careerkit.me/api/apply?src=github-dach&company=sopra-steria&url=https%3A%2F%2Fjobs.smartrecruiters.com%2FSopraSteria1%2F744000133979189"
"Sopra Steria","(Junior) Consultant Export Control (m/w/d)","Junior","Hamburg","Hamburg, HH, Germany","2026-06-09T13:17:41.742Z","https://jobs.smartrecruiters.com/SopraSteria1/744000131145350","https://careerkit.me/api/apply?src=github-dach&company=sopra-steria&url=https%3A%2F%2Fjobs.smartrecruiters.com%2FSopraSteria1%2F744000131145350"
"Sopra Steria","Junior PLM Solution Architect (m/w/d)","Junior","Hamburg","Hamburg, HH, Germany","2026-03-19T14:02:43.205Z","https://jobs.smartrecruiters.com/SopraSteria1/744000115666077","https://careerkit.me/api/apply?src=github-dach&company=sopra-steria&url=https%3A%2F%2Fjobs.smartrecruiters.com%2FSopraSteria1%2F744000115666077"
"1KOMMA5°","Praktikant:in Indirekter/Direkter Einkauf (m/w/d)","Praktikum","Hamburg","Hamburg","2026-07-29T15:35:57+00:00","https://1komma5grad.jobs.personio.de/job/2734052","https://careerkit.me/api/apply?src=github-dach&company=1komma5&url=https%3A%2F%2F1komma5grad.jobs.personio.de%2Fjob%2F2734052"
"1KOMMA5°","Internship Global Supply Chain Management (m/w/d)","Praktikum","Hamburg","Hamburg / Remote","2026-04-27T12:33:56+00:00","https://1komma5grad.jobs.personio.de/job/2615062","https://careerkit.me/api/apply?src=github-dach&company=1komma5&url=https%3A%2F%2F1komma5grad.jobs.personio.de%2Fjob%2F2615062"
"1KOMMA5°","Praktikant:in - CFO Office (m/w/d)","Praktikum","Hamburg","Hamburg / Remote","2026-04-21T11:37:20+00:00","https://1komma5grad.jobs.personio.de/job/2608070","https://careerkit.me/api/apply?src=github-dach&company=1komma5&url=https%3A%2F%2F1komma5grad.jobs.personio.de%2Fjob%2F2608070"
"1KOMMA5°","Praktikant:in Business Development (m/w/d) - CEO Office","Praktikum","Hamburg","Hamburg / Hamburg Remote","2026-03-31T15:36:20+00:00","https://1komma5grad.jobs.personio.de/job/2588875","https://careerkit.me/api/apply?src=github-dach&company=1komma5&url=https%3A%2F%2F1komma5grad.jobs.personio.de%2Fjob%2F2588875"
"AniCura Switzerland","AniCura Praktikantenprogramm - Praktikum für veterinärmedizinische Studenten (m/w/d) - Deutschlandweit","Praktikum","Hamburg","Quickborn, DE / Walluf, DE / Braunschweig, DE / Lörrach, DE / Kleve, DE / Aachen, DE / Frankenhardt, DE / Neu-Ulm, DE / Kiel, DE / Jena, DE / Sankt Augustin, DE / Trier, DE / Hamburg, DE / Heilbronn, DE / Mönchengladbach, DE / Augsburg, DE / Bielefeld, DE / Esslingen am Neckar, DE / Hannover, DE / Mayen, DE / Flensburg, DE / Wiesbaden, DE / Speyer, DE / Kassel, DE / Kiel, DE / Ludwigsburg, DE / Ravensburg, DE / Wiesloch, DE / Stuttgart, DE / Mönchengladbach, DE / Ahlen, DE / Krefeld, DE / Ludwigshafen am Rhein, DE / Mühlenbecker Land, DE / Braunschweig, DE / Ingelheim am Rhein, DE / Egelsbach, DE / Augsburg, DE / Karlsruhe, DE / Potsdam, DE / Haan, DE / Bad Dürrheim, DE / Weingarten (Baden), DE / Recklinghausen, DE / Wiesbaden, DE / Babenhausen, DE / Recklinghausen, DE / Preußisch Oldendorf, DE / Wahlstedt, DE / Meckenbeuren, DE / Duisburg, DE / Tönisvorst, DE / Borken, DE","2024-04-03T00:00:00+02:00","https://anicuraglobal.teamtailor.com/jobs/3779065-anicura-praktikantenprogramm-praktikum-fuer-veterinaermedizinische-studenten-m-w-d-deutschlandweit","https://careerkit.me/api/apply?src=github-dach&company=anicura-switzerland&url=https%3A%2F%2Fanicuraglobal.teamtailor.com%2Fjobs%2F3779065-anicura-praktikantenprogramm-praktikum-fuer-veterinaermedizinische-studenten-m-w-d-deutschlandweit"
"AstraZeneca","Praktikant (m/w/d) im Marketing für den Bereich Immuno-Oncology (Lungenkarzinom) für einen Zeitraum von 6 Monaten","Praktikum","Hamburg","Germany - Hamburg","2026-09-17T09:53:48.653Z","https://astrazeneca.wd3.myworkdayjobs.com/Careers/job/Germany---Hamburg/Praktikant--m-w-d--im-Marketing-fr-den-Bereich-Immuno-Oncology--Lungenkarzinom--fr-einen-Zeitraum-von-6-Monaten_R-260201-1","https://careerkit.me/api/apply?src=github-dach&company=astrazeneca&url=https%3A%2F%2Fastrazeneca.wd3.myworkdayjobs.com%2FCareers%2Fjob%2FGermany---Hamburg%2FPraktikant--m-w-d--im-Marketing-fr-den-Bereich-Immuno-Oncology--Lungenkarzinom--fr-einen-Zeitraum-von-6-Monaten_R-260201-1"
"Bosch Group","Pflichtpraktikum im Key Account Management","Praktikum","Hamburg","Hamburg, HH, Germany","2026-07-21T08:20:40.587Z","https://jobs.smartrecruiters.com/BoschGroup/744000138809069","https://careerkit.me/api/apply?src=github-dach&company=bosch-group&url=https%3A%2F%2Fjobs.smartrecruiters.com%2FBoschGroup%2F744000138809069"
"Drees & Sommer SE","Praktikant (w/m/d) Real Estate & Real Asset Finance","Praktikum","Hamburg","Hamburg, HH, Germany","2026-08-21T07:50:05.353Z","https://jobs.smartrecruiters.com/DreesSommerSE/744000144705269","https://careerkit.me/api/apply?src=github-dach&company=drees-sommer-se&url=https%3A%2F%2Fjobs.smartrecruiters.com%2FDreesSommerSE%2F744000144705269"
"EIGHT ADVISORY SAS","Project Finance & Infrastructure - Intern Summer 2027","Praktikum","Hamburg","Hamburg, Hambourg, Allemagne","2026-06-09 15:40:36 UTC","https://8advisory.recruitee.com/o/project-finance-infrastructure-intern-summer-2027","https://careerkit.me/api/apply?src=github-dach&company=eight-advisory-sas&url=https%3A%2F%2F8advisory.recruitee.com%2Fo%2Fproject-finance-infrastructure-intern-summer-2027"
"Eurofins","Praktikanten im Rahmen der schulischen Ausbildung zum CTA/BTA (m/w/d)","Praktikum","Hamburg","Hamburg, HH, Germany","2025-07-18T08:06:49.235Z","https://jobs.smartrecruiters.com/eurofins/744000071484965","https://careerkit.me/api/apply?src=github-dach&company=eurofins&url=https%3A%2F%2Fjobs.smartrecruiters.com%2Feurofins%2F744000071484965"
"Eurofins","Lebensmittelchemie-Praktikanten (m/w/d) 2. Staatsexamen","Praktikum","Hamburg","Hamburg, HH, Germany","2022-08-04T09:11:52.154Z","https://jobs.smartrecruiters.com/eurofins/743999843168526","https://careerkit.me/api/apply?src=github-dach&company=eurofins&url=https%3A%2F%2Fjobs.smartrecruiters.com%2Feurofins%2F743999843168526"
"Philips","Praktikum Qualitäts- & Lieferantenmanagement (all genders)","Praktikum","Hamburg","Hamburg","2026-09-17T09:54:59.869Z","https://philips.wd3.myworkdayjobs.com/jobs-and-careers/job/Hamburg/Praktikum-Supplier-Quality-Engineering---Qualitts----Lieferantenmanagement--all-genders-_574142","https://careerkit.me/api/apply?src=github-dach&company=philips&url=https%3A%2F%2Fphilips.wd3.myworkdayjobs.com%2Fjobs-and-careers%2Fjob%2FHamburg%2FPraktikum-Supplier-Quality-Engineering---Qualitts----Lieferantenmanagement--all-genders-_574142"
"Philips","Praktikum – Marketing im Produktbereich Mother & Child Care (all genders)","Praktikum","Hamburg","Hamburg","2026-08-26T09:54:59.869Z","https://philips.wd3.myworkdayjobs.com/jobs-and-careers/job/Hamburg/Praktikum---Marketing-im-Produktbereich-Mother---Child-Care--all-genders-_582544-1","https://careerkit.me/api/apply?src=github-dach&company=philips&url=https%3A%2F%2Fphilips.wd3.myworkdayjobs.com%2Fjobs-and-careers%2Fjob%2FHamburg%2FPraktikum---Marketing-im-Produktbereich-Mother---Child-Care--all-genders-_582544-1"
"Sopra Steria","Praktikum Softwareentwicklung - Industriepraktikum Universität Hamburg","Praktikum","Hamburg","Hamburg, HH, Germany","2026-01-14T12:46:43.921Z","https://jobs.smartrecruiters.com/SopraSteria1/744000103502740","https://careerkit.me/api/apply?src=github-dach&company=sopra-steria&url=https%3A%2F%2Fjobs.smartrecruiters.com%2FSopraSteria1%2F744000103502740"
"1KOMMA5°","Werkstudent:in Data Analytics (Controlling Focus) (m/w/d)","Werkstudent","Hamburg","Hamburg / Remote","2026-09-18T16:25:26+00:00","https://1komma5grad.jobs.personio.de/job/2803949","https://careerkit.me/api/apply?src=github-dach&company=1komma5&url=https%3A%2F%2F1komma5grad.jobs.personio.de%2Fjob%2F2803949"
"1KOMMA5°","Werkstudent:in - Quality Control Analyst (Wärmepumpe) (m/w/d)","Werkstudent","Hamburg","Remote / Hamburg","2026-07-01T11:54:54+00:00","https://1komma5grad.jobs.personio.de/job/2693821","https://careerkit.me/api/apply?src=github-dach&company=1komma5&url=https%3A%2F%2F1komma5grad.jobs.personio.de%2Fjob%2F2693821"
"1KOMMA5°","Werkstudent:in (m/w/d) Technische Aufnahme für Photovoltaik & Energiesysteme - 1KOMMA5° Hamburg","Werkstudent","Hamburg","Hamburg","2025-04-02T09:31:22+00:00","https://1komma5grad.jobs.personio.de/job/2040966","https://careerkit.me/api/apply?src=github-dach&company=1komma5&url=https%3A%2F%2F1komma5grad.jobs.personio.de%2Fjob%2F2040966"
"Accenture","Werkstudent Manufacturing Engineering – Praxis im Flugzeugbau (all genders)","Werkstudent","Hamburg","Hamburg","2026-08-26T09:54:31.489Z","https://accenture.wd103.myworkdayjobs.com/AccentureCareers/job/Hamburg/Werkstudent-Manufacturing-Engineering---Praxis-im-Flugzeugbau--all-genders-_R00332696","https://careerkit.me/api/apply?src=github-dach&company=accenture&url=https%3A%2F%2Faccenture.wd103.myworkdayjobs.com%2FAccentureCareers%2Fjob%2FHamburg%2FWerkstudent-Manufacturing-Engineering---Praxis-im-Flugzeugbau--all-genders-_R00332696"
"Drees & Sommer SE","Werkstudent (w/m/d) Tragwerksplanung","Werkstudent","Hamburg","Hamburg, HH, Germany","2026-08-28T07:47:38.738Z","https://jobs.smartrecruiters.com/DreesSommerSE/744000146130559","https://careerkit.me/api/apply?src=github-dach&company=drees-sommer-se&url=https%3A%2F%2Fjobs.smartrecruiters.com%2FDreesSommerSE%2F744000146130559"
"Drees & Sommer SE","Praktikant/Werkstudent (w/m/d) Projektmanagement Infrastrukturprojekte","Werkstudent","Hamburg","Hamburg, HH, Germany","2026-08-14T13:10:14.048Z","https://jobs.smartrecruiters.com/DreesSommerSE/744000143514439","https://careerkit.me/api/apply?src=github-dach&company=drees-sommer-se&url=https%3A%2F%2Fjobs.smartrecruiters.com%2FDreesSommerSE%2F744000143514439"
"Eurofins","(Studentische) Aushilfen/ Werkstudenten (m/w/d) für Laborhilfstätigkeiten in den Abendstunden und am Samstag","Werkstudent","Hamburg","Hamburg, HH, Germany","2026-09-21T09:09:31.118Z","https://jobs.smartrecruiters.com/eurofins/744000150639410","https://careerkit.me/api/apply?src=github-dach&company=eurofins&url=https%3A%2F%2Fjobs.smartrecruiters.com%2Feurofins%2F744000150639410"
"Eurofins","Werkstudent Finance IT / Application Support (m/w/d)","Werkstudent","Hamburg","Hamburg, HH, Germany","2026-09-08T09:54:05.892Z","https://jobs.smartrecruiters.com/eurofins/744000148189259","https://careerkit.me/api/apply?src=github-dach&company=eurofins&url=https%3A%2F%2Fjobs.smartrecruiters.com%2Feurofins%2F744000148189259"
"Eurofins","Werkstudenten (m/w/d) für Labortätigkeiten in den Abendstunden und am Samstag","Werkstudent","Hamburg","Hamburg, HH, Germany","2026-07-07T07:18:17.357Z","https://jobs.smartrecruiters.com/eurofins/744000136153939","https://careerkit.me/api/apply?src=github-dach&company=eurofins&url=https%3A%2F%2Fjobs.smartrecruiters.com%2Feurofins%2F744000136153939"
"GETEC","Werkstudent Energiedatenmanagement (w/m/d)","Werkstudent","Hamburg","2 Locations","2026-08-26T09:54:05.195Z","https://getec.wd103.myworkdayjobs.com/External_Careers/job/Hamburg/Werkstudent-Energiedatenmanagement--w-m-d-_JR101099","https://careerkit.me/api/apply?src=github-dach&company=getec&url=https%3A%2F%2Fgetec.wd103.myworkdayjobs.com%2FExternal_Careers%2Fjob%2FHamburg%2FWerkstudent-Energiedatenmanagement--w-m-d-_JR101099"
"Philips","Werkstudent / Praktikum (all genders) – SAP Plant Maintenance / Instandhaltungsprozesse","Werkstudent","Hamburg","Hamburg","2026-09-24T09:54:59.869Z","https://philips.wd3.myworkdayjobs.com/jobs-and-careers/job/Hamburg/Werkstudent---Praktikum--all-genders----SAP-Plant-Maintenance---Instandhaltungsprozesse_587826-1","https://careerkit.me/api/apply?src=github-dach&company=philips&url=https%3A%2F%2Fphilips.wd3.myworkdayjobs.com%2Fjobs-and-careers%2Fjob%2FHamburg%2FWerkstudent---Praktikum--all-genders----SAP-Plant-Maintenance---Instandhaltungsprozesse_587826-1"
"Philips","Werkstudent / Praktikum (all genders) – SAP Plant Maintenance / Ersatzteilmanagement","Werkstudent","Hamburg","Hamburg","2026-09-24T09:54:59.869Z","https://philips.wd3.myworkdayjobs.com/jobs-and-careers/job/Hamburg/Werkstudent---Praktikum--all-genders----SAP-Plant-Maintenance---Ersatzteilmanagement_587828-1","https://careerkit.me/api/apply?src=github-dach&company=philips&url=https%3A%2F%2Fphilips.wd3.myworkdayjobs.com%2Fjobs-and-careers%2Fjob%2FHamburg%2FWerkstudent---Praktikum--all-genders----SAP-Plant-Maintenance---Ersatzteilmanagement_587828-1"
"Philips","Werkstudentent (all genders) im Bereich Logistik mit dem Schwerpunkt Intralogistik und Kanbansystem","Werkstudent","Hamburg","Hamburg","2026-09-23T09:54:59.869Z","https://philips.wd3.myworkdayjobs.com/jobs-and-careers/job/Hamburg/Werkstudentent--all-genders--im-Bereich-Logistik-mit-dem-Schwerpunkt-Intralogistik-und-Kanbansystem_586887-1","https://careerkit.me/api/apply?src=github-dach&company=philips&url=https%3A%2F%2Fphilips.wd3.myworkdayjobs.com%2Fjobs-and-careers%2Fjob%2FHamburg%2FWerkstudentent--all-genders--im-Bereich-Logistik-mit-dem-Schwerpunkt-Intralogistik-und-Kanbansystem_586887-1"
"Philips","Werkstudent / Praktikum Projektmanagement - Produktivität (all genders)","Werkstudent","Hamburg","Hamburg","2026-09-21T09:54:59.869Z","https://philips.wd3.myworkdayjobs.com/jobs-and-careers/job/Hamburg/Werkstudent---Praktikum-Projektmanagement---Produktivitt--all-genders-_589673-1","https://careerkit.me/api/apply?src=github-dach&company=philips&url=https%3A%2F%2Fphilips.wd3.myworkdayjobs.com%2Fjobs-and-careers%2Fjob%2FHamburg%2FWerkstudent---Praktikum-Projektmanagement---Produktivitt--all-genders-_589673-1"
"Philips","Werkstudent/ Praktikum E‑Commerce (all genders)","Werkstudent","Hamburg","Hamburg","2026-09-10T09:54:59.869Z","https://philips.wd3.myworkdayjobs.com/jobs-and-careers/job/Hamburg/Werkstudent--Praktikum-E-Commerce---Amazon-Marketing--all-genders-_588633-2","https://careerkit.me/api/apply?src=github-dach&company=philips&url=https%3A%2F%2Fphilips.wd3.myworkdayjobs.com%2Fjobs-and-careers%2Fjob%2FHamburg%2FWerkstudent--Praktikum-E-Commerce---Amazon-Marketing--all-genders-_588633-2"
"Philips","Werkstudent Labor- und Versuchsunterstützung Medizintechnik (all genders)","Werkstudent","Hamburg","Hamburg","2026-09-02T09:54:59.869Z","https://philips.wd3.myworkdayjobs.com/jobs-and-careers/job/Hamburg/Werkstudent-Labor--und-Versuchsuntersttzung-Medizintechnik--all-genders-_590287-1","https://careerkit.me/api/apply?src=github-dach&company=philips&url=https%3A%2F%2Fphilips.wd3.myworkdayjobs.com%2Fjobs-and-careers%2Fjob%2FHamburg%2FWerkstudent-Labor--und-Versuchsuntersttzung-Medizintechnik--all-genders-_590287-1"
"Philips","Werkstudent Finance & Reporting (all genders)","Werkstudent","Hamburg","Hamburg","2026-08-26T09:54:59.869Z","https://philips.wd3.myworkdayjobs.com/jobs-and-careers/job/Hamburg/Werkstudent-Finance---Reporting--all-genders-_583821-1","https://careerkit.me/api/apply?src=github-dach&company=philips&url=https%3A%2F%2Fphilips.wd3.myworkdayjobs.com%2Fjobs-and-careers%2Fjob%2FHamburg%2FWerkstudent-Finance---Reporting--all-genders-_583821-1"
"Philips","Werkstudent im Bereich Service Operations (all genders)","Werkstudent","Hamburg","Hamburg","2026-08-26T09:54:59.869Z","https://philips.wd3.myworkdayjobs.com/jobs-and-careers/job/Hamburg/Werkstudent-im-Bereich-Service-Operations--all-genders-_587973-1","https://careerkit.me/api/apply?src=github-dach&company=philips&url=https%3A%2F%2Fphilips.wd3.myworkdayjobs.com%2Fjobs-and-careers%2Fjob%2FHamburg%2FWerkstudent-im-Bereich-Service-Operations--all-genders-_587973-1"
"Philips","Werkstudent/ Praktikum Employer Branding & Recruitment Marketing (all genders)","Werkstudent","Hamburg","Hamburg","2026-08-26T09:54:59.869Z","https://philips.wd3.myworkdayjobs.com/jobs-and-careers/job/Hamburg/Werkstudent--Praktikum-Employer-Branding---Recruitment-Marketing--all-genders-_585511-1","https://careerkit.me/api/apply?src=github-dach&company=philips&url=https%3A%2F%2Fphilips.wd3.myworkdayjobs.com%2Fjobs-and-careers%2Fjob%2FHamburg%2FWerkstudent--Praktikum-Employer-Branding---Recruitment-Marketing--all-genders-_585511-1"
"Philips","Werkstudent Marketing & Event Management Health Systems (all genders)","Werkstudent","Hamburg","Hamburg","2026-08-26T09:54:59.869Z","https://philips.wd3.myworkdayjobs.com/jobs-and-careers/job/Hamburg/Werkstudent-Marketing---Event-Management-Health-Systems--all-genders-_588044-1","https://careerkit.me/api/apply?src=github-dach&company=philips&url=https%3A%2F%2Fphilips.wd3.myworkdayjobs.com%2Fjobs-and-careers%2Fjob%2FHamburg%2FWerkstudent-Marketing---Event-Management-Health-Systems--all-genders-_588044-1"
"Richemont","Working Student (m/f/d) - Retail Experience","Werkstudent","Hamburg","HAMBURG","2026-08-26T09:54:46.494Z","https://richemont.wd3.myworkdayjobs.com/richemont/job/HAMBURG/Working-Student--m-f-d----Retail-Experience_JR132697-1","https://careerkit.me/api/apply?src=github-dach&company=richemont&url=https%3A%2F%2Frichemont.wd3.myworkdayjobs.com%2Frichemont%2Fjob%2FHAMBURG%2FWorking-Student--m-f-d----Retail-Experience_JR132697-1"
"SIXT","Werkstudent Autovermietung (m/w/d) Flughafen","Werkstudent","Hamburg","Hamburg, HH, Germany","2026-08-11T13:58:27.791Z","https://jobs.smartrecruiters.com/sixt/744000142883415","https://careerkit.me/api/apply?src=github-dach&company=sixt&url=https%3A%2F%2Fjobs.smartrecruiters.com%2Fsixt%2F744000142883415"
"SIXT","Studentische Teilzeitkraft Autovermietung (m/w/d) Flughafen","Werkstudent","Hamburg","Hamburg, HH, Germany","2026-08-11T13:57:54.483Z","https://jobs.smartrecruiters.com/sixt/744000142884681","https://careerkit.me/api/apply?src=github-dach&company=sixt&url=https%3A%2F%2Fjobs.smartrecruiters.com%2Fsixt%2F744000142884681"
"SIXT","Werkstudent Autovermietung (m/w/d)","Werkstudent","Hamburg","Hamburg, , Germany","2026-07-02T10:43:55.512Z","https://jobs.smartrecruiters.com/sixt/744000135468742","https://careerkit.me/api/apply?src=github-dach&company=sixt&url=https%3A%2F%2Fjobs.smartrecruiters.com%2Fsixt%2F744000135468742"
"SIXT","Studentische Teilzeitkraft Autovermietung (m/w/d)","Werkstudent","Hamburg","Hamburg, HH, Germany","2026-07-02T10:43:49.015Z","https://jobs.smartrecruiters.com/sixt/744000135470830","https://careerkit.me/api/apply?src=github-dach&company=sixt&url=https%3A%2F%2Fjobs.smartrecruiters.com%2Fsixt%2F744000135470830"
"Sopra Steria","Werkstudent (m/w/d) - HR Administration & Prozessdigitalisierung","Werkstudent","Hamburg","Hamburg, , Germany","2026-08-28T10:59:25.703Z","https://jobs.smartrecruiters.com/SopraSteria1/744000146161119","https://careerkit.me/api/apply?src=github-dach&company=sopra-steria&url=https%3A%2F%2Fjobs.smartrecruiters.com%2FSopraSteria1%2F744000146161119"
"Sopra Steria","Werkstudent (m/w/d) HR-Digitalisierung & Prozessautomatisierung am Standort Hamburg","Werkstudent","Hamburg","Hamburg , , Germany","2026-08-28T10:59:05.490Z","https://jobs.smartrecruiters.com/SopraSteria1/744000146161069","https://careerkit.me/api/apply?src=github-dach&company=sopra-steria&url=https%3A%2F%2Fjobs.smartrecruiters.com%2FSopraSteria1%2F744000146161069"
"Sopra Steria","Werkstudent Frontend- & Backend-Entwicklung (m/w/d)","Werkstudent","Hamburg","Hamburg, , Germany","2026-01-14T12:47:06.567Z","https://jobs.smartrecruiters.com/SopraSteria1/744000103505110","https://careerkit.me/api/apply?src=github-dach&company=sopra-steria&url=https%3A%2F%2Fjobs.smartrecruiters.com%2FSopraSteria1%2F744000103505110"
"Sopra Steria","Werkstudent System Life Cycle Management (m/w/d) Deutschlandweit","Werkstudent","Hamburg","Hamburg, HH, Germany","2025-05-22T10:15:06.439Z","https://jobs.smartrecruiters.com/SopraSteria1/744000060951132","https://careerkit.me/api/apply?src=github-dach&company=sopra-steria&url=https%3A%2F%2Fjobs.smartrecruiters.com%2FSopraSteria1%2F744000060951132"
"Turner & Townsend","Werkstudent Projektmanagement Bau (m/w/d)","Werkstudent","Hamburg","Hamburg, Europe, Germany","2026-09-08T13:13:25.043Z","https://jobs.smartrecruiters.com/turnertownsend/744000148231581","https://careerkit.me/api/apply?src=github-dach&company=turner-townsend&url=https%3A%2F%2Fjobs.smartrecruiters.com%2Fturnertownsend%2F744000148231581"
"WPP Media","Werkstudent (Mensch) Business Intelligence & Business Development","Werkstudent","Hamburg","Hamburg, Germany","2026-07-20T04:57:55-04:00","https://job-boards.greenhouse.io/wppmedia/jobs/5363950008","https://careerkit.me/api/apply?src=github-dach&company=wpp-media&url=https%3A%2F%2Fjob-boards.greenhouse.io%2Fwppmedia%2Fjobs%2F5363950008"
"Drees & Sommer SE","Junior Ingenieur (w/m/d) Resilienz- und Sicherheitsberatung","Junior","Hannover","Hannover, NDS, Germany","2026-09-23T12:23:24.027Z","https://jobs.smartrecruiters.com/DreesSommerSE/744000151368049","https://careerkit.me/api/apply?src=github-dach&company=drees-sommer-se&url=https%3A%2F%2Fjobs.smartrecruiters.com%2FDreesSommerSE%2F744000151368049"
"Drees & Sommer SE","(Junior) Bauüberwacher (w/m/d) Tiefbau in Energieprojekten","Junior","Hannover","Hannover, NDS, Germany","2026-08-27T13:26:14.477Z","https://jobs.smartrecruiters.com/DreesSommerSE/744000145985350","https://careerkit.me/api/apply?src=github-dach&company=drees-sommer-se&url=https%3A%2F%2Fjobs.smartrecruiters.com%2FDreesSommerSE%2F744000145985350"
"Drees & Sommer SE","Junior Bauingenieur / Architekt (w/m/d) Objektüberwachung","Junior","Hannover","Hannover, NDS, Germany","2026-06-16T08:15:54.148Z","https://jobs.smartrecruiters.com/DreesSommerSE/744000132354935","https://careerkit.me/api/apply?src=github-dach&company=drees-sommer-se&url=https%3A%2F%2Fjobs.smartrecruiters.com%2FDreesSommerSE%2F744000132354935"
"Drees & Sommer SE","Junior Projektmanager (w/m/d) EPCM Industry","Junior","Hannover","Hannover, NDS, Germany","2026-05-28T09:09:11.154Z","https://jobs.smartrecruiters.com/DreesSommerSE/744000128900810","https://careerkit.me/api/apply?src=github-dach&company=drees-sommer-se&url=https%3A%2F%2Fjobs.smartrecruiters.com%2FDreesSommerSE%2F744000128900810"
"Continental","Internship - Data Management of Chemical Tire Test Results / Material Development - REF99687I","Praktikum","Hannover","Hannover, NDS, Germany","2026-09-25T09:49:35.268Z","https://jobs.smartrecruiters.com/continental/744000151805491","https://careerkit.me/api/apply?src=github-dach&company=continental&url=https%3A%2F%2Fjobs.smartrecruiters.com%2Fcontinental%2F744000151805491"
"Continental","Praktikum - People & Culture / HR Students Management - REF99378G","Praktikum","Hannover","Hannover, NDS, Germany","2026-09-24T07:52:05.223Z","https://jobs.smartrecruiters.com/continental/744000151550039","https://careerkit.me/api/apply?src=github-dach&company=continental&url=https%3A%2F%2Fjobs.smartrecruiters.com%2Fcontinental%2F744000151550039"
"Continental","Praktikum – Datenvisualisierung in der Materialentwicklung - REF99687I","Praktikum","Hannover","Hannover, NDS, Germany","2026-09-23T08:27:18.036Z","https://jobs.smartrecruiters.com/continental/744000151322210","https://careerkit.me/api/apply?src=github-dach&company=continental&url=https%3A%2F%2Fjobs.smartrecruiters.com%2Fcontinental%2F744000151322210"
"Continental","Pflichtpraktikum - HR Operations / Operatives Personalwesen - REF99545X","Praktikum","Hannover","Hannover-Stöcken, , Germany","2026-09-17T11:37:00.473Z","https://jobs.smartrecruiters.com/continental/744000150080299","https://careerkit.me/api/apply?src=github-dach&company=continental&url=https%3A%2F%2Fjobs.smartrecruiters.com%2Fcontinental%2F744000150080299"
"Continental","Praktikum - Supply Chain Management / Reporting & Analysis (m/w/d) - REF99139A","Praktikum","Hannover","Hannover, NDS, Germany","2026-09-16T08:48:53.003Z","https://jobs.smartrecruiters.com/continental/744000149805950","https://careerkit.me/api/apply?src=github-dach&company=continental&url=https%3A%2F%2Fjobs.smartrecruiters.com%2Fcontinental%2F744000149805950"
"Continental","Praktikum HR - Talent Management & International HR Projects - REF97411K","Praktikum","Hannover","Hannover, NDS, Germany","2026-09-16T07:55:15.526Z","https://jobs.smartrecruiters.com/continental/744000149795249","https://careerkit.me/api/apply?src=github-dach&company=continental&url=https%3A%2F%2Fjobs.smartrecruiters.com%2Fcontinental%2F744000149795249"
"Continental","Internship HR - Talent Management & International HR Projects - REF97411K","Praktikum","Hannover","Hannover, NDS, Germany","2026-09-16T07:47:12.682Z","https://jobs.smartrecruiters.com/continental/744000149794019","https://careerkit.me/api/apply?src=github-dach&company=continental&url=https%3A%2F%2Fjobs.smartrecruiters.com%2Fcontinental%2F744000149794019"
"Continental","Pflichtpraktikum - HR Personalwesen / Schwerpunkt Recruiting bei der Vergölst GmbH (m/w/d) - REF99541W","Praktikum","Hannover","Hannover, NDS, Germany","2026-09-15T11:36:54.075Z","https://jobs.smartrecruiters.com/continental/744000149577183","https://careerkit.me/api/apply?src=github-dach&company=continental&url=https%3A%2F%2Fjobs.smartrecruiters.com%2Fcontinental%2F744000149577183"
"Continental","Pflichtpraktikum - Group Accounting / Konzernbilanzierung - REF97688E","Praktikum","Hannover","Hannover, NDS, Germany","2026-09-11T12:20:53.267Z","https://jobs.smartrecruiters.com/continental/744000149001544","https://careerkit.me/api/apply?src=github-dach&company=continental&url=https%3A%2F%2Fjobs.smartrecruiters.com%2Fcontinental%2F744000149001544"
"Continental","Mandatory Internship - Marketing Communication International / Two-Wheel Tires (Bicycle and Motorcycle) - REF99023K","Praktikum","Hannover","Hannover, NDS, Germany","2026-08-27T08:24:57.450Z","https://jobs.smartrecruiters.com/continental/744000145920919","https://careerkit.me/api/apply?src=github-dach&company=continental&url=https%3A%2F%2Fjobs.smartrecruiters.com%2Fcontinental%2F744000145920919"
"1KOMMA5°","Werkstudent:in (m/w/d) Technische Aufnahme für Photovoltaik & Energiesysteme - 1KOMMA5° Hildesheim / Hannover","Werkstudent","Hannover","Hildesheim / Hannover","2026-07-30T23:02:59+00:00","https://1komma5grad.jobs.personio.de/job/2735948","https://careerkit.me/api/apply?src=github-dach&company=1komma5&url=https%3A%2F%2F1komma5grad.jobs.personio.de%2Fjob%2F2735948"
"Accenture","Werkstudent Service Delivery (all genders)","Werkstudent","Hannover","Hannover","2026-08-26T09:54:31.489Z","https://accenture.wd103.myworkdayjobs.com/AccentureCareers/job/Hannover/Werkstudent-Service-Delivery--all-genders-_R00318142","https://careerkit.me/api/apply?src=github-dach&company=accenture&url=https%3A%2F%2Faccenture.wd103.myworkdayjobs.com%2FAccentureCareers%2Fjob%2FHannover%2FWerkstudent-Service-Delivery--all-genders-_R00318142"
"Continental","Werkstudent - Personal / HR - Recruiting Vergölst GmbH (m/w/d) - REF99380H","Werkstudent","Hannover","Hannover, NDS, Germany","2026-09-08T04:33:05.555Z","https://jobs.smartrecruiters.com/continental/744000148133789","https://careerkit.me/api/apply?src=github-dach&company=continental&url=https%3A%2F%2Fjobs.smartrecruiters.com%2Fcontinental%2F744000148133789"
"Drees & Sommer SE","Praktikant/Werkstudent (w/m/d) Projektmanagement Hochbau","Werkstudent","Hannover","Hannover, NDS, Germany","2026-09-24T14:35:25.704Z","https://jobs.smartrecruiters.com/DreesSommerSE/744000151639029","https://careerkit.me/api/apply?src=github-dach&company=drees-sommer-se&url=https%3A%2F%2Fjobs.smartrecruiters.com%2FDreesSommerSE%2F744000151639029"
"SIXT","Werkstudent Autovermietung (m/w/d)","Werkstudent","Hannover","Hanover, NDS, Germany","2026-09-18T09:39:33.844Z","https://jobs.smartrecruiters.com/sixt/744000150325349","https://careerkit.me/api/apply?src=github-dach&company=sixt&url=https%3A%2F%2Fjobs.smartrecruiters.com%2Fsixt%2F744000150325349"
"SIXT","Studentische Teilzeitkraft Autovermietung (m/w/d)","Werkstudent","Hannover","Hanover, NDS, Germany","2026-06-24T11:43:53.421Z","https://jobs.smartrecruiters.com/sixt/744000133926019","https://careerkit.me/api/apply?src=github-dach&company=sixt&url=https%3A%2F%2Fjobs.smartrecruiters.com%2Fsixt%2F744000133926019"
"cbs Corporate Business Solutions","Initiativbewerbung für Young Professionals","Absolvent","Heidelberg","Heidelberg, Baden-Württemberg, Deutschland","2026-08-20 11:43:32 UTC","https://cbsconsulting.recruitee.com/o/initiativbewerbung-fur-young-professionals","https://careerkit.me/api/apply?src=github-dach&company=cbs-corporate-business-solutions&url=https%3A%2F%2Fcbsconsulting.recruitee.com%2Fo%2Finitiativbewerbung-fur-young-professionals"
"1KOMMA5°","Quereinsteiger / Baustellenhelfer / Elektrohelfer (m/w/d) - Photovoltaik, Wärmepumpen & Energiesysteme - 1KOMMA5° Heidelberg","Junior","Heidelberg","Heidelberg","2024-10-29T13:05:25+00:00","https://1komma5grad.jobs.personio.de/job/1796380","https://careerkit.me/api/apply?src=github-dach&company=1komma5&url=https%3A%2F%2F1komma5grad.jobs.personio.de%2Fjob%2F1796380"
"cbs Corporate Business Solutions","Salesforce Traineeprogramm (m/w/d)","Junior","Heidelberg","Heidelberg, Baden-Württemberg, Deutschland","2026-09-01 09:30:34 UTC","https://cbsconsulting.recruitee.com/o/salesforce-traineeprogramm-mwd","https://careerkit.me/api/apply?src=github-dach&company=cbs-corporate-business-solutions&url=https%3A%2F%2Fcbsconsulting.recruitee.com%2Fo%2Fsalesforce-traineeprogramm-mwd"
"cbs Corporate Business Solutions","(Junior) Sales Manager SAP (m/w/d)","Junior","Heidelberg","Heidelberg, Baden-Württemberg, Deutschland","2025-10-12 17:52:12 UTC","https://cbsconsulting.recruitee.com/o/junior-sales-manager-sap-mwd","https://careerkit.me/api/apply?src=github-dach&company=cbs-corporate-business-solutions&url=https%3A%2F%2Fcbsconsulting.recruitee.com%2Fo%2Fjunior-sales-manager-sap-mwd"
"cbs Corporate Business Solutions","Werkstudent - Contract Management (m/w/d)","Werkstudent","Heidelberg","Heidelberg, Baden-Württemberg, Deutschland","2026-09-21 08:37:36 UTC","https://cbsconsulting.recruitee.com/o/werkstudent-contract-management-mwd","https://careerkit.me/api/apply?src=github-dach&company=cbs-corporate-business-solutions&url=https%3A%2F%2Fcbsconsulting.recruitee.com%2Fo%2Fwerkstudent-contract-management-mwd"
"cbs Corporate Business Solutions","Werkstudent - Master Data Management (MDM) (m/w/d)","Werkstudent","Heidelberg","Heidelberg, Baden-Württemberg, Deutschland","2026-07-27 06:54:01 UTC","https://cbsconsulting.recruitee.com/o/werkstudent-master-data-management-mdm-mwd","https://careerkit.me/api/apply?src=github-dach&company=cbs-corporate-business-solutions&url=https%3A%2F%2Fcbsconsulting.recruitee.com%2Fo%2Fwerkstudent-master-data-management-mdm-mwd"
"cbs Corporate Business Solutions","Werkstudent - AI Manager Support (m/w/d)","Werkstudent","Heidelberg","Heidelberg, Baden-Württemberg, Deutschland","2026-07-08 15:05:07 UTC","https://cbsconsulting.recruitee.com/o/werkstudent-ai-manager-support-mwd","https://careerkit.me/api/apply?src=github-dach&company=cbs-corporate-business-solutions&url=https%3A%2F%2Fcbsconsulting.recruitee.com%2Fo%2Fwerkstudent-ai-manager-support-mwd"
"cbs Corporate Business Solutions","Werkstudent - SAP Beratung (m/w/d)","Werkstudent","Heidelberg","Heidelberg, Baden-Württemberg, Deutschland","2025-11-06 08:51:05 UTC","https://cbsconsulting.recruitee.com/o/werkstudent-sap-beratung-mwd","https://careerkit.me/api/apply?src=github-dach&company=cbs-corporate-business-solutions&url=https%3A%2F%2Fcbsconsulting.recruitee.com%2Fo%2Fwerkstudent-sap-beratung-mwd"
"Nagarro","Working Student / Werkstudent (f/m/d) SAP Sales & Demand Generation Heidelberg","Werkstudent","Heidelberg","Heidelberg, , Germany","2026-09-15T06:46:08.387Z","https://jobs.smartrecruiters.com/nagarro1/744000149511285","https://careerkit.me/api/apply?src=github-dach&company=nagarro&url=https%3A%2F%2Fjobs.smartrecruiters.com%2Fnagarro1%2F744000149511285"
"Nagarro","Working Student / Werkstudent (f/m/d) SAP Sales & Demand Generation","Werkstudent","Heidelberg","Heidelberg, , Germany","2026-08-28T08:16:39.823Z","https://jobs.smartrecruiters.com/nagarro1/744000146135279","https://careerkit.me/api/apply?src=github-dach&company=nagarro&url=https%3A%2F%2Fjobs.smartrecruiters.com%2Fnagarro1%2F744000146135279"
"SIXT","Werkstudent Autovermietung (m/w/d)","Werkstudent","Heidelberg","Heidelberg, BW, Germany","2026-07-02T15:30:34.099Z","https://jobs.smartrecruiters.com/sixt/744000135537839","https://careerkit.me/api/apply?src=github-dach&company=sixt&url=https%3A%2F%2Fjobs.smartrecruiters.com%2Fsixt%2F744000135537839"
"SIXT","Studentische Teilzeitkraft Autovermietung (m/w/d)","Werkstudent","Heidelberg","Heidelberg, BW, Germany","2026-07-02T15:29:44.134Z","https://jobs.smartrecruiters.com/sixt/744000135536045","https://careerkit.me/api/apply?src=github-dach&company=sixt&url=https%3A%2F%2Fjobs.smartrecruiters.com%2Fsixt%2F744000135536045"
"Accenture","(Junior) Backend Engineer (all genders)","Junior","Innsbruck","Innsbruck","2026-08-26T09:54:31.489Z","https://accenture.wd103.myworkdayjobs.com/AccentureCareers/job/Innsbruck/XMLNAME--Junior--Backend-Engineer--all-genders-_R00330216","https://careerkit.me/api/apply?src=github-dach&company=accenture&url=https%3A%2F%2Faccenture.wd103.myworkdayjobs.com%2FAccentureCareers%2Fjob%2FInnsbruck%2FXMLNAME--Junior--Backend-Engineer--all-genders-_R00330216"
"ATP architekten ingenieure","Junior BIM-Modellierer:in (m/w/d) Hochbau","Junior","Innsbruck","Innsbruck, Tirol, Austria","2026-09-21T07:00:35.879Z","https://jobs.smartrecruiters.com/ATParchitekteningenieure/744000150609609","https://careerkit.me/api/apply?src=github-dach&company=atp-architekten-ingenieure&url=https%3A%2F%2Fjobs.smartrecruiters.com%2FATParchitekteningenieure%2F744000150609609"
"ATP architekten ingenieure","(Junior) Ingenieur:in (m/w/d) HKLS","Junior","Innsbruck","Innsbruck, Tirol, Austria","2026-09-10T09:32:49.069Z","https://jobs.smartrecruiters.com/ATParchitekteningenieure/744000148721454","https://careerkit.me/api/apply?src=github-dach&company=atp-architekten-ingenieure&url=https%3A%2F%2Fjobs.smartrecruiters.com%2FATParchitekteningenieure%2F744000148721454"
"ATP architekten ingenieure","Junior-Statiker:in (m/w/d) 20-30h/Woche","Junior","Innsbruck","Innsbruck, Tirol, Austria","2026-06-12T11:58:23.860Z","https://jobs.smartrecruiters.com/ATParchitekteningenieure/744000131884150","https://careerkit.me/api/apply?src=github-dach&company=atp-architekten-ingenieure&url=https%3A%2F%2Fjobs.smartrecruiters.com%2FATParchitekteningenieure%2F744000131884150"
"Drees & Sommer SE","Studentischer Mitarbeiter (w/m/d) Baumanagement","Werkstudent","Innsbruck","Innsbruck, Tirol, Austria","2026-09-07T14:26:34.279Z","https://jobs.smartrecruiters.com/DreesSommerSE/744000147954924","https://careerkit.me/api/apply?src=github-dach&company=drees-sommer-se&url=https%3A%2F%2Fjobs.smartrecruiters.com%2FDreesSommerSE%2F744000147954924"
"ATP architekten ingenieure","Junior-Ingenieur (m/w/d) Elektrotechnik","Junior","Karlsruhe","Karlsruhe, BW, Germany","2026-07-17T07:16:18.171Z","https://jobs.smartrecruiters.com/ATParchitekteningenieure/744000138261504","https://careerkit.me/api/apply?src=github-dach&company=atp-architekten-ingenieure&url=https%3A%2F%2Fjobs.smartrecruiters.com%2FATParchitekteningenieure%2F744000138261504"
"ATP architekten ingenieure","Junior-Statiker/Bauingenieur (m/w/d) Tragwerksplanung","Junior","Karlsruhe","Karlsruhe, BW, Germany","2026-06-02T08:33:04.586Z","https://jobs.smartrecruiters.com/ATParchitekteningenieure/744000129686524","https://careerkit.me/api/apply?src=github-dach&company=atp-architekten-ingenieure&url=https%3A%2F%2Fjobs.smartrecruiters.com%2FATParchitekteningenieure%2F744000129686524"
"Drees & Sommer SE","Junior Bauingenieur / Architekt (w/m/d) Objektüberwachung","Junior","Karlsruhe","Karlsruhe, BW, Germany","2026-09-22T11:24:01.839Z","https://jobs.smartrecruiters.com/DreesSommerSE/744000151004671","https://careerkit.me/api/apply?src=github-dach&company=drees-sommer-se&url=https%3A%2F%2Fjobs.smartrecruiters.com%2FDreesSommerSE%2F744000151004671"
"Bosch Group","Praktikum in der Logistikplanung","Praktikum","Karlsruhe","Karlsruhe, BW, Germany","2026-09-24T12:48:10.978Z","https://jobs.smartrecruiters.com/BoschGroup/744000151610609","https://careerkit.me/api/apply?src=github-dach&company=bosch-group&url=https%3A%2F%2Fjobs.smartrecruiters.com%2FBoschGroup%2F744000151610609"
"Bosch Group","Praktikum im B2B-Kundenmarketing","Praktikum","Karlsruhe","Karlsruhe, BW, Germany","2026-09-14T11:10:28.434Z","https://jobs.smartrecruiters.com/BoschGroup/744000149303939","https://careerkit.me/api/apply?src=github-dach&company=bosch-group&url=https%3A%2F%2Fjobs.smartrecruiters.com%2FBoschGroup%2F744000149303939"
"Bosch Group","Praktikum im Business Process Management","Praktikum","Karlsruhe","Karlsruhe, BW, Germany","2026-08-26T06:40:03.416Z","https://jobs.smartrecruiters.com/BoschGroup/744000145663084","https://careerkit.me/api/apply?src=github-dach&company=bosch-group&url=https%3A%2F%2Fjobs.smartrecruiters.com%2FBoschGroup%2F744000145663084"
"Bosch Group","Praktikum im Bereich Logistik und Verpackungsentwicklung","Praktikum","Karlsruhe","Karlsruhe, BW, Germany","2026-08-25T10:31:37.133Z","https://jobs.smartrecruiters.com/BoschGroup/744000145477869","https://careerkit.me/api/apply?src=github-dach&company=bosch-group&url=https%3A%2F%2Fjobs.smartrecruiters.com%2FBoschGroup%2F744000145477869"
"Bosch Group","Praktikum im Bereich Logistik","Praktikum","Karlsruhe","Karlsruhe, BW, Germany","2026-08-25T06:19:15.019Z","https://jobs.smartrecruiters.com/BoschGroup/744000145425990","https://careerkit.me/api/apply?src=github-dach&company=bosch-group&url=https%3A%2F%2Fjobs.smartrecruiters.com%2FBoschGroup%2F744000145425990"
"Bosch Group","Praktikum Marketing und Vertrieb - Werkstattausrüstung","Praktikum","Karlsruhe","Karlsruhe, BW, Germany","2026-08-06T07:56:18.918Z","https://jobs.smartrecruiters.com/BoschGroup/744000141860214","https://careerkit.me/api/apply?src=github-dach&company=bosch-group&url=https%3A%2F%2Fjobs.smartrecruiters.com%2FBoschGroup%2F744000141860214"
"Bosch Group","Praktikum im Bereich Electronic Services","Praktikum","Karlsruhe","Karlsruhe, BW, Germany","2026-06-25T10:24:01.264Z","https://jobs.smartrecruiters.com/BoschGroup/744000134229319","https://careerkit.me/api/apply?src=github-dach&company=bosch-group&url=https%3A%2F%2Fjobs.smartrecruiters.com%2FBoschGroup%2F744000134229319"
"ATP architekten ingenieure","Praktikant/ Werkstudent Architektur (m/w/d)","Werkstudent","Karlsruhe","Karlsruhe, BW, Germany","2026-05-08T08:49:05.533Z","https://jobs.smartrecruiters.com/ATParchitekteningenieure/744000125291980","https://careerkit.me/api/apply?src=github-dach&company=atp-architekten-ingenieure&url=https%3A%2F%2Fjobs.smartrecruiters.com%2FATParchitekteningenieure%2F744000125291980"
"Bosch Group","Werkstudent Digitale Lernumgebung für Produkt- und Sales-Trainings (w/m/div.)","Werkstudent","Karlsruhe","Karlsruhe, BW, Germany","2026-09-21T06:06:19.711Z","https://jobs.smartrecruiters.com/BoschGroup/744000150601929","https://careerkit.me/api/apply?src=github-dach&company=bosch-group&url=https%3A%2F%2Fjobs.smartrecruiters.com%2FBoschGroup%2F744000150601929"
"IONOS","Werkstudent (w/m/d) Project Management Assistance","Werkstudent","Karlsruhe","Hinterm Hauptbahnhof 3-5, 76137 Karlsruhe","2026-08-17T08:46:19-04:00","https://job-boards.eu.greenhouse.io/ionos/jobs/4952506101","https://careerkit.me/api/apply?src=github-dach&company=ionos&url=https%3A%2F%2Fjob-boards.eu.greenhouse.io%2Fionos%2Fjobs%2F4952506101"
"SIXT","Studentische Teilzeitkraft Autovermietung (m/w/d)","Werkstudent","Karlsruhe","Karlsruhe, BW, Germany","2026-06-25T07:55:21.525Z","https://jobs.smartrecruiters.com/sixt/744000134193273","https://careerkit.me/api/apply?src=github-dach&company=sixt&url=https%3A%2F%2Fjobs.smartrecruiters.com%2Fsixt%2F744000134193273"
"SIXT","Werkstudent Autovermietung (m/w/d)","Werkstudent","Karlsruhe","Karlsruhe, BW, Germany","2026-06-25T07:55:10.330Z","https://jobs.smartrecruiters.com/sixt/744000134196059","https://careerkit.me/api/apply?src=github-dach&company=sixt&url=https%3A%2F%2Fjobs.smartrecruiters.com%2Fsixt%2F744000134196059"
"Coface","Accountant GL Junior","Junior","Lausanne","Lausanne, VD, Switzerland","2026-08-27T13:30:50.388Z","https://jobs.smartrecruiters.com/coface/744000145988329","https://careerkit.me/api/apply?src=github-dach&company=coface&url=https%3A%2F%2Fjobs.smartrecruiters.com%2Fcoface%2F744000145988329"
"Evooq","Junior Application & Integration Specialist","Junior","Lausanne","Lausanne, VD, Switzerland","2026-09-07T09:38:18.773Z","https://jobs.smartrecruiters.com/evooq/744000147889059","https://careerkit.me/api/apply?src=github-dach&company=evooq&url=https%3A%2F%2Fjobs.smartrecruiters.com%2Fevooq%2F744000147889059"
"Harmattan AI","Junior Mechanical Engineer – Quadcopter Systems","Junior","Lausanne","Lausanne","2026-07-30T13:25:01.590+00:00","https://jobs.ashbyhq.com/harmattan-ai/a5a71f3e-d3c0-4ac1-b6c1-9d2ac50519fc","https://careerkit.me/api/apply?src=github-dach&company=harmattan-ai&url=https%3A%2F%2Fjobs.ashbyhq.com%2Fharmattan-ai%2Fa5a71f3e-d3c0-4ac1-b6c1-9d2ac50519fc"
"adaptyv","Internship Bioengineering / Molecular Biology","Praktikum","Lausanne","Lausanne","2026-06-05T11:14:33.334+00:00","https://jobs.ashbyhq.com/adaptyv/b2c0c8b3-55fd-49e2-9c2d-4bc5e58ac414","https://careerkit.me/api/apply?src=github-dach&company=adaptyv&url=https%3A%2F%2Fjobs.ashbyhq.com%2Fadaptyv%2Fb2c0c8b3-55fd-49e2-9c2d-4bc5e58ac414"
"adaptyv","Intern, Create Value","Praktikum","Lausanne","Lausanne","2026-06-05T11:05:27.666+00:00","https://jobs.ashbyhq.com/adaptyv/23d574c9-91c2-4b35-b3e9-1133a96ea19b","https://careerkit.me/api/apply?src=github-dach&company=adaptyv&url=https%3A%2F%2Fjobs.ashbyhq.com%2Fadaptyv%2F23d574c9-91c2-4b35-b3e9-1133a96ea19b"
"adaptyv","Intern, Protein Design","Praktikum","Lausanne","Lausanne / Hybrid / Remote","2026-06-03T13:21:53.556+00:00","https://jobs.ashbyhq.com/adaptyv/0b758124-722a-4557-b16b-5ad38e6b7986","https://careerkit.me/api/apply?src=github-dach&company=adaptyv&url=https%3A%2F%2Fjobs.ashbyhq.com%2Fadaptyv%2F0b758124-722a-4557-b16b-5ad38e6b7986"
"adaptyv","Lab Automation Internship","Praktikum","Lausanne","Lausanne","2026-06-03T15:11:42.128+00:00","https://jobs.ashbyhq.com/adaptyv/1f3b5a4d-4d5f-479c-9496-faa3de0d5ff7","https://careerkit.me/api/apply?src=github-dach&company=adaptyv&url=https%3A%2F%2Fjobs.ashbyhq.com%2Fadaptyv%2F1f3b5a4d-4d5f-479c-9496-faa3de0d5ff7"
"AFRY","Stagiaire en génie civil orientation structure 80-100% (f/h/d) - Lausanne","Praktikum","Lausanne","Lausanne, VD, Switzerland","2026-08-31T12:03:05.530Z","https://jobs.smartrecruiters.com/afry/744000146453369","https://careerkit.me/api/apply?src=github-dach&company=afry&url=https%3A%2F%2Fjobs.smartrecruiters.com%2Fafry%2F744000146453369"
"WSP Switzerland","Stagiaire géotechnique et ouvrages souterrains - 6 mois","Praktikum","Lausanne","Lausanne, CH / Vernier, CH","2026-08-20T16:38:53+02:00","https://wspcentraleurope.teamtailor.com/jobs/8249599-stagiaire-geotechnique-et-ouvrages-souterrains-6-mois","https://careerkit.me/api/apply?src=github-dach&company=wsp-switzerland&url=https%3A%2F%2Fwspcentraleurope.teamtailor.com%2Fjobs%2F8249599-stagiaire-geotechnique-et-ouvrages-souterrains-6-mois"
"adaptyv","Business Operations (Intern / Working Student)","Werkstudent","Lausanne","Lausanne","2026-06-03T13:25:30.041+00:00","https://jobs.ashbyhq.com/adaptyv/3cd49da0-748c-4771-a133-bd67f26d55aa","https://careerkit.me/api/apply?src=github-dach&company=adaptyv&url=https%3A%2F%2Fjobs.ashbyhq.com%2Fadaptyv%2F3cd49da0-748c-4771-a133-bd67f26d55aa"
"Drees & Sommer SE","Junior Ingenieur (w/m/d) Resilienz- und Sicherheitsberatung","Junior","Leipzig","Leipzig, SN, Germany","2026-09-23T12:22:28.157Z","https://jobs.smartrecruiters.com/DreesSommerSE/744000151367719","https://careerkit.me/api/apply?src=github-dach&company=drees-sommer-se&url=https%3A%2F%2Fjobs.smartrecruiters.com%2FDreesSommerSE%2F744000151367719"
"Drees & Sommer SE","Junior Bauingenieur / Architekt (w/m/d) Objektüberwachung","Junior","Leipzig","Leipzig, SN, Germany","2026-06-16T08:15:31.130Z","https://jobs.smartrecruiters.com/DreesSommerSE/744000132356099","https://careerkit.me/api/apply?src=github-dach&company=drees-sommer-se&url=https%3A%2F%2Fjobs.smartrecruiters.com%2FDreesSommerSE%2F744000132356099"
"Drees & Sommer SE","Junior Consultant (w/m/d) Resilience and Risk Advisory in Bau- und Immobilienprojekten","Junior","Leipzig","Leipzig, SACHSEN, Germany","2026-05-26T09:53:49.717Z","https://jobs.smartrecruiters.com/DreesSommerSE/744000128447090","https://careerkit.me/api/apply?src=github-dach&company=drees-sommer-se&url=https%3A%2F%2Fjobs.smartrecruiters.com%2FDreesSommerSE%2F744000128447090"
"Drees & Sommer SE","Junior Ingenieur / Techniker (w/m/d) Objektüberwachung Elektrotechnik","Junior","Leipzig","Leipzig, SN, Germany","2026-05-26T09:07:43.640Z","https://jobs.smartrecruiters.com/DreesSommerSE/744000128433640","https://careerkit.me/api/apply?src=github-dach&company=drees-sommer-se&url=https%3A%2F%2Fjobs.smartrecruiters.com%2FDreesSommerSE%2F744000128433640"
"Drees & Sommer SE","Junior Ingenieur / Techniker (w/m/d) Objektüberwachung HLSK","Junior","Leipzig","Leipzig, SN, Germany","2026-05-26T09:04:14.650Z","https://jobs.smartrecruiters.com/DreesSommerSE/744000128435199","https://careerkit.me/api/apply?src=github-dach&company=drees-sommer-se&url=https%3A%2F%2Fjobs.smartrecruiters.com%2FDreesSommerSE%2F744000128435199"
"Drees & Sommer SE","Junior Consultant (w/m/d) Claim- und Risikomanagement in Bau- und Immobilienprojekten","Junior","Leipzig","Leipzig, SN, Germany","2026-05-26T08:02:06.975Z","https://jobs.smartrecruiters.com/DreesSommerSE/744000128416775","https://careerkit.me/api/apply?src=github-dach&company=drees-sommer-se&url=https%3A%2F%2Fjobs.smartrecruiters.com%2FDreesSommerSE%2F744000128416775"
"Eurofins","Mitarbeiter/Quereinsteiger (m/w/d) für die Zentrale Probenvorbereitung","Junior","Leipzig","Leipzig, SN, Germany","2026-02-16T10:26:53.088Z","https://jobs.smartrecruiters.com/eurofins/744000109486015","https://careerkit.me/api/apply?src=github-dach&company=eurofins&url=https%3A%2F%2Fjobs.smartrecruiters.com%2Feurofins%2F744000109486015"
"Drees & Sommer SE","Praktikant (w/m/d) Facility Management Gebäudetechnik","Praktikum","Leipzig","Leipzig, SN, Germany","2026-05-26T08:22:06.551Z","https://jobs.smartrecruiters.com/DreesSommerSE/744000128422922","https://careerkit.me/api/apply?src=github-dach&company=drees-sommer-se&url=https%3A%2F%2Fjobs.smartrecruiters.com%2FDreesSommerSE%2F744000128422922"
"Drees & Sommer SE","Praktikant/Werkstudent (w/m/d) Technische Immobilienberatung","Werkstudent","Leipzig","Leipzig, SN, Germany","2026-09-22T14:24:18.709Z","https://jobs.smartrecruiters.com/DreesSommerSE/744000151051191","https://careerkit.me/api/apply?src=github-dach&company=drees-sommer-se&url=https%3A%2F%2Fjobs.smartrecruiters.com%2FDreesSommerSE%2F744000151051191"
"Drees & Sommer SE","Praktikant/Werkstudent (w/m/d) Nachhaltigkeitsberatung Immobilien","Werkstudent","Leipzig","Leipzig, SN, Germany","2026-09-07T11:32:25.860Z","https://jobs.smartrecruiters.com/DreesSommerSE/744000147912969","https://careerkit.me/api/apply?src=github-dach&company=drees-sommer-se&url=https%3A%2F%2Fjobs.smartrecruiters.com%2FDreesSommerSE%2F744000147912969"
"Drees & Sommer SE","Praktikant/Werkstudent (w/m/d) Terminplanung & Lean Construction Management","Werkstudent","Leipzig","Leipzig, SN, Germany","2026-07-29T11:31:26.231Z","https://jobs.smartrecruiters.com/DreesSommerSE/744000140441499","https://careerkit.me/api/apply?src=github-dach&company=drees-sommer-se&url=https%3A%2F%2Fjobs.smartrecruiters.com%2FDreesSommerSE%2F744000140441499"
"SIXT","Werkstudent Autovermietung (m/w/d) Flughafen","Werkstudent","Leipzig","Leipzig, , Germany","2026-08-11T06:46:18.939Z","https://jobs.smartrecruiters.com/sixt/744000142798366","https://careerkit.me/api/apply?src=github-dach&company=sixt&url=https%3A%2F%2Fjobs.smartrecruiters.com%2Fsixt%2F744000142798366"
"SIXT","Studentische Teilzeitkraft Autovermietung (m/w/d) Flughafen","Werkstudent","Leipzig","Leipzig, SN, Germany","2026-08-11T06:44:26.002Z","https://jobs.smartrecruiters.com/sixt/744000142798759","https://careerkit.me/api/apply?src=github-dach&company=sixt&url=https%3A%2F%2Fjobs.smartrecruiters.com%2Fsixt%2F744000142798759"
"Sopra Steria","Werkstudent Java Entwicklung (m/w/d)","Werkstudent","Leipzig","Leipzig, , Germany","2026-05-07T06:34:01.674Z","https://jobs.smartrecruiters.com/SopraSteria1/744000125041029","https://careerkit.me/api/apply?src=github-dach&company=sopra-steria&url=https%3A%2F%2Fjobs.smartrecruiters.com%2FSopraSteria1%2F744000125041029"
"H&M","Department Manager Trainee (m/w/d) - RAUM Linz (38,5 Wochenstunden)","Junior","Linz","Linz, Oberösterreich","2026-09-10T16:45:46Z","https://www.adzuna.at/details/5878551617?utm_medium=api&utm_source=8efdd1b9","https://careerkit.me/api/apply?src=github-dach&company=h-m&url=https%3A%2F%2Fwww.adzuna.at%2Fdetails%2F5878551617%3Futm_medium%3Dapi%26utm_source%3D8efdd1b9"
"H&M Group","Department Manager Trainee (m/w/d) - RAUM Linz (38,5 Wochenstunden)","Junior","Linz","Linz, , Austria","2026-09-10T08:40:02.474Z","https://jobs.smartrecruiters.com/HMGroup/744000148707790","https://careerkit.me/api/apply?src=github-dach&company=h-m-group&url=https%3A%2F%2Fjobs.smartrecruiters.com%2FHMGroup%2F744000148707790"
"Hilti Austria Gesellschaft mbH","Talente für unser Trainee-Programm - Sales & Marketing (w/m/d) - Vollzeit","Junior","Linz","Linz, Oberösterreich","2026-09-19T18:37:35Z","https://www.adzuna.at/land/ad/5890845690?se=Yly6LMe48RG6__weu4s3oQ&utm_medium=api&utm_source=8efdd1b9&v=2413F7D2A143003AE8CB3850A015F256D9446760","https://careerkit.me/api/apply?src=github-dach&company=hilti-austria-gesellschaft-mbh&url=https%3A%2F%2Fwww.adzuna.at%2Fland%2Fad%2F5890845690%3Fse%3DYly6LMe48RG6__weu4s3oQ%26utm_medium%3Dapi%26utm_source%3D8efdd1b9%26v%3D2413F7D2A143003AE8CB3850A015F256D9446760"
"SIXT","Management Trainee Filiale (m/w/d) Vollzeit","Junior","Linz","Linz, Upper Austria, Austria","2026-09-08T08:51:58.696Z","https://jobs.smartrecruiters.com/sixt/744000148172865","https://careerkit.me/api/apply?src=github-dach&company=sixt&url=https%3A%2F%2Fjobs.smartrecruiters.com%2Fsixt%2F744000148172865"
"HRlab","Praktikum im Bereich Übersetzung & Projektmanagement","Praktikum","Linz","Linz, Oberösterreich","2026-04-25T00:12:04Z","https://www.adzuna.at/details/5709759373?utm_medium=api&utm_source=8efdd1b9","https://careerkit.me/api/apply?src=github-dach&company=hrlab&url=https%3A%2F%2Fwww.adzuna.at%2Fdetails%2F5709759373%3Futm_medium%3Dapi%26utm_source%3D8efdd1b9"
"Infineon Technologies AG","Internship - Automotive Radar R&D (f/m/div)","Praktikum","Linz","Linz, Oberösterreich","2026-08-11T07:20:03Z","https://www.adzuna.at/details/5836372722?utm_medium=api&utm_source=8efdd1b9","https://careerkit.me/api/apply?src=github-dach&company=infineon-technologies-ag&url=https%3A%2F%2Fwww.adzuna.at%2Fdetails%2F5836372722%3Futm_medium%3Dapi%26utm_source%3D8efdd1b9"
"Infineon Technologies AG","Industriepraktikum - Hardware-Software-Design (Dual Study Kooperation FH OÖ Hagenberg) Hardware-Software-Design (Dual Study Kooperation FH OÖ Hagenberg)","Praktikum","Linz","Linz, Oberösterreich","2026-04-23T05:10:05Z","https://www.adzuna.at/details/5707912777?utm_medium=api&utm_source=8efdd1b9","https://careerkit.me/api/apply?src=github-dach&company=infineon-technologies-ag&url=https%3A%2F%2Fwww.adzuna.at%2Fdetails%2F5707912777%3Futm_medium%3Dapi%26utm_source%3D8efdd1b9"
"ÖBB","Pflichtpraktikant:innen im Bereich Verwertung","Praktikum","Linz","Linz, Oberösterreich","2026-07-25T01:20:57Z","https://www.adzuna.at/details/5814605330?utm_medium=api&utm_source=8efdd1b9","https://careerkit.me/api/apply?src=github-dach&company=oebb&url=https%3A%2F%2Fwww.adzuna.at%2Fdetails%2F5814605330%3Futm_medium%3Dapi%26utm_source%3D8efdd1b9"
"NielsenIQ","(Junior) Analytic Consultant (m/w/d)","Junior","Luzern","Lucerne, LU, Switzerland","2026-09-21T09:04:13.023Z","https://jobs.smartrecruiters.com/nielseniq/744000150639019","https://careerkit.me/api/apply?src=github-dach&company=nielseniq&url=https%3A%2F%2Fjobs.smartrecruiters.com%2Fnielseniq%2F744000150639019"
"CH Media","Praktikum Social Media Tele 1 (a) 100 %","Praktikum","Luzern","Luzern, Luzern, Schweiz","2026-09-01 11:33:50 UTC","https://chmedia.recruitee.com/o/praktikum-social-media-tele-1-a-100-101","https://careerkit.me/api/apply?src=github-dach&company=ch-media&url=https%3A%2F%2Fchmedia.recruitee.com%2Fo%2Fpraktikum-social-media-tele-1-a-100-101"
"Coface","(Junior) Account Officer Global Solutions (m|w|d) in Mainz","Junior","Mainz","Mainz, RP, Germany","2026-09-11T08:50:05.118Z","https://jobs.smartrecruiters.com/coface/744000148958329","https://careerkit.me/api/apply?src=github-dach&company=coface&url=https%3A%2F%2Fjobs.smartrecruiters.com%2Fcoface%2F744000148958329"
"Drees & Sommer SE","(Junior) Bauüberwacher (w/m/d) Tiefbau in Energieprojekten","Junior","Mainz","Mainz, RP, Germany","2026-08-27T13:46:46.015Z","https://jobs.smartrecruiters.com/DreesSommerSE/744000145992489","https://careerkit.me/api/apply?src=github-dach&company=drees-sommer-se&url=https%3A%2F%2Fjobs.smartrecruiters.com%2FDreesSommerSE%2F744000145992489"
"Coface","Werkstudent (m|w|d) in Human Resources","Werkstudent","Mainz","Mainz, RP, Germany","2026-09-09T06:25:19.095Z","https://jobs.smartrecruiters.com/coface/744000148415869","https://careerkit.me/api/apply?src=github-dach&company=coface&url=https%3A%2F%2Fjobs.smartrecruiters.com%2Fcoface%2F744000148415869"
"Drees & Sommer SE","Junior Bauingenieur / Architekt (w/m/d) Objektüberwachung","Junior","Mannheim","Mannheim, BW, Germany","2026-09-22T11:22:30.565Z","https://jobs.smartrecruiters.com/DreesSommerSE/744000151007529","https://careerkit.me/api/apply?src=github-dach&company=drees-sommer-se&url=https%3A%2F%2Fjobs.smartrecruiters.com%2FDreesSommerSE%2F744000151007529"
"Drees & Sommer SE","Junior Projektmanager (w/m/d) Hochbau","Junior","Mannheim","Mannheim, BW, Germany","2026-08-24T09:04:06.280Z","https://jobs.smartrecruiters.com/DreesSommerSE/744000145223341","https://careerkit.me/api/apply?src=github-dach&company=drees-sommer-se&url=https%3A%2F%2Fjobs.smartrecruiters.com%2FDreesSommerSE%2F744000145223341"
"Drees & Sommer SE","Junior Projektmanager (w/m/d) EPCM Industry","Junior","Mannheim","Mannheim, BW, Germany","2026-05-28T09:06:22.655Z","https://jobs.smartrecruiters.com/DreesSommerSE/744000128900094","https://careerkit.me/api/apply?src=github-dach&company=drees-sommer-se&url=https%3A%2F%2Fjobs.smartrecruiters.com%2FDreesSommerSE%2F744000128900094"
"Hitachi","Trainee Sales (f/m/d)","Junior","Mannheim","Mannheim, Baden-Wurttemberg, Germany","2026-09-17T09:54:30.043Z","https://hitachi.wd1.myworkdayjobs.com/hitachi/job/Mannheim-Baden-Wurttemberg-Germany/Trainee-Sales--f-m-d-_R0137167","https://careerkit.me/api/apply?src=github-dach&company=hitachi&url=https%3A%2F%2Fhitachi.wd1.myworkdayjobs.com%2Fhitachi%2Fjob%2FMannheim-Baden-Wurttemberg-Germany%2FTrainee-Sales--f-m-d-_R0137167"
"Hitachi","Trainee Operations & Engineering","Junior","Mannheim","2 Locations","2026-09-16T09:54:30.043Z","https://hitachi.wd1.myworkdayjobs.com/hitachi/job/Mannheim-Baden-Wurttemberg-Germany/Trainee-Operations---Engineering_R0137169","https://careerkit.me/api/apply?src=github-dach&company=hitachi&url=https%3A%2F%2Fhitachi.wd1.myworkdayjobs.com%2Fhitachi%2Fjob%2FMannheim-Baden-Wurttemberg-Germany%2FTrainee-Operations---Engineering_R0137169"
"Hitachi","Junior Bauleiter (w/m/d)","Junior","Mannheim","Mannheim, Baden-Wurttemberg, Germany","2026-08-26T09:54:30.044Z","https://hitachi.wd1.myworkdayjobs.com/hitachi/job/Mannheim-Baden-Wurttemberg-Germany/Junior-Bauleiter--w-m-d-_R0135553","https://careerkit.me/api/apply?src=github-dach&company=hitachi&url=https%3A%2F%2Fhitachi.wd1.myworkdayjobs.com%2Fhitachi%2Fjob%2FMannheim-Baden-Wurttemberg-Germany%2FJunior-Bauleiter--w-m-d-_R0135553"
"Drees & Sommer SE","Praktikant (w/m/d) Baumanagement in Völklingen","Praktikum","Mannheim","Mannheim, BW, Germany","2026-05-26T09:05:58.065Z","https://jobs.smartrecruiters.com/DreesSommerSE/744000128434876","https://careerkit.me/api/apply?src=github-dach&company=drees-sommer-se&url=https%3A%2F%2Fjobs.smartrecruiters.com%2FDreesSommerSE%2F744000128434876"
"Roche","Praktikum in der mikrobiologischen Qualitätskontrolle","Praktikum","Mannheim","Mannheim","2026-09-24T09:54:41.917Z","https://roche.wd3.myworkdayjobs.com/roche-ext/job/Mannheim/Praktikum-in-der-mikrobiologischen-Qualittskontrolle_202609-123964-1","https://careerkit.me/api/apply?src=github-dach&company=roche&url=https%3A%2F%2Froche.wd3.myworkdayjobs.com%2Froche-ext%2Fjob%2FMannheim%2FPraktikum-in-der-mikrobiologischen-Qualittskontrolle_202609-123964-1"
"Roche","Intern Inclusion and Belonging (m/w/d)","Praktikum","Mannheim","2 Locations","2026-09-14T09:54:41.917Z","https://roche.wd3.myworkdayjobs.com/roche-ext/job/Mannheim/Intern_202608-122100","https://careerkit.me/api/apply?src=github-dach&company=roche&url=https%3A%2F%2Froche.wd3.myworkdayjobs.com%2Froche-ext%2Fjob%2FMannheim%2FIntern_202608-122100"
"Roche","Praktikum im Energiemanagement & Nachhaltigkeit (m/w/d)","Praktikum","Mannheim","Mannheim","2026-09-02T09:54:41.917Z","https://roche.wd3.myworkdayjobs.com/roche-ext/job/Mannheim/Praktikum-im-Energiemanagement---Nachhaltigkeit--m-w-d-_202606-114406-1","https://careerkit.me/api/apply?src=github-dach&company=roche&url=https%3A%2F%2Froche.wd3.myworkdayjobs.com%2Froche-ext%2Fjob%2FMannheim%2FPraktikum-im-Energiemanagement---Nachhaltigkeit--m-w-d-_202606-114406-1"
"Roche","Praktikum im Bereich: Recruitment Strategy & Operations (m/w/d)","Praktikum","Mannheim","Mannheim","2026-09-01T09:54:41.917Z","https://roche.wd3.myworkdayjobs.com/roche-ext/job/Mannheim/Praktikum-im-Bereich--Recruitment-Strategy---Operations--m-w-d-_202608-122317-1","https://careerkit.me/api/apply?src=github-dach&company=roche&url=https%3A%2F%2Froche.wd3.myworkdayjobs.com%2Froche-ext%2Fjob%2FMannheim%2FPraktikum-im-Bereich--Recruitment-Strategy---Operations--m-w-d-_202608-122317-1"
"Roche","Praktikum im Bereich Talent Acquisition (m/w/d)","Praktikum","Mannheim","Mannheim","2026-08-26T09:54:41.917Z","https://roche.wd3.myworkdayjobs.com/roche-ext/job/Mannheim/Praktikum-im-Bereich-Talent-Acquisition--m-w-d-_202608-120873-1","https://careerkit.me/api/apply?src=github-dach&company=roche&url=https%3A%2F%2Froche.wd3.myworkdayjobs.com%2Froche-ext%2Fjob%2FMannheim%2FPraktikum-im-Bereich-Talent-Acquisition--m-w-d-_202608-120873-1"
"Accelleron","Werkstudent Masterstudium Ingenieurswesen (m/f/d)","Werkstudent","Mannheim","2 Locations","2026-09-16T09:53:43.533Z","https://accelleron.wd3.myworkdayjobs.com/accelleron/job/DEU-Mannheim/Werkstudent-Masterstudium-Ingenieurswesen--m-f-d-_JR102536","https://careerkit.me/api/apply?src=github-dach&company=accelleron&url=https%3A%2F%2Faccelleron.wd3.myworkdayjobs.com%2Faccelleron%2Fjob%2FDEU-Mannheim%2FWerkstudent-Masterstudium-Ingenieurswesen--m-f-d-_JR102536"
"Accenture","Werkstudent bei Accenture Software Customer Services (all genders)","Werkstudent","Mannheim","Mannheim","2026-08-26T09:54:31.489Z","https://accenture.wd103.myworkdayjobs.com/AccentureCareers/job/Mannheim/Werkstudent-bei-Accenture-Software-Customer-Services--all-genders-_R00352266","https://careerkit.me/api/apply?src=github-dach&company=accenture&url=https%3A%2F%2Faccenture.wd103.myworkdayjobs.com%2FAccentureCareers%2Fjob%2FMannheim%2FWerkstudent-bei-Accenture-Software-Customer-Services--all-genders-_R00352266"
"Drees & Sommer SE","Praktikant/Werkstudent (w/m/d) Baumanagement Objektüberwachung","Werkstudent","Mannheim","Mannheim, BW, Germany","2026-05-26T08:36:46.503Z","https://jobs.smartrecruiters.com/DreesSommerSE/744000128427299","https://careerkit.me/api/apply?src=github-dach&company=drees-sommer-se&url=https%3A%2F%2Fjobs.smartrecruiters.com%2FDreesSommerSE%2F744000128427299"
"Drees & Sommer SE","Praktikant/Werkstudent (w/m/d) Projektmanagement Hochbau","Werkstudent","Mannheim","Mannheim, , Germany","2026-05-26T08:27:30.468Z","https://jobs.smartrecruiters.com/DreesSommerSE/744000128424959","https://careerkit.me/api/apply?src=github-dach&company=drees-sommer-se&url=https%3A%2F%2Fjobs.smartrecruiters.com%2FDreesSommerSE%2F744000128424959"
"SIXT","Studentische Teilzeitkraft Autovermietung (m/w/d)","Werkstudent","Mannheim","Mannheim, BW, Germany","2026-07-02T14:39:49.832Z","https://jobs.smartrecruiters.com/sixt/744000135523969","https://careerkit.me/api/apply?src=github-dach&company=sixt&url=https%3A%2F%2Fjobs.smartrecruiters.com%2Fsixt%2F744000135523969"
"Huawei Europe","Junior Service Engineer for Smart PV Business (m/f/d) – Graduate Program","Absolvent","Munich","Düsseldorf, DE / München, DE","2026-09-25T11:15:19+02:00","https://huaweidusseldorf-1719303222.teamtailor.com/jobs/8454347-junior-service-engineer-for-smart-pv-business-m-f-d-graduate-program","https://careerkit.me/api/apply?src=github-dach&company=huawei-europe&url=https%3A%2F%2Fhuaweidusseldorf-1719303222.teamtailor.com%2Fjobs%2F8454347-junior-service-engineer-for-smart-pv-business-m-f-d-graduate-program"
"Huawei Europe","Junior Solution Manager for Solar BESS (m/f/d) – Graduate Program","Absolvent","Munich","Düsseldorf, DE / München, DE","2026-09-25T11:05:47+02:00","https://huaweidusseldorf-1719303222.teamtailor.com/jobs/8454249-junior-solution-manager-for-solar-bess-m-f-d-graduate-program","https://careerkit.me/api/apply?src=github-dach&company=huawei-europe&url=https%3A%2F%2Fhuaweidusseldorf-1719303222.teamtailor.com%2Fjobs%2F8454249-junior-solution-manager-for-solar-bess-m-f-d-graduate-program"
"1KOMMA5°","Junior Business Development Manager (m/w/d) - München / Remote","Junior","Munich","München","2026-08-05T16:31:52+00:00","https://1komma5grad.jobs.personio.de/job/2743131","https://careerkit.me/api/apply?src=github-dach&company=1komma5&url=https%3A%2F%2F1komma5grad.jobs.personio.de%2Fjob%2F2743131"
"Bosch Group","Junior Sales Manager (w/m/div.) Life Safety","Junior","Munich","München, BY, Germany","2026-08-13T12:31:50.953Z","https://jobs.smartrecruiters.com/BoschGroup/744000143304439","https://careerkit.me/api/apply?src=github-dach&company=bosch-group&url=https%3A%2F%2Fjobs.smartrecruiters.com%2FBoschGroup%2F744000143304439"
"Brainlab","(Junior) Technical Project Manager – Events & Exhibits","Junior","Munich","Munich, BY, Germany","2026-07-10T11:19:44.633Z","https://jobs.smartrecruiters.com/brainlab/744000137106040","https://careerkit.me/api/apply?src=github-dach&company=brainlab&url=https%3A%2F%2Fjobs.smartrecruiters.com%2Fbrainlab%2F744000137106040"
"Building Radar","(Junior) Customer Value Manager (m/w/d)","Junior","Munich","München","2026-02-03T19:00:44+00:00","https://building-radar.jobs.personio.de/job/2517694","https://careerkit.me/api/apply?src=github-dach&company=building-radar&url=https%3A%2F%2Fbuilding-radar.jobs.personio.de%2Fjob%2F2517694"
"Building Radar","(Junior) Customer Success Manager (m/w/d)","Junior","Munich","München","2023-02-09T11:10:28+00:00","https://building-radar.jobs.personio.de/job/1007092","https://careerkit.me/api/apply?src=github-dach&company=building-radar&url=https%3A%2F%2Fbuilding-radar.jobs.personio.de%2Fjob%2F1007092"
"Drees & Sommer SE","Junior Ingenieur (w/m/d) Resilienz- und Sicherheitsberatung","Junior","Munich","München, BY, Germany","2026-09-23T12:23:03.705Z","https://jobs.smartrecruiters.com/DreesSommerSE/744000151363907","https://careerkit.me/api/apply?src=github-dach&company=drees-sommer-se&url=https%3A%2F%2Fjobs.smartrecruiters.com%2FDreesSommerSE%2F744000151363907"
"Drees & Sommer SE","Junior Projektmanager (w/m/d) – Alternative Abwicklungsmodelle","Junior","Munich","München, BY, Germany","2026-09-22T13:09:18.448Z","https://jobs.smartrecruiters.com/DreesSommerSE/744000151033528","https://careerkit.me/api/apply?src=github-dach&company=drees-sommer-se&url=https%3A%2F%2Fjobs.smartrecruiters.com%2FDreesSommerSE%2F744000151033528"
"Drees & Sommer SE","Junior Projektmanager (w/m/d) Hochbau","Junior","Munich","München, BY, Germany","2026-09-22T11:15:38.910Z","https://jobs.smartrecruiters.com/DreesSommerSE/744000151006140","https://careerkit.me/api/apply?src=github-dach&company=drees-sommer-se&url=https%3A%2F%2Fjobs.smartrecruiters.com%2FDreesSommerSE%2F744000151006140"
"Drees & Sommer SE","Junior Consultant (w/m/d) Resilience and Risk Advisory in Bau- und Immobilienprojekten","Junior","Munich","München, BAYERN, Germany","2026-05-26T09:52:34.423Z","https://jobs.smartrecruiters.com/DreesSommerSE/744000128446980","https://careerkit.me/api/apply?src=github-dach&company=drees-sommer-se&url=https%3A%2F%2Fjobs.smartrecruiters.com%2FDreesSommerSE%2F744000128446980"
"Drees & Sommer SE","Junior Consultant (w/m/d) Claim- und Risikomanagement in Bau- und Immobilienprojekten","Junior","Munich","München, BY, Germany","2026-05-26T08:01:00.434Z","https://jobs.smartrecruiters.com/DreesSommerSE/744000128417602","https://careerkit.me/api/apply?src=github-dach&company=drees-sommer-se&url=https%3A%2F%2Fjobs.smartrecruiters.com%2FDreesSommerSE%2F744000128417602"
"Enpal","Junior Bauleiter:in für PV-Großanlagen (w/m/d)","Junior","Munich","Stuttgart / Ulm / München / Nürnberg / Hannover","2026-06-25T15:01:59.759+00:00","https://jobs.ashbyhq.com/enpal/f0c5c63e-5365-4ae2-addf-34f996b6fc3d","https://careerkit.me/api/apply?src=github-dach&company=enpal&url=https%3A%2F%2Fjobs.ashbyhq.com%2Fenpal%2Ff0c5c63e-5365-4ae2-addf-34f996b6fc3d"
"FINN","(Junior) Key Account Manager (m/w/d)","Junior","Munich","Munich / Munich","2025-04-01T10:30:18.965Z","https://jobs.lever.co/finn/07b11edf-19b9-40c3-b210-a44d6093fcdb","https://careerkit.me/api/apply?src=github-dach&company=finn&url=https%3A%2F%2Fjobs.lever.co%2Ffinn%2F07b11edf-19b9-40c3-b210-a44d6093fcdb"
"GETEC","Junior Service Manager (w/m/d)","Junior","Munich","München","2026-09-14T09:54:05.195Z","https://getec.wd103.myworkdayjobs.com/External_Careers/job/Mnchen/Junior-Service-Manager--w-m-d-_JR100016","https://careerkit.me/api/apply?src=github-dach&company=getec&url=https%3A%2F%2Fgetec.wd103.myworkdayjobs.com%2FExternal_Careers%2Fjob%2FMnchen%2FJunior-Service-Manager--w-m-d-_JR100016"
"REXEL","(Junior) Manager Corporate Accounting & Reporting (d/w/m)","Junior","Munich","München, , Germany","2026-09-04T07:00:33.250Z","https://jobs.smartrecruiters.com/rexel1/744000147428889","https://careerkit.me/api/apply?src=github-dach&company=rexel&url=https%3A%2F%2Fjobs.smartrecruiters.com%2Frexel1%2F744000147428889"
"Richemont","Trainee Accountant General Ledger (m/w/d)","Junior","Munich","MUNICH","2026-09-23T09:54:46.494Z","https://richemont.wd3.myworkdayjobs.com/richemont/job/MUNICH/Trainee--Accountant-GL---m-w-d-_JR133177","https://careerkit.me/api/apply?src=github-dach&company=richemont&url=https%3A%2F%2Frichemont.wd3.myworkdayjobs.com%2Frichemont%2Fjob%2FMUNICH%2FTrainee--Accountant-GL---m-w-d-_JR133177"
"SIXT","Management Trainee Filiale (m/w/d) Region Süd","Junior","Munich","Munich, BY, Germany","2026-07-07T15:12:19.679Z","https://jobs.smartrecruiters.com/sixt/744000136264844","https://careerkit.me/api/apply?src=github-dach&company=sixt&url=https%3A%2F%2Fjobs.smartrecruiters.com%2Fsixt%2F744000136264844"
"Sopra Steria","V.I.E Junior PLM Consultant Thingworx","Junior","Munich","München, BY, Germany","2026-09-23T12:48:35.368Z","https://jobs.smartrecruiters.com/SopraSteria1/744000151374809","https://careerkit.me/api/apply?src=github-dach&company=sopra-steria&url=https%3A%2F%2Fjobs.smartrecruiters.com%2FSopraSteria1%2F744000151374809"
"Sopra Steria","Junior PLM Consultant Thingworx (m/w/d)","Junior","Munich","München, München, Germany","2026-08-24T06:46:56.717Z","https://jobs.smartrecruiters.com/SopraSteria1/744000145194364","https://careerkit.me/api/apply?src=github-dach&company=sopra-steria&url=https%3A%2F%2Fjobs.smartrecruiters.com%2FSopraSteria1%2F744000145194364"
"Sopra Steria","(Junior) Projektingenieur Business Operations Support - Bereich Design 3DEXPERIENCE (m/w/d) – Digitalisierung in Luft- und Raumfahrt","Junior","Munich","München, BY, Germany","2026-04-28T07:12:38.955Z","https://jobs.smartrecruiters.com/SopraSteria1/744000123364899","https://careerkit.me/api/apply?src=github-dach&company=sopra-steria&url=https%3A%2F%2Fjobs.smartrecruiters.com%2FSopraSteria1%2F744000123364899"
"Sopra Steria","Junior Consultant System Life Cycle Management (m/w/d) Deutschlandweit","Junior","Munich","München, BY, Germany","2026-02-26T12:38:25.414Z","https://jobs.smartrecruiters.com/SopraSteria1/744000111606206","https://careerkit.me/api/apply?src=github-dach&company=sopra-steria&url=https%3A%2F%2Fjobs.smartrecruiters.com%2FSopraSteria1%2F744000111606206"
"Sopra Steria","(Junior) Projektingenieur Business Operations Support (m/w/d) – Luft- und Raumfahrt","Junior","Munich","München, BY, Germany","2025-07-21T15:06:41.153Z","https://jobs.smartrecruiters.com/SopraSteria1/744000071825356","https://careerkit.me/api/apply?src=github-dach&company=sopra-steria&url=https%3A%2F%2Fjobs.smartrecruiters.com%2FSopraSteria1%2F744000071825356"
"1KOMMA5°","Praktikant:in Business Development (m/w/d) - 1KOMMA5° Handwerk München","Praktikum","Munich","München","2026-02-16T07:21:00+00:00","https://1komma5grad.jobs.personio.de/job/2530738","https://careerkit.me/api/apply?src=github-dach&company=1komma5&url=https%3A%2F%2F1komma5grad.jobs.personio.de%2Fjob%2F2530738"
"Alasco","Praktikum Finance & Legal","Praktikum","Munich","München","2018-09-20T19:44:28+00:00","https://alasco.jobs.personio.de/job/89984","https://careerkit.me/api/apply?src=github-dach&company=alasco&url=https%3A%2F%2Falasco.jobs.personio.de%2Fjob%2F89984"
"Alasco","Praktikum Marketing","Praktikum","Munich","München","2018-09-20T20:03:42+00:00","https://alasco.jobs.personio.de/job/89986","https://careerkit.me/api/apply?src=github-dach&company=alasco&url=https%3A%2F%2Falasco.jobs.personio.de%2Fjob%2F89986"
"Alasco","Praktikum Sales","Praktikum","Munich","München","2018-09-20T19:37:29+00:00","https://alasco.jobs.personio.de/job/89983","https://careerkit.me/api/apply?src=github-dach&company=alasco&url=https%3A%2F%2Falasco.jobs.personio.de%2Fjob%2F89983"
"Bosch Group","Praktikum im Vertriebscontrolling für den Bereich Projekte/Key Account-Kunden","Praktikum","Munich","München, BAYERN, Germany","2026-09-21T13:35:00.855Z","https://jobs.smartrecruiters.com/BoschGroup/744000150701039","https://careerkit.me/api/apply?src=github-dach&company=bosch-group&url=https%3A%2F%2Fjobs.smartrecruiters.com%2FBoschGroup%2F744000150701039"
"Bosch Group","Praktikum in der Personalentwicklung und Recruiting","Praktikum","Munich","München, BY, Germany","2026-09-04T13:32:48.743Z","https://jobs.smartrecruiters.com/BoschGroup/744000147517579","https://careerkit.me/api/apply?src=github-dach&company=bosch-group&url=https%3A%2F%2Fjobs.smartrecruiters.com%2FBoschGroup%2F744000147517579"
"Bosch Group","Praktikum im Bereich Marketing und Kommunikation","Praktikum","Munich","München, BY, Germany","2026-09-04T06:31:16.479Z","https://jobs.smartrecruiters.com/BoschGroup/744000147423359","https://careerkit.me/api/apply?src=github-dach&company=bosch-group&url=https%3A%2F%2Fjobs.smartrecruiters.com%2FBoschGroup%2F744000147423359"
"Bosch Group","Praktikum Assistenz im Management des Senior Vice Presidents der Business Unit Building Solutions","Praktikum","Munich","München, BY, Germany","2026-08-27T10:54:35.894Z","https://jobs.smartrecruiters.com/BoschGroup/744000145953049","https://careerkit.me/api/apply?src=github-dach&company=bosch-group&url=https%3A%2F%2Fjobs.smartrecruiters.com%2FBoschGroup%2F744000145953049"
"Brainlab","Praktikant:in Accounting","Praktikum","Munich","Munich, BY, Germany","2026-09-23T07:29:19.224Z","https://jobs.smartrecruiters.com/brainlab/744000151309779","https://careerkit.me/api/apply?src=github-dach&company=brainlab&url=https%3A%2F%2Fjobs.smartrecruiters.com%2Fbrainlab%2F744000151309779"
"Celonis","Field Marketing (DACH Region) Intern","Praktikum","Munich","Munich, Germany","2026-09-22T08:12:25-04:00","https://job-boards.greenhouse.io/celonis/jobs/7998271003?gh_jid=7998271003","https://careerkit.me/api/apply?src=github-dach&company=celonis&url=https%3A%2F%2Fjob-boards.greenhouse.io%2Fcelonis%2Fjobs%2F7998271003%3Fgh_jid%3D7998271003"
"Celonis","Intern Deployment Engineer - Data & AI","Praktikum","Munich","Munich, Germany","2026-09-10T06:50:36-04:00","https://job-boards.greenhouse.io/celonis/jobs/7990983003?gh_jid=7990983003","https://careerkit.me/api/apply?src=github-dach&company=celonis&url=https%3A%2F%2Fjob-boards.greenhouse.io%2Fcelonis%2Fjobs%2F7990983003%3Fgh_jid%3D7990983003"
"Celonis","Intern Technology Consultant - Data & AI","Praktikum","Munich","Munich, Germany","2026-09-10T06:50:39-04:00","https://job-boards.greenhouse.io/celonis/jobs/7977924003?gh_jid=7977924003","https://careerkit.me/api/apply?src=github-dach&company=celonis&url=https%3A%2F%2Fjob-boards.greenhouse.io%2Fcelonis%2Fjobs%2F7977924003%3Fgh_jid%3D7977924003"
"Drees & Sommer SE","Praktikant (w/m/d) Business Development & Projektmanagement","Praktikum","Munich","München, BY, Germany","2026-09-24T12:45:12.776Z","https://jobs.smartrecruiters.com/DreesSommerSE/744000151607182","https://careerkit.me/api/apply?src=github-dach&company=drees-sommer-se&url=https%3A%2F%2Fjobs.smartrecruiters.com%2FDreesSommerSE%2F744000151607182"
"EIGHT ADVISORY SAS","Transaction Services - Intern (from January 2027)","Praktikum","Munich","Munich, Bavière, Allemagne","2024-04-18 16:10:21 UTC","https://8advisory.recruitee.com/o/transaction-services-intern-from-january-2027","https://careerkit.me/api/apply?src=github-dach&company=eight-advisory-sas&url=https%3A%2F%2F8advisory.recruitee.com%2Fo%2Ftransaction-services-intern-from-january-2027"
"FINN","Internship - B2B Sales (m/w/d)","Praktikum","Munich","Munich / Munich","2024-08-27T10:55:01.681Z","https://jobs.lever.co/finn/fc5d1573-a0ef-4152-804f-099fb622b3b8","https://careerkit.me/api/apply?src=github-dach&company=finn&url=https%3A%2F%2Fjobs.lever.co%2Ffinn%2Ffc5d1573-a0ef-4152-804f-099fb622b3b8"
"Marvel Fusion","Internship - Legal Trainee / Research Associate (f/m/x)","Praktikum","Munich","Munich","2026-09-14T11:59:07-04:00","https://job-boards.eu.greenhouse.io/marvelfusion/jobs/4970742101","https://careerkit.me/api/apply?src=github-dach&company=marvel-fusion&url=https%3A%2F%2Fjob-boards.eu.greenhouse.io%2Fmarvelfusion%2Fjobs%2F4970742101"
"NVIDIA","Software Engineering Intern — Replay Tooling and Test Automation - Autonomous Driving","Praktikum","Munich","Germany, Munich","2026-09-16T09:54:46.608Z","https://nvidia.wd5.myworkdayjobs.com/NVIDIAExternalCareerSite/job/Germany-Munich/Software-Engineering-Intern---Replay-Tooling---Test-Automation--Autonomous-Driving_JR2022086","https://careerkit.me/api/apply?src=github-dach&company=nvidia&url=https%3A%2F%2Fnvidia.wd5.myworkdayjobs.com%2FNVIDIAExternalCareerSite%2Fjob%2FGermany-Munich%2FSoftware-Engineering-Intern---Replay-Tooling---Test-Automation--Autonomous-Driving_JR2022086"
"Red Bull","Intern Sport Event Marketing","Praktikum","Munich","Munich, BY, Germany","2026-09-24T11:23:00.852Z","https://jobs.smartrecruiters.com/RedBull/744000151594389","https://careerkit.me/api/apply?src=github-dach&company=red-bull&url=https%3A%2F%2Fjobs.smartrecruiters.com%2FRedBull%2F744000151594389"
"Red Bull","Intern Customer Service","Praktikum","Munich","Munich, BY, Germany","2026-09-22T14:59:16.144Z","https://jobs.smartrecruiters.com/RedBull/744000151064120","https://careerkit.me/api/apply?src=github-dach&company=red-bull&url=https%3A%2F%2Fjobs.smartrecruiters.com%2FRedBull%2F744000151064120"
"REXEL","Initiativbewerbung - Nachwuchstalente (Ausbildung, Praktikum, Werkstudium)","Praktikum","Munich","München, BY, Germany","2026-04-29T09:25:08.580Z","https://jobs.smartrecruiters.com/rexel1/744000123643135","https://careerkit.me/api/apply?src=github-dach&company=rexel&url=https%3A%2F%2Fjobs.smartrecruiters.com%2Frexel1%2F744000123643135"
"Roland Berger","Praktikant (all genders) HR Marketing mit Fokus auf Social Media","Praktikum","Munich","Munich, BY, Germany","2026-09-24T12:09:58.581Z","https://jobs.smartrecruiters.com/rolandberger/744000151602535","https://careerkit.me/api/apply?src=github-dach&company=roland-berger&url=https%3A%2F%2Fjobs.smartrecruiters.com%2Frolandberger%2F744000151602535"
"Roland Berger","Intern Recruiting (all genders)","Praktikum","Munich","Munich, BY, Germany","2026-09-23T12:09:10.738Z","https://jobs.smartrecruiters.com/rolandberger/744000151365039","https://careerkit.me/api/apply?src=github-dach&company=roland-berger&url=https%3A%2F%2Fjobs.smartrecruiters.com%2Frolandberger%2F744000151365039"
"Roland Berger","Praktikum Economics and Research (all genders)","Praktikum","Munich","Munich, BY, Germany","2026-09-16T14:19:15.080Z","https://jobs.smartrecruiters.com/rolandberger/744000149884189","https://careerkit.me/api/apply?src=github-dach&company=roland-berger&url=https%3A%2F%2Fjobs.smartrecruiters.com%2Frolandberger%2F744000149884189"
"Roland Berger","Praktikum Design & Branding (all genders)","Praktikum","Munich","Munich, BY, Germany","2026-09-14T09:21:03.468Z","https://jobs.smartrecruiters.com/rolandberger/744000149280849","https://careerkit.me/api/apply?src=github-dach&company=roland-berger&url=https%3A%2F%2Fjobs.smartrecruiters.com%2Frolandberger%2F744000149280849"
"Roland Berger","Consulting Intern AI & Data (all genders)","Praktikum","Munich","Munich, BY, Germany","2026-09-08T08:41:43.432Z","https://jobs.smartrecruiters.com/rolandberger/744000148170417","https://careerkit.me/api/apply?src=github-dach&company=roland-berger&url=https%3A%2F%2Fjobs.smartrecruiters.com%2Frolandberger%2F744000148170417"
"Roland Berger","GenAI Consulting Intern (all genders)","Praktikum","Munich","Munich, BY, Germany","2026-09-08T08:38:04.959Z","https://jobs.smartrecruiters.com/rolandberger/744000148171009","https://careerkit.me/api/apply?src=github-dach&company=roland-berger&url=https%3A%2F%2Fjobs.smartrecruiters.com%2Frolandberger%2F744000148171009"
"Roland Berger","Consulting Intern – Bewirb dich bis zum 16. Oktober 2026 (all genders)","Praktikum","Munich","Munich, BY, Germany","2026-09-04T12:32:56.830Z","https://jobs.smartrecruiters.com/rolandberger/744000147502008","https://careerkit.me/api/apply?src=github-dach&company=roland-berger&url=https%3A%2F%2Fjobs.smartrecruiters.com%2Frolandberger%2F744000147502008"
"SIXT","Internship in Inhouse Consulting","Praktikum","Munich","Munich, BY, Germany","2026-09-08T06:03:30.415Z","https://jobs.smartrecruiters.com/sixt/744000148141249","https://careerkit.me/api/apply?src=github-dach&company=sixt&url=https%3A%2F%2Fjobs.smartrecruiters.com%2Fsixt%2F744000148141249"
"SIXT","Praktikum als Applied AI Engineer (m/w/d)","Praktikum","Munich","Munich, BY, Germany","2026-07-14T08:02:08.231Z","https://jobs.smartrecruiters.com/sixt/744000137608010","https://careerkit.me/api/apply?src=github-dach&company=sixt&url=https%3A%2F%2Fjobs.smartrecruiters.com%2Fsixt%2F744000137608010"
"Tacto","(Intern) Founder's Associate","Praktikum","Munich","Munich","2026-07-22T08:33:09.293+00:00","https://jobs.ashbyhq.com/tacto/0d9e4db6-cecf-4738-9ccc-c2655771273a","https://careerkit.me/api/apply?src=github-dach&company=tacto&url=https%3A%2F%2Fjobs.ashbyhq.com%2Ftacto%2F0d9e4db6-cecf-4738-9ccc-c2655771273a"
"Tacto","(Intern) Videographer & Creative Mind","Praktikum","Munich","Munich","2026-07-16T11:35:19.290+00:00","https://jobs.ashbyhq.com/tacto/b2bd2aec-0806-43d6-95dd-7ee337fba727","https://careerkit.me/api/apply?src=github-dach&company=tacto&url=https%3A%2F%2Fjobs.ashbyhq.com%2Ftacto%2Fb2bd2aec-0806-43d6-95dd-7ee337fba727"
"Tacto","(Intern) AI Automation Engineer","Praktikum","Munich","Munich","2026-06-12T14:03:03.798+00:00","https://jobs.ashbyhq.com/tacto/6b175aec-f934-4e19-9c0a-3bbc6c3b4825","https://careerkit.me/api/apply?src=github-dach&company=tacto&url=https%3A%2F%2Fjobs.ashbyhq.com%2Ftacto%2F6b175aec-f934-4e19-9c0a-3bbc6c3b4825"
"Tacto","(Intern) Product Engineer","Praktikum","Munich","Munich","2026-04-27T21:06:21.560+00:00","https://jobs.ashbyhq.com/tacto/47883882-c0b9-47cf-acdd-35b2e0a4751b","https://careerkit.me/api/apply?src=github-dach&company=tacto&url=https%3A%2F%2Fjobs.ashbyhq.com%2Ftacto%2F47883882-c0b9-47cf-acdd-35b2e0a4751b"
"Tacto","(Intern) Entrepreneur in Residence","Praktikum","Munich","Munich","2026-02-05T21:36:25.428+00:00","https://jobs.ashbyhq.com/tacto/7768cca7-b2a3-476d-8c04-21dc83271735","https://careerkit.me/api/apply?src=github-dach&company=tacto&url=https%3A%2F%2Fjobs.ashbyhq.com%2Ftacto%2F7768cca7-b2a3-476d-8c04-21dc83271735"
"Thermo Fisher Scientific","Calling Pharmacy Students: Your First Step into Clinical Research - Internship Opportunity (m/f/d)","Praktikum","Munich","2 Locations","2026-08-26T09:54:47.182Z","https://thermofisher.wd5.myworkdayjobs.com/ThermoFisherCareers/job/Munich-Germany/Calling-Pharmacy-Students--Your-First-Step-into-Clinical-Research---Internship-Opportunity--m-f-d-_R-01342398","https://careerkit.me/api/apply?src=github-dach&company=thermo-fisher-scientific&url=https%3A%2F%2Fthermofisher.wd5.myworkdayjobs.com%2FThermoFisherCareers%2Fjob%2FMunich-Germany%2FCalling-Pharmacy-Students--Your-First-Step-into-Clinical-Research---Internship-Opportunity--m-f-d-_R-01342398"
"1KOMMA5°","Werkstudent:in Business Development (m/w/d) - 1KOMMA5° München","Werkstudent","Munich","München","2026-01-29T17:41:56+00:00","https://1komma5grad.jobs.personio.de/job/2512890","https://careerkit.me/api/apply?src=github-dach&company=1komma5&url=https%3A%2F%2F1komma5grad.jobs.personio.de%2Fjob%2F2512890"
"Amgen","Werkstudent (m/w/d) Governmental Affairs & Advocacy Relations","Werkstudent","Munich","Germany - Munich","2026-09-09T09:53:54.088Z","https://amgen.wd1.myworkdayjobs.com/Careers/job/Germany---Munich/Werkstudent--m-w-d--Governmental-Affairs---Advocacy-Relations_R-255333","https://careerkit.me/api/apply?src=github-dach&company=amgen&url=https%3A%2F%2Famgen.wd1.myworkdayjobs.com%2FCareers%2Fjob%2FGermany---Munich%2FWerkstudent--m-w-d--Governmental-Affairs---Advocacy-Relations_R-255333"
"Brainlab","Werkstudent:in Clinical Affairs","Werkstudent","Munich","Munich, BY, Germany","2026-09-25T08:08:04.594Z","https://jobs.smartrecruiters.com/brainlab/744000151784334","https://careerkit.me/api/apply?src=github-dach&company=brainlab&url=https%3A%2F%2Fjobs.smartrecruiters.com%2Fbrainlab%2F744000151784334"
"Brainlab","Working Student Digital Marketing (m/f/d)","Werkstudent","Munich","Munich, BY, Germany","2026-09-24T06:04:42.559Z","https://jobs.smartrecruiters.com/brainlab/744000151533840","https://careerkit.me/api/apply?src=github-dach&company=brainlab&url=https%3A%2F%2Fjobs.smartrecruiters.com%2Fbrainlab%2F744000151533840"
"Brainlab","Working Student Mixed Reality Developer (Godot/C#)","Werkstudent","Munich","Munich, BY, Germany","2026-09-23T06:13:53.040Z","https://jobs.smartrecruiters.com/brainlab/744000151298379","https://careerkit.me/api/apply?src=github-dach&company=brainlab&url=https%3A%2F%2Fjobs.smartrecruiters.com%2Fbrainlab%2F744000151298379"
"Brainlab","Working Student UX & UI Design","Werkstudent","Munich","Munich, BY, Germany","2026-09-08T07:26:32.398Z","https://jobs.smartrecruiters.com/brainlab/744000148153599","https://careerkit.me/api/apply?src=github-dach&company=brainlab&url=https%3A%2F%2Fjobs.smartrecruiters.com%2Fbrainlab%2F744000148153599"
"Brainlab","Working Student Communication & PR","Werkstudent","Munich","Munich, BY, Germany","2026-08-06T11:10:22.043Z","https://jobs.smartrecruiters.com/brainlab/744000141893804","https://careerkit.me/api/apply?src=github-dach&company=brainlab&url=https%3A%2F%2Fjobs.smartrecruiters.com%2Fbrainlab%2F744000141893804"
"Brainlab","Working Student Digital Learning – R&D Product Support","Werkstudent","Munich","Munich, BY, Germany","2026-04-23T12:00:35.162Z","https://jobs.smartrecruiters.com/brainlab/744000122441969","https://careerkit.me/api/apply?src=github-dach&company=brainlab&url=https%3A%2F%2Fjobs.smartrecruiters.com%2Fbrainlab%2F744000122441969"
"Celonis","Field Marketing (DACH Region) Working Student","Werkstudent","Munich","Munich, Germany","2026-09-22T08:16:44-04:00","https://job-boards.greenhouse.io/celonis/jobs/8002256003?gh_jid=8002256003","https://careerkit.me/api/apply?src=github-dach&company=celonis&url=https%3A%2F%2Fjob-boards.greenhouse.io%2Fcelonis%2Fjobs%2F8002256003%3Fgh_jid%3D8002256003"
"Drees & Sommer SE","Werkstudent (w/m/d) Resilienz- und Sicherheitsberatung","Werkstudent","Munich","München, BY, Germany","2026-09-24T14:09:19.597Z","https://jobs.smartrecruiters.com/DreesSommerSE/744000151631179","https://careerkit.me/api/apply?src=github-dach&company=drees-sommer-se&url=https%3A%2F%2Fjobs.smartrecruiters.com%2FDreesSommerSE%2F744000151631179"
"Drees & Sommer SE","Werkstudent (w/m/d) Projektmanagement Ladeinfrastruktur/E‑Mobilität","Werkstudent","Munich","München, BY, Germany","2026-09-22T13:02:41.210Z","https://jobs.smartrecruiters.com/DreesSommerSE/744000151031529","https://careerkit.me/api/apply?src=github-dach&company=drees-sommer-se&url=https%3A%2F%2Fjobs.smartrecruiters.com%2FDreesSommerSE%2F744000151031529"
"Drees & Sommer SE","Werkstudent (w/m/d) Management Support & Organisationsentwicklung","Werkstudent","Munich","München, BY, Germany","2026-09-16T09:12:24.241Z","https://jobs.smartrecruiters.com/DreesSommerSE/744000149811789","https://careerkit.me/api/apply?src=github-dach&company=drees-sommer-se&url=https%3A%2F%2Fjobs.smartrecruiters.com%2FDreesSommerSE%2F744000149811789"
"Drees & Sommer SE","Werkstudent (w/m/d) IT-Support","Werkstudent","Munich","München, BY, Germany","2026-09-15T10:03:26.526Z","https://jobs.smartrecruiters.com/DreesSommerSE/744000149557880","https://careerkit.me/api/apply?src=github-dach&company=drees-sommer-se&url=https%3A%2F%2Fjobs.smartrecruiters.com%2FDreesSommerSE%2F744000149557880"
"Drees & Sommer SE","Werkstudent (w/m/d) Vertrags- und Claim Management","Werkstudent","Munich","München, BY, Germany","2026-08-25T14:10:39.532Z","https://jobs.smartrecruiters.com/DreesSommerSE/744000145527869","https://careerkit.me/api/apply?src=github-dach&company=drees-sommer-se&url=https%3A%2F%2Fjobs.smartrecruiters.com%2FDreesSommerSE%2F744000145527869"
"Drees & Sommer SE","Werkstudent (w/m/d) Copywriting und Redaktion","Werkstudent","Munich","München, BY, Germany","2026-08-21T09:28:48.708Z","https://jobs.smartrecruiters.com/DreesSommerSE/744000144724279","https://careerkit.me/api/apply?src=github-dach&company=drees-sommer-se&url=https%3A%2F%2Fjobs.smartrecruiters.com%2FDreesSommerSE%2F744000144724279"
"Drees & Sommer SE","Praktikant/Werkstudent (w/m/d) Baumanagement","Werkstudent","Munich","München, BY, Germany","2026-06-19T10:23:29.050Z","https://jobs.smartrecruiters.com/DreesSommerSE/744000133037778","https://careerkit.me/api/apply?src=github-dach&company=drees-sommer-se&url=https%3A%2F%2Fjobs.smartrecruiters.com%2FDreesSommerSE%2F744000133037778"
"Drees & Sommer SE","Praktikant/Werkstudent (w/m/d) Projektmanagement Hochbau – Industrie","Werkstudent","Munich","München, BY, Germany","2026-05-26T07:58:55.108Z","https://jobs.smartrecruiters.com/DreesSommerSE/744000128414856","https://careerkit.me/api/apply?src=github-dach&company=drees-sommer-se&url=https%3A%2F%2Fjobs.smartrecruiters.com%2FDreesSommerSE%2F744000128414856"
"Eurofins","Studentische Hilfskraft (m/w/d)","Werkstudent","Munich","Munich, BY, Germany","2026-08-25T13:21:06.782Z","https://jobs.smartrecruiters.com/eurofins/744000145514642","https://careerkit.me/api/apply?src=github-dach&company=eurofins&url=https%3A%2F%2Fjobs.smartrecruiters.com%2Feurofins%2F744000145514642"
"FINN","Working Student - B2B Sales (m/w/d)","Werkstudent","Munich","Munich / Munich","2026-08-27T15:11:57.593Z","https://jobs.lever.co/finn/45362e9d-5498-4923-99cb-0481c3272cf5","https://careerkit.me/api/apply?src=github-dach&company=finn&url=https%3A%2F%2Fjobs.lever.co%2Ffinn%2F45362e9d-5498-4923-99cb-0481c3272cf5"
"Luminovo","Growth Marketing | Intern / Working Student (d/f/m)","Werkstudent","Munich","🇩🇪 Munich (hybrid)","2026-07-17T08:22:45.932+00:00","https://jobs.ashbyhq.com/luminovo/d6958ec1-7f3b-455b-a720-eaffdc278f98","https://careerkit.me/api/apply?src=github-dach&company=luminovo&url=https%3A%2F%2Fjobs.ashbyhq.com%2Fluminovo%2Fd6958ec1-7f3b-455b-a720-eaffdc278f98"
"Marvel Fusion","Intern / Working Student Talent Acquisition (f/m/x)","Werkstudent","Munich","Munich","2026-09-17T06:23:56-04:00","https://job-boards.eu.greenhouse.io/marvelfusion/jobs/4977825101","https://careerkit.me/api/apply?src=github-dach&company=marvel-fusion&url=https%3A%2F%2Fjob-boards.eu.greenhouse.io%2Fmarvelfusion%2Fjobs%2F4977825101"
"Marvel Fusion","Working Student - System Administrator/IT Support","Werkstudent","Munich","Munich","2026-09-07T03:58:23-04:00","https://job-boards.eu.greenhouse.io/marvelfusion/jobs/4965615101","https://careerkit.me/api/apply?src=github-dach&company=marvel-fusion&url=https%3A%2F%2Fjob-boards.eu.greenhouse.io%2Fmarvelfusion%2Fjobs%2F4965615101"
"MSD","Werkstudent (m/w/d) IT – Power Platform & Data Analytics (Power BI, Power Apps, Power Automate)","Werkstudent","Munich","DEU - Bavaria - Munich","2026-09-08T09:54:32.237Z","https://msd.wd5.myworkdayjobs.com/SearchJobs/job/DEU---Bavaria---Munich/Werkstudent--m-w-d--IT---Power-Platform---Data-Analytics--Power-BI--Power-Apps--Power-Automate-_R415650","https://careerkit.me/api/apply?src=github-dach&company=msd&url=https%3A%2F%2Fmsd.wd5.myworkdayjobs.com%2FSearchJobs%2Fjob%2FDEU---Bavaria---Munich%2FWerkstudent--m-w-d--IT---Power-Platform---Data-Analytics--Power-BI--Power-Apps--Power-Automate-_R415650"
"Red Bull","Working Student Owned Media – Red Bull TV","Werkstudent","Munich","Munich, BY, Germany","2026-09-04T07:10:19.460Z","https://jobs.smartrecruiters.com/RedBull/744000147428883","https://careerkit.me/api/apply?src=github-dach&company=red-bull&url=https%3A%2F%2Fjobs.smartrecruiters.com%2FRedBull%2F744000147428883"
"REXEL","Werkstudent (d/w/m) Steuern/Tax","Werkstudent","Munich","München, , Germany","2026-09-10T07:47:39.094Z","https://jobs.smartrecruiters.com/rexel1/744000148696469","https://careerkit.me/api/apply?src=github-dach&company=rexel&url=https%3A%2F%2Fjobs.smartrecruiters.com%2Frexel1%2F744000148696469"
"Richemont","Werkstudent (m/w/d) Retail Experience","Werkstudent","Munich","MUNICH","2026-08-26T09:54:46.494Z","https://richemont.wd3.myworkdayjobs.com/richemont/job/MUNICH/Werkstudent--m-w-d--Retail-Experience_JR130690","https://careerkit.me/api/apply?src=github-dach&company=richemont&url=https%3A%2F%2Frichemont.wd3.myworkdayjobs.com%2Frichemont%2Fjob%2FMUNICH%2FWerkstudent--m-w-d--Retail-Experience_JR130690"
"Roland Berger","Praktikant/ Werkstudent Digital Workplace (all genders)","Werkstudent","Munich","Munich, BY, Germany","2026-09-21T07:06:17.414Z","https://jobs.smartrecruiters.com/rolandberger/744000150610164","https://careerkit.me/api/apply?src=github-dach&company=roland-berger&url=https%3A%2F%2Fjobs.smartrecruiters.com%2Frolandberger%2F744000150610164"
"Roland Berger","Werkstudent Marketing Operations & Project Support (all genders)","Werkstudent","Munich","Munich, BY, Germany","2026-09-17T13:34:39.001Z","https://jobs.smartrecruiters.com/rolandberger/744000150115029","https://careerkit.me/api/apply?src=github-dach&company=roland-berger&url=https%3A%2F%2Fjobs.smartrecruiters.com%2Frolandberger%2F744000150115029"
"Roland Berger","Werkstudent Treasury & Corporate Finance (all genders)","Werkstudent","Munich","Munich, BY, Germany","2026-09-08T15:31:42.811Z","https://jobs.smartrecruiters.com/rolandberger/744000148278814","https://careerkit.me/api/apply?src=github-dach&company=roland-berger&url=https%3A%2F%2Fjobs.smartrecruiters.com%2Frolandberger%2F744000148278814"
"Roland Berger","Working Student – AI Communications & Enablement (all genders)","Werkstudent","Munich","Munich, BY, Germany","2026-09-08T08:40:53.506Z","https://jobs.smartrecruiters.com/rolandberger/744000148171529","https://careerkit.me/api/apply?src=github-dach&company=roland-berger&url=https%3A%2F%2Fjobs.smartrecruiters.com%2Frolandberger%2F744000148171529"
"Roland Berger","Working Student Power Platform (all genders)","Werkstudent","Munich","Munich, BY, Germany","2026-09-08T08:39:50.138Z","https://jobs.smartrecruiters.com/rolandberger/744000148171339","https://careerkit.me/api/apply?src=github-dach&company=roland-berger&url=https%3A%2F%2Fjobs.smartrecruiters.com%2Frolandberger%2F744000148171339"
"SIXT","Working Student (m/f/d) – Web Frontend Engineering","Werkstudent","Munich","Munich, BY, Germany","2026-09-18T06:19:34.453Z","https://jobs.smartrecruiters.com/sixt/744000150284420","https://careerkit.me/api/apply?src=github-dach&company=sixt&url=https%3A%2F%2Fjobs.smartrecruiters.com%2Fsixt%2F744000150284420"
"SIXT","Werkstudent (m/w/d) Business Development & Design","Werkstudent","Munich","Munich, BY, Germany","2026-09-17T07:18:47.665Z","https://jobs.smartrecruiters.com/sixt/744000150024254","https://careerkit.me/api/apply?src=github-dach&company=sixt&url=https%3A%2F%2Fjobs.smartrecruiters.com%2Fsixt%2F744000150024254"
"SIXT","Werkstudent (m/w/d) Fahrzeugversicherungen","Werkstudent","Munich","Munich, BY, Germany","2026-07-27T13:06:55.611Z","https://jobs.smartrecruiters.com/sixt/744000139999490","https://careerkit.me/api/apply?src=github-dach&company=sixt&url=https%3A%2F%2Fjobs.smartrecruiters.com%2Fsixt%2F744000139999490"
"SIXT","Studentische Teilzeitkraft Autovermietung (m/w/d)","Werkstudent","Munich","Munich, BY, Germany","2026-05-22T07:46:11.436Z","https://jobs.smartrecruiters.com/sixt/744000127822500","https://careerkit.me/api/apply?src=github-dach&company=sixt&url=https%3A%2F%2Fjobs.smartrecruiters.com%2Fsixt%2F744000127822500"
"SIXT","Werkstudent Autovermietung (m/w/d)","Werkstudent","Munich","Munich, BY, Germany","2026-05-22T07:45:57.744Z","https://jobs.smartrecruiters.com/sixt/744000127822454","https://careerkit.me/api/apply?src=github-dach&company=sixt&url=https%3A%2F%2Fjobs.smartrecruiters.com%2Fsixt%2F744000127822454"
"Sopra Steria","Werkstudent für Agentic Coding (m/w/d)","Werkstudent","Munich","München, , Germany","2026-09-21T11:26:40.923Z","https://jobs.smartrecruiters.com/SopraSteria1/744000150668849","https://careerkit.me/api/apply?src=github-dach&company=sopra-steria&url=https%3A%2F%2Fjobs.smartrecruiters.com%2FSopraSteria1%2F744000150668849"
"Turner & Townsend","Werkstudent Architektur & Retail Design (m/w/d)","Werkstudent","Munich","Munich, Europe, Germany","2026-09-24T05:44:09.865Z","https://jobs.smartrecruiters.com/turnertownsend/744000151531693","https://careerkit.me/api/apply?src=github-dach&company=turner-townsend&url=https%3A%2F%2Fjobs.smartrecruiters.com%2Fturnertownsend%2F744000151531693"
"Turner & Townsend","Working Student - Project Manager (m/f/d)","Werkstudent","Munich","Munich, Europe, Germany","2026-09-08T10:34:31.792Z","https://jobs.smartrecruiters.com/turnertownsend/744000148196647","https://careerkit.me/api/apply?src=github-dach&company=turner-townsend&url=https%3A%2F%2Fjobs.smartrecruiters.com%2Fturnertownsend%2F744000148196647"
"volue","Working Student, Trading Advisory","Werkstudent","Munich","München, DE","2026-07-14T16:35:24+02:00","https://volue.teamtailor.com/jobs/8066416-working-student-trading-advisory","https://careerkit.me/api/apply?src=github-dach&company=volue&url=https%3A%2F%2Fvolue.teamtailor.com%2Fjobs%2F8066416-working-student-trading-advisory"
"wemolo","Working Student Business Development & Growth Strategy (all genders)","Werkstudent","Munich","Munich","2026-09-09T14:53:02.857+00:00","https://jobs.ashbyhq.com/wemolo/40574627-5de1-4bed-a409-e7b2ddb303cd","https://careerkit.me/api/apply?src=github-dach&company=wemolo&url=https%3A%2F%2Fjobs.ashbyhq.com%2Fwemolo%2F40574627-5de1-4bed-a409-e7b2ddb303cd"
"Drees & Sommer SE","(Junior) Bauüberwacher (w/m/d) Tiefbau in Energieprojekten","Junior","Münster","Münster, NRW, Germany","2026-08-27T13:45:43.788Z","https://jobs.smartrecruiters.com/DreesSommerSE/744000145985446","https://careerkit.me/api/apply?src=github-dach&company=drees-sommer-se&url=https%3A%2F%2Fjobs.smartrecruiters.com%2FDreesSommerSE%2F744000145985446"
"Drees & Sommer SE","Junior Projektmanager (w/m/d) Hochbau","Junior","Münster","Münster, NRW, Germany","2026-08-20T14:25:20.577Z","https://jobs.smartrecruiters.com/DreesSommerSE/744000144571739","https://careerkit.me/api/apply?src=github-dach&company=drees-sommer-se&url=https%3A%2F%2Fjobs.smartrecruiters.com%2FDreesSommerSE%2F744000144571739"
"Drees & Sommer SE","Junior Bauingenieur / Architekt (w/m/d) Objektüberwachung","Junior","Münster","Münster, NRW, Germany","2026-08-20T14:08:32.592Z","https://jobs.smartrecruiters.com/DreesSommerSE/744000144567419","https://careerkit.me/api/apply?src=github-dach&company=drees-sommer-se&url=https%3A%2F%2Fjobs.smartrecruiters.com%2FDreesSommerSE%2F744000144567419"
"Drees & Sommer SE","Junior Ingenieur / Techniker (w/m/d) Objektüberwachung Elektrotechnik","Junior","Münster","Münster, NRW, Germany","2026-08-20T13:28:18.689Z","https://jobs.smartrecruiters.com/DreesSommerSE/744000144557329","https://careerkit.me/api/apply?src=github-dach&company=drees-sommer-se&url=https%3A%2F%2Fjobs.smartrecruiters.com%2FDreesSommerSE%2F744000144557329"
"StepStone Group","Quereinsteiger im Vertrieb (m/w/d) – Neukunden","Junior","Münster","Münster, , Germany","2026-09-23T09:35:18.966Z","https://jobs.smartrecruiters.com/StepStoneGroup/744000151335919","https://careerkit.me/api/apply?src=github-dach&company=stepstone-group&url=https%3A%2F%2Fjobs.smartrecruiters.com%2FStepStoneGroup%2F744000151335919"
"StepStone Group","Junior Vertriebsmitarbeiter (m/w/d) B2B Neukundenvertrieb","Junior","Münster","Münster, , Germany","2026-08-31T07:48:25.203Z","https://jobs.smartrecruiters.com/StepStoneGroup/744000146409691","https://careerkit.me/api/apply?src=github-dach&company=stepstone-group&url=https%3A%2F%2Fjobs.smartrecruiters.com%2FStepStoneGroup%2F744000146409691"
"SIXT","Werkstudent Autovermietung (m/w/d) Flughafen","Werkstudent","Münster","Münster, NRW, Germany","2026-04-22T09:51:39.788Z","https://jobs.smartrecruiters.com/sixt/744000122213157","https://careerkit.me/api/apply?src=github-dach&company=sixt&url=https%3A%2F%2Fjobs.smartrecruiters.com%2Fsixt%2F744000122213157"
"SIXT","Studentische Teilzeitkraft Autovermietung (m/w/d) Flughafen","Werkstudent","Münster","Münster, NRW, Germany","2026-04-22T09:50:31.248Z","https://jobs.smartrecruiters.com/sixt/744000122212702","https://careerkit.me/api/apply?src=github-dach&company=sixt&url=https%3A%2F%2Fjobs.smartrecruiters.com%2Fsixt%2F744000122212702"
"Drees & Sommer SE","Junior Projektmanager (w/m/d) Hochbau","Junior","Nürnberg","Nürnberg, BY, Germany","2026-08-24T09:03:01.245Z","https://jobs.smartrecruiters.com/DreesSommerSE/744000145225655","https://careerkit.me/api/apply?src=github-dach&company=drees-sommer-se&url=https%3A%2F%2Fjobs.smartrecruiters.com%2FDreesSommerSE%2F744000145225655"
"Drees & Sommer SE","Junior Consultant (w/m/d) Claim- und Risikomanagement in Bau- und Immobilienprojekten","Junior","Nürnberg","Nürnberg, BY, Germany","2026-05-26T08:02:30.148Z","https://jobs.smartrecruiters.com/DreesSommerSE/744000128418090","https://careerkit.me/api/apply?src=github-dach&company=drees-sommer-se&url=https%3A%2F%2Fjobs.smartrecruiters.com%2FDreesSommerSE%2F744000128418090"
"Drees & Sommer SE","Pflichtpraktikum/Freiwilliges Praktikum im Projektmanagement Hochbau (w/m/d)","Praktikum","Nürnberg","Nürnberg, BY, Germany","2026-05-26T08:21:07.084Z","https://jobs.smartrecruiters.com/DreesSommerSE/744000128423379","https://careerkit.me/api/apply?src=github-dach&company=drees-sommer-se&url=https%3A%2F%2Fjobs.smartrecruiters.com%2FDreesSommerSE%2F744000128423379"
"1KOMMA5°","Werkstudent:in Office & Feelgood Management (m/w/d) - 1KOMMA5° Nürnberg","Werkstudent","Nürnberg","Nürnberg","2026-08-27T16:49:51+00:00","https://1komma5grad.jobs.personio.de/job/2771176","https://careerkit.me/api/apply?src=github-dach&company=1komma5&url=https%3A%2F%2F1komma5grad.jobs.personio.de%2Fjob%2F2771176"
"Drees & Sommer SE","Praktikant/Werkstudent (w/m/d) Projektmanagement Infrastrukturprojekte","Werkstudent","Nürnberg","Nürnberg, BY, Germany","2026-06-23T12:38:38.556Z","https://jobs.smartrecruiters.com/DreesSommerSE/744000133587539","https://careerkit.me/api/apply?src=github-dach&company=drees-sommer-se&url=https%3A%2F%2Fjobs.smartrecruiters.com%2FDreesSommerSE%2F744000133587539"
"Drees & Sommer SE","Praktikant/Werkstudent (w/m/d) Workplace Consulting – Innenarchitektur / Architektur","Werkstudent","Nürnberg","Nürnberg, BY, Germany","2026-05-26T09:05:40.656Z","https://jobs.smartrecruiters.com/DreesSommerSE/744000128435094","https://careerkit.me/api/apply?src=github-dach&company=drees-sommer-se&url=https%3A%2F%2Fjobs.smartrecruiters.com%2FDreesSommerSE%2F744000128435094"
"AbbVie","Einstieg als Young Professional / Trainee – Technical Development Program (all genders) (Vollzeit / 3 Jahre befristet)","Absolvent","Other DACH","Ludwigshafen, RP, Germany","2026-09-08T14:28:52.189Z","https://jobs.smartrecruiters.com/abbvie/3743990015107886","https://careerkit.me/api/apply?src=github-dach&company=abbvie&url=https%3A%2F%2Fjobs.smartrecruiters.com%2Fabbvie%2F3743990015107886"
"Bosch Group","Graduate Specialist Program (Trainee) - Technischer Vertrieb Connected Hydraulics","Absolvent","Other DACH","Lohr am Main, BY, Germany","2026-04-02T08:51:26.668Z","https://jobs.smartrecruiters.com/BoschGroup/744000118354728","https://careerkit.me/api/apply?src=github-dach&company=bosch-group&url=https%3A%2F%2Fjobs.smartrecruiters.com%2FBoschGroup%2F744000118354728"
"Lindt & Sprüngli","International Graduate Marketing","Absolvent","Other DACH","Kilchberg, Switzerland","2026-09-18T09:54:24.455Z","https://lindtspruengli.wd103.myworkdayjobs.com/LindtSpruengliGroupCareers/job/Kilchberg-Switzerland/International-Graduate-Marketing_JR103500-2","https://careerkit.me/api/apply?src=github-dach&company=lindt-spruengli&url=https%3A%2F%2Flindtspruengli.wd103.myworkdayjobs.com%2FLindtSpruengliGroupCareers%2Fjob%2FKilchberg-Switzerland%2FInternational-Graduate-Marketing_JR103500-2"
"Lonza","Project Leader, Quality Control Bioconjugates – PhD graduates as well as experienced professionals welcome (f/m/d)","Absolvent","Other DACH","CH - Visp","2026-09-24T09:54:33.172Z","https://lonza.wd3.myworkdayjobs.com/Lonza_Careers/job/CH---Visp/Project-Leader--Quality-Control-Bioconjugates---PhD-graduates-as-well-as-experienced-professionals-welcome--f-m-d-_R79814","https://careerkit.me/api/apply?src=github-dach&company=lonza&url=https%3A%2F%2Flonza.wd3.myworkdayjobs.com%2FLonza_Careers%2Fjob%2FCH---Visp%2FProject-Leader--Quality-Control-Bioconjugates---PhD-graduates-as-well-as-experienced-professionals-welcome--f-m-d-_R79814"
"Sopra Steria","Graduate Program Cloud Computing","Absolvent","Other DACH","bundesweit, , Germany","2026-07-30T15:32:19.518Z","https://jobs.smartrecruiters.com/SopraSteria1/744000140719927","https://careerkit.me/api/apply?src=github-dach&company=sopra-steria&url=https%3A%2F%2Fjobs.smartrecruiters.com%2FSopraSteria1%2F744000140719927"
"Umdasch Group","Junior SAP Consultant FI/CO (w/m/d) - Berufseinstieg für HAK Absolvent*innen","Absolvent","Other DACH","Amstetten, Niederösterreich, Austria","2026-08-12T05:27:53.457Z","https://jobs.smartrecruiters.com/umdaschgroup/744000143027528","https://careerkit.me/api/apply?src=github-dach&company=umdasch-group&url=https%3A%2F%2Fjobs.smartrecruiters.com%2Fumdaschgroup%2F744000143027528"
"AFRY","Junior Bauleiter:in 80-100% - Chur","Junior","Other DACH","Chur, GR, Switzerland","2026-08-21T05:55:29.787Z","https://jobs.smartrecruiters.com/afry/744000144688189","https://careerkit.me/api/apply?src=github-dach&company=afry&url=https%3A%2F%2Fjobs.smartrecruiters.com%2Fafry%2F744000144688189"
"ARXADA","Lab Assistant/in / Junior Chemist R&T","Junior","Other DACH","CH - Visp","2026-08-27T09:53:42.280Z","https://lsi.wd3.myworkdayjobs.com/Arxada_Careers/job/CH---Visp/Lab-Assistant-in---Junior-Chemist-R-T_R53576","https://careerkit.me/api/apply?src=github-dach&company=arxada&url=https%3A%2F%2Flsi.wd3.myworkdayjobs.com%2FArxada_Careers%2Fjob%2FCH---Visp%2FLab-Assistant-in---Junior-Chemist-R-T_R53576"
"Avery Dennison","Produktionsmitarbeiter - auch Quereinsteiger (w/m/d)","Junior","Other DACH","Gotha, TH, Germany","2026-08-05T07:24:29.924Z","https://jobs.smartrecruiters.com/averydennison/744000141651899","https://careerkit.me/api/apply?src=github-dach&company=avery-dennison&url=https%3A%2F%2Fjobs.smartrecruiters.com%2Faverydennison%2F744000141651899"
"Bosch Group","Junior Managers Program (Trainee) - Unsolicited Application","Junior","Other DACH","Gerlingen, BW, Germany","2026-09-11T11:42:08.606Z","https://jobs.smartrecruiters.com/BoschGroup/744000148997759","https://careerkit.me/api/apply?src=github-dach&company=bosch-group&url=https%3A%2F%2Fjobs.smartrecruiters.com%2FBoschGroup%2F744000148997759"
"Bosch Group","Junior Managers Program (Trainee) - Initiativbewerbung","Junior","Other DACH","Gerlingen, BW, Germany","2026-09-11T11:41:21.909Z","https://jobs.smartrecruiters.com/BoschGroup/744000148996184","https://careerkit.me/api/apply?src=github-dach&company=bosch-group&url=https%3A%2F%2Fjobs.smartrecruiters.com%2FBoschGroup%2F744000148996184"
"Bosch Group","Junior Managers Program (Trainee) - Start your Leadership Journey in Supply Chain Management","Junior","Other DACH","Gerlingen-Schillerhöhe, BW, Germany","2026-08-25T07:47:58.496Z","https://jobs.smartrecruiters.com/BoschGroup/744000145442588","https://careerkit.me/api/apply?src=github-dach&company=bosch-group&url=https%3A%2F%2Fjobs.smartrecruiters.com%2FBoschGroup%2F744000145442588"
"Bosch Group","Junior Managers Program (Trainee) - Starte deine Leadership Journey im Bereich Supply Chain Management","Junior","Other DACH","Gerlingen-Schillerhöhe, BW, Germany","2026-08-25T07:47:27.391Z","https://jobs.smartrecruiters.com/BoschGroup/744000145442389","https://careerkit.me/api/apply?src=github-dach&company=bosch-group&url=https%3A%2F%2Fjobs.smartrecruiters.com%2FBoschGroup%2F744000145442389"
"Bosch Group","Junior Managers Program (Trainee) - Starte deine Leadership Journey im Bereich Sales Mobility","Junior","Other DACH","Gerlingen, , Germany","2026-08-24T12:19:29.770Z","https://jobs.smartrecruiters.com/BoschGroup/744000145264660","https://careerkit.me/api/apply?src=github-dach&company=bosch-group&url=https%3A%2F%2Fjobs.smartrecruiters.com%2FBoschGroup%2F744000145264660"
"Bosch Group","Junior Managers Program (Trainee) - Start your Leadership Journey in Information Technology","Junior","Other DACH","Gerlingen-Schillerhöhe, BW, Germany","2026-08-07T15:20:33.186Z","https://jobs.smartrecruiters.com/BoschGroup/744000142168259","https://careerkit.me/api/apply?src=github-dach&company=bosch-group&url=https%3A%2F%2Fjobs.smartrecruiters.com%2FBoschGroup%2F744000142168259"
"Bosch Group","Junior Managers Program (Trainee) - Starte deine Leadership Journey im Bereich IT","Junior","Other DACH","Gerlingen-Schillerhöhe, BW, Germany","2026-08-07T15:20:05.157Z","https://jobs.smartrecruiters.com/BoschGroup/744000142167495","https://careerkit.me/api/apply?src=github-dach&company=bosch-group&url=https%3A%2F%2Fjobs.smartrecruiters.com%2FBoschGroup%2F744000142167495"
"Bosch Group","Junior Managers Program (Trainee) - Start your Leadership Journey in Purchasing","Junior","Other DACH","Gerlingen-Schillerhöhe, BW, Germany","2026-08-07T15:19:41.525Z","https://jobs.smartrecruiters.com/BoschGroup/744000142168029","https://careerkit.me/api/apply?src=github-dach&company=bosch-group&url=https%3A%2F%2Fjobs.smartrecruiters.com%2FBoschGroup%2F744000142168029"
"Bosch Group","Junior Managers Program (Trainee) - Starte deine Leadership Journey im Bereich Purchasing","Junior","Other DACH","Gerlingen-Schillerhöhe, BW, Germany","2026-08-07T15:19:14.558Z","https://jobs.smartrecruiters.com/BoschGroup/744000142164670","https://careerkit.me/api/apply?src=github-dach&company=bosch-group&url=https%3A%2F%2Fjobs.smartrecruiters.com%2FBoschGroup%2F744000142164670"
"Bosch Group","Junior Managers Program (Trainee) - Start your Leadership Journey in HR Tech, Digitalization and GenAI","Junior","Other DACH","Gerlingen, BW, Germany","2026-08-07T15:18:51.778Z","https://jobs.smartrecruiters.com/BoschGroup/744000142166560","https://careerkit.me/api/apply?src=github-dach&company=bosch-group&url=https%3A%2F%2Fjobs.smartrecruiters.com%2FBoschGroup%2F744000142166560"
"Bosch Group","Junior Managers Program (Trainee) - Starte deine Leadership Journey im Bereich HR Tech, Digitalisierung und Generative AI","Junior","Other DACH","Gerlingen, BW, Germany","2026-08-07T15:18:23.191Z","https://jobs.smartrecruiters.com/BoschGroup/744000142167669","https://careerkit.me/api/apply?src=github-dach&company=bosch-group&url=https%3A%2F%2Fjobs.smartrecruiters.com%2FBoschGroup%2F744000142167669"
"Bosch Group","Junior Managers Program (Trainee) - Start your Leadership Journey in Business Intelligence & Analytics","Junior","Other DACH","Gerlingen, BW, Germany","2026-08-05T13:18:09.613Z","https://jobs.smartrecruiters.com/BoschGroup/744000141719459","https://careerkit.me/api/apply?src=github-dach&company=bosch-group&url=https%3A%2F%2Fjobs.smartrecruiters.com%2FBoschGroup%2F744000141719459"
"Bosch Group","Junior Managers Program (Trainee) - Starte deine Leadership Journey im Bereich Business Intelligence & Data Analytics","Junior","Other DACH","Gerlingen, BW, Germany","2026-08-05T13:17:39.484Z","https://jobs.smartrecruiters.com/BoschGroup/744000141719359","https://careerkit.me/api/apply?src=github-dach&company=bosch-group&url=https%3A%2F%2Fjobs.smartrecruiters.com%2FBoschGroup%2F744000141719359"
"Bosch Group","Junior Managers Program (Trainee) - Start your Leadership Journey in Corporate Research","Junior","Other DACH","Gerlingen, BW, Germany","2026-07-23T09:24:33.330Z","https://jobs.smartrecruiters.com/BoschGroup/744000139243369","https://careerkit.me/api/apply?src=github-dach&company=bosch-group&url=https%3A%2F%2Fjobs.smartrecruiters.com%2FBoschGroup%2F744000139243369"
"Bosch Group","Junior Managers Program (Trainee) - Start your Leadership Journey in Controlling","Junior","Other DACH","Gerlingen, BW, Germany","2026-07-23T09:15:35.228Z","https://jobs.smartrecruiters.com/BoschGroup/744000139239945","https://careerkit.me/api/apply?src=github-dach&company=bosch-group&url=https%3A%2F%2Fjobs.smartrecruiters.com%2FBoschGroup%2F744000139239945"
"Bosch Group","Junior Managers Program (Trainee) - Start your Leadership Journey in Sales Mobility","Junior","Other DACH","Gerlingen, , Germany","2026-07-23T08:43:05.884Z","https://jobs.smartrecruiters.com/BoschGroup/744000139234359","https://careerkit.me/api/apply?src=github-dach&company=bosch-group&url=https%3A%2F%2Fjobs.smartrecruiters.com%2FBoschGroup%2F744000139234359"
"Bosch Group","PreMaster Programm - Junior-Controller-/in im Fertigungscontrolling der Halbleiterfertigung (w/m/div.)","Junior","Other DACH","Reutlingen, BW, Germany","2026-07-20T10:50:13.908Z","https://jobs.smartrecruiters.com/BoschGroup/744000138610696","https://careerkit.me/api/apply?src=github-dach&company=bosch-group&url=https%3A%2F%2Fjobs.smartrecruiters.com%2FBoschGroup%2F744000138610696"
"Bosch Group","Junior Managers Program (Trainee) - Starte deine Leadership Journey im Bereich Corporate Research","Junior","Other DACH","Gerlingen, BW, Germany","2026-07-15T08:31:52.358Z","https://jobs.smartrecruiters.com/BoschGroup/744000137831979","https://careerkit.me/api/apply?src=github-dach&company=bosch-group&url=https%3A%2F%2Fjobs.smartrecruiters.com%2FBoschGroup%2F744000137831979"
"Bosch Group","Junior Managers Program (Trainee) - Starte deine Leadership Journey im Bereich Controlling","Junior","Other DACH","Gerlingen, BW, Germany","2026-07-15T08:27:31.027Z","https://jobs.smartrecruiters.com/BoschGroup/744000137830849","https://careerkit.me/api/apply?src=github-dach&company=bosch-group&url=https%3A%2F%2Fjobs.smartrecruiters.com%2FBoschGroup%2F744000137830849"
"Bosch Group","Mitarbeiter in der technischen Kundenberatung - auch Quereinsteiger (w/m/div.)","Junior","Other DACH","Magdeburg, SA, Germany","2026-07-09T08:00:56.877Z","https://jobs.smartrecruiters.com/BoschGroup/744000136744918","https://careerkit.me/api/apply?src=github-dach&company=bosch-group&url=https%3A%2F%2Fjobs.smartrecruiters.com%2FBoschGroup%2F744000136744918"
"Bosch Group","Mitarbeiter für Auftragsannahme - auch Quereinsteiger (w/m/div.)","Junior","Other DACH","Magdeburg, SA, Germany","2026-06-12T07:45:25.417Z","https://jobs.smartrecruiters.com/BoschGroup/744000131833428","https://careerkit.me/api/apply?src=github-dach&company=bosch-group&url=https%3A%2F%2Fjobs.smartrecruiters.com%2FBoschGroup%2F744000131833428"
"Customs Support","Junior Sales Manager/in (m/w/d)","Junior","Other DACH","Thayngen, Schaffhausen, Switzerland","2024-09-04 08:15:26 UTC","https://customssupport.recruitee.com/o/junior-sales-managerin-mwd","https://careerkit.me/api/apply?src=github-dach&company=customs-support&url=https%3A%2F%2Fcustomssupport.recruitee.com%2Fo%2Fjunior-sales-managerin-mwd"
"Dexterous Endoscopes Sàrl","Junior R&D Engineer","Junior","Other DACH","Epalinges, CH","2026-07-01T14:27:16+02:00","https://dexterousendoscopes.teamtailor.com/jobs/8002417-junior-r-d-engineer","https://careerkit.me/api/apply?src=github-dach&company=dexterous-endoscopes-s-rl&url=https%3A%2F%2Fdexterousendoscopes.teamtailor.com%2Fjobs%2F8002417-junior-r-d-engineer"
"Dexterous Endoscopes Sàrl","Junior Manufacturing Engineer","Junior","Other DACH","Epalinges, CH","2026-07-01T14:02:00+02:00","https://dexterousendoscopes.teamtailor.com/jobs/8002206-junior-manufacturing-engineer","https://careerkit.me/api/apply?src=github-dach&company=dexterous-endoscopes-s-rl&url=https%3A%2F%2Fdexterousendoscopes.teamtailor.com%2Fjobs%2F8002206-junior-manufacturing-engineer"
"Drees & Sommer SE","(Junior) Projektmanager (w/m/d) – Alternative Abwicklungsmodelle","Junior","Other DACH","Kiel, SH, Germany","2026-09-24T06:12:05.672Z","https://jobs.smartrecruiters.com/DreesSommerSE/744000151534939","https://careerkit.me/api/apply?src=github-dach&company=drees-sommer-se&url=https%3A%2F%2Fjobs.smartrecruiters.com%2FDreesSommerSE%2F744000151534939"
"Drees & Sommer SE","Junior Ingenieur (w/m/d) Resilienz- und Sicherheitsberatung","Junior","Other DACH","Kiel, SH, Germany","2026-09-23T12:24:22.435Z","https://jobs.smartrecruiters.com/DreesSommerSE/744000151368239","https://careerkit.me/api/apply?src=github-dach&company=drees-sommer-se&url=https%3A%2F%2Fjobs.smartrecruiters.com%2FDreesSommerSE%2F744000151368239"
"Drees & Sommer SE","(Junior) Bauüberwacher (w/m/d) Tiefbau in Energieprojekten","Junior","Other DACH","Kiel, SH, Germany","2026-08-27T13:27:47.863Z","https://jobs.smartrecruiters.com/DreesSommerSE/744000145986597","https://careerkit.me/api/apply?src=github-dach&company=drees-sommer-se&url=https%3A%2F%2Fjobs.smartrecruiters.com%2FDreesSommerSE%2F744000145986597"
"Drees & Sommer SE","Junior Consultant (w/m/d) Claim- und Risikomanagement in Bau- und Immobilienprojekten","Junior","Other DACH","Erfurt, TH, Germany","2026-05-26T08:02:18.353Z","https://jobs.smartrecruiters.com/DreesSommerSE/744000128414750","https://careerkit.me/api/apply?src=github-dach&company=drees-sommer-se&url=https%3A%2F%2Fjobs.smartrecruiters.com%2FDreesSommerSE%2F744000128414750"
"Eurofins","Quereinsteiger (m/w/d) im Labor","Junior","Other DACH","Freiberg, SN, Germany","2026-07-31T11:00:31.427Z","https://jobs.smartrecruiters.com/eurofins/744000140881168","https://careerkit.me/api/apply?src=github-dach&company=eurofins&url=https%3A%2F%2Fjobs.smartrecruiters.com%2Feurofins%2F744000140881168"
"FINN","(Junior) Operations Manager Logistik - Norddeutschland (m/w/d)","Junior","Other DACH","Northern Germany / Northern Germany","2026-08-27T12:23:22.628Z","https://jobs.lever.co/finn/ea28c53b-7229-4eac-b411-fd762f4bdaca","https://careerkit.me/api/apply?src=github-dach&company=finn&url=https%3A%2F%2Fjobs.lever.co%2Ffinn%2Fea28c53b-7229-4eac-b411-fd762f4bdaca"
"gambit.jobs.personio.com","Junior Consultant - Datenmigration und -transformation","Junior","Other DACH","Deutschland","2021-02-18T14:03:09+00:00","https://gambit.jobs.personio.de/job/323814","https://careerkit.me/api/apply?src=github-dach&company=gambit-jobs-personio-com&url=https%3A%2F%2Fgambit.jobs.personio.de%2Fjob%2F323814"
"H&M Group","Visual Merchandiser Trainee (m/w/d) - Atrio Villach (38,5 Wochenstunden)","Junior","Other DACH","Villach, Kärnten, Austria","2026-09-10T11:49:18.157Z","https://jobs.smartrecruiters.com/HMGroup/744000148752670","https://careerkit.me/api/apply?src=github-dach&company=h-m-group&url=https%3A%2F%2Fjobs.smartrecruiters.com%2FHMGroup%2F744000148752670"
"H&M Group","Store Manager Trainee (m/w/d) - REGION TIROL (38,5 Wochenstunden)","Junior","Other DACH","Tirol, , Austria","2026-09-10T09:26:07.165Z","https://jobs.smartrecruiters.com/HMGroup/744000148719669","https://careerkit.me/api/apply?src=github-dach&company=h-m-group&url=https%3A%2F%2Fjobs.smartrecruiters.com%2FHMGroup%2F744000148719669"
"H&M Group","Department Manager Trainee (m/w/d) - Weiz (38,5 Wochenstunden)","Junior","Other DACH","Weiz, Steiermark, Austria","2026-09-10T09:18:48.661Z","https://jobs.smartrecruiters.com/HMGroup/744000148717739","https://careerkit.me/api/apply?src=github-dach&company=h-m-group&url=https%3A%2F%2Fjobs.smartrecruiters.com%2FHMGroup%2F744000148717739"
"H&M Group","Visual Merchandiser Trainee (m/w/d) - Leoben City Shopping (38,5 Wochenstunden)","Junior","Other DACH","Leoben, Steiermark, Austria","2026-09-10T09:18:32.493Z","https://jobs.smartrecruiters.com/HMGroup/744000148717629","https://careerkit.me/api/apply?src=github-dach&company=h-m-group&url=https%3A%2F%2Fjobs.smartrecruiters.com%2FHMGroup%2F744000148717629"
"H&M Group","Department Manager Trainee (m/w/d) - Raum Leoben/Kapfenberg (38,5 Wochenstunden)","Junior","Other DACH","Kapfenberg, , Austria","2026-09-10T09:18:16.113Z","https://jobs.smartrecruiters.com/HMGroup/744000148717579","https://careerkit.me/api/apply?src=github-dach&company=h-m-group&url=https%3A%2F%2Fjobs.smartrecruiters.com%2FHMGroup%2F744000148717579"
"HelloFresh","(Junior) People Business Partner (all genders)","Junior","Other DACH","Verden, Niedersachsen, Germany","2026-07-23T04:33:46-04:00","https://careers.hellofresh.com/global/en/job/8053360?gh_jid=8053360","https://careerkit.me/api/apply?src=github-dach&company=hellofresh&url=https%3A%2F%2Fcareers.hellofresh.com%2Fglobal%2Fen%2Fjob%2F8053360%3Fgh_jid%3D8053360"
"Hitachi","Trainee Engineering (w/m/d)","Junior","Other DACH","Bad Honnef, North Rhine-Westphalia, Germany","2026-09-16T09:54:30.043Z","https://hitachi.wd1.myworkdayjobs.com/hitachi/job/Bad-Honnef-North-Rhine-Westphalia-Germany/Trainee-Engineering--w-m-d-_R0138614","https://careerkit.me/api/apply?src=github-dach&company=hitachi&url=https%3A%2F%2Fhitachi.wd1.myworkdayjobs.com%2Fhitachi%2Fjob%2FBad-Honnef-North-Rhine-Westphalia-Germany%2FTrainee-Engineering--w-m-d-_R0138614"
"Isar Aerospace","Junior Calibration Technician (m/f/d)","Junior","Other DACH","Ottobrunn, Bavaria, Germany; Parsdorf, Bavaria, Germany","2026-08-20T07:46:11-04:00","https://job-boards.eu.greenhouse.io/isaraerospace/jobs/4952519101","https://careerkit.me/api/apply?src=github-dach&company=isar-aerospace&url=https%3A%2F%2Fjob-boards.eu.greenhouse.io%2Fisaraerospace%2Fjobs%2F4952519101"
"Isar Aerospace","(Junior) Executive Assistant (m/f/d)","Junior","Other DACH","Parsdorf, Bavaria, Germany","2026-08-07T12:48:03-04:00","https://job-boards.eu.greenhouse.io/isaraerospace/jobs/4948911101","https://careerkit.me/api/apply?src=github-dach&company=isar-aerospace&url=https%3A%2F%2Fjob-boards.eu.greenhouse.io%2Fisaraerospace%2Fjobs%2F4948911101"
"Johnson & Johnson / Janssen","Associate Clinical Consultant (d/m/w) im Außendienst Trainee Sales Consultancy – Johnson & Johnson Electrophysiology","Junior","Other DACH","2 Locations","2026-09-25T09:54:19.435Z","https://jj.wd5.myworkdayjobs.com/JJ/job/Norderstedt-Schleswig-Holstein-Germany/Associate-Clinical-Consultant--d-m-w--im-Auendienst-Trainee-Sales-Consultancy---Johnson---Johnson-Electrophysiology_R-101728","https://careerkit.me/api/apply?src=github-dach&company=johnson-johnson-janssen&url=https%3A%2F%2Fjj.wd5.myworkdayjobs.com%2FJJ%2Fjob%2FNorderstedt-Schleswig-Holstein-Germany%2FAssociate-Clinical-Consultant--d-m-w--im-Auendienst-Trainee-Sales-Consultancy---Johnson---Johnson-Electrophysiology_R-101728"
"JYSK","Store Manager Trainee (a) 80-100% für die Region Burgdorf","Junior","Other DACH","Burgdorf, BE, Switzerland","2026-09-23T09:00:46.280Z","https://jobs.smartrecruiters.com/jysk/744000151328840","https://careerkit.me/api/apply?src=github-dach&company=jysk&url=https%3A%2F%2Fjobs.smartrecruiters.com%2Fjysk%2F744000151328840"
"JYSK","STORE MANAGER TRAINEE (m/w/d) VOLLZEIT (38,5 Std) – 6410 Telfs","Junior","Other DACH","Telfs, Tirol, Austria","2026-09-18T11:38:01.311Z","https://jobs.smartrecruiters.com/jysk/744000150347187","https://careerkit.me/api/apply?src=github-dach&company=jysk&url=https%3A%2F%2Fjobs.smartrecruiters.com%2Fjysk%2F744000150347187"
"JYSK","Store Manager Trainee (a) 80-100% für die Region Limmattal","Junior","Other DACH","Limmattal, , Switzerland","2026-09-04T06:19:38.850Z","https://jobs.smartrecruiters.com/jysk/744000147421709","https://careerkit.me/api/apply?src=github-dach&company=jysk&url=https%3A%2F%2Fjobs.smartrecruiters.com%2Fjysk%2F744000147421709"
"JYSK","Store Manager Trainee (a) 80-100% für die Region Baden","Junior","Other DACH","Baden, AG, Switzerland","2026-09-01T08:50:26.280Z","https://jobs.smartrecruiters.com/jysk/744000146656449","https://careerkit.me/api/apply?src=github-dach&company=jysk&url=https%3A%2F%2Fjobs.smartrecruiters.com%2Fjysk%2F744000146656449"
"JYSK","Store Manager Trainee (a) 80-100% für die Region Cham","Junior","Other DACH","Cham, ZG, Switzerland","2026-08-28T15:45:34.527Z","https://jobs.smartrecruiters.com/jysk/744000146218300","https://careerkit.me/api/apply?src=github-dach&company=jysk&url=https%3A%2F%2Fjobs.smartrecruiters.com%2Fjysk%2F744000146218300"
"JYSK","Store Manager Trainee (a) 100% für die Region Aargau","Junior","Other DACH","Zofingen, AG, Switzerland","2026-08-28T13:30:04.342Z","https://jobs.smartrecruiters.com/jysk/744000146188155","https://careerkit.me/api/apply?src=github-dach&company=jysk&url=https%3A%2F%2Fjobs.smartrecruiters.com%2Fjysk%2F744000146188155"
"JYSK","Store Manager Trainee (a) 80% für die Region Berne / Store Manager Trainee (a) 80% pour la région de Berne","Junior","Other DACH","Biel, BE, Switzerland","2026-08-21T07:10:40.991Z","https://jobs.smartrecruiters.com/jysk/744000144696964","https://careerkit.me/api/apply?src=github-dach&company=jysk&url=https%3A%2F%2Fjobs.smartrecruiters.com%2Fjysk%2F744000144696964"
"JYSK","Store Manager Trainee (a) 80-100% für die Region Netstal","Junior","Other DACH","Glarus, GL, Switzerland","2026-08-17T14:58:58.067Z","https://jobs.smartrecruiters.com/jysk/744000143863310","https://careerkit.me/api/apply?src=github-dach&company=jysk&url=https%3A%2F%2Fjobs.smartrecruiters.com%2Fjysk%2F744000143863310"
"JYSK","Store Manager Trainee (a) 100% für die Region Basel","Junior","Other DACH","Zwingen, BL, Switzerland","2026-08-17T14:46:04.475Z","https://jobs.smartrecruiters.com/jysk/744000143855365","https://careerkit.me/api/apply?src=github-dach&company=jysk&url=https%3A%2F%2Fjobs.smartrecruiters.com%2Fjysk%2F744000143855365"
"JYSK","Store Manager Trainee (a) 80-100% für die Filiale Herisau","Junior","Other DACH","Herisau, AR, Switzerland","2026-08-17T14:23:24.301Z","https://jobs.smartrecruiters.com/jysk/744000143850224","https://careerkit.me/api/apply?src=github-dach&company=jysk&url=https%3A%2F%2Fjobs.smartrecruiters.com%2Fjysk%2F744000143850224"
"JYSK","Store Manager Trainee 80% pour la région de Granges-Paccot","Junior","Other DACH","Granges-Paccot, FR, Switzerland","2026-07-14T08:15:08.451Z","https://jobs.smartrecruiters.com/jysk/744000137611099","https://careerkit.me/api/apply?src=github-dach&company=jysk&url=https%3A%2F%2Fjobs.smartrecruiters.com%2Fjysk%2F744000137611099"
"Kanadevia Inova","(Junior-) Projektleiter (m/w/d) im Bereich Biogas / Biogasaufbereitung / Biomethananlagen","Junior","Other DACH","Zeven, NDS, Germany","2026-04-28T07:31:58.612Z","https://jobs.smartrecruiters.com/kanadeviainova/744000123372975","https://careerkit.me/api/apply?src=github-dach&company=kanadevia-inova&url=https%3A%2F%2Fjobs.smartrecruiters.com%2Fkanadeviainova%2F744000123372975"
"Lonza","Laboratory Analyst / Laborant (m/w/d) - auch für Quereinsteiger – 4-Schichtbetrieb","Junior","Other DACH","CH - Visp","2026-08-26T09:54:33.172Z","https://lonza.wd3.myworkdayjobs.com/Lonza_Careers/job/CH---Visp/Laboratory-Analyst---Laborant--m-f-d--Quality-Control-4-Schichtbetrieb_R76313","https://careerkit.me/api/apply?src=github-dach&company=lonza&url=https%3A%2F%2Flonza.wd3.myworkdayjobs.com%2FLonza_Careers%2Fjob%2FCH---Visp%2FLaboratory-Analyst---Laborant--m-f-d--Quality-Control-4-Schichtbetrieb_R76313"
"Mountfitchet Group","Sales Consultant Private Jet Entry Level - 50.000€ + 10% Commission","Junior","Other DACH","Hallbergmoos, BY, Germany","2026-07-08T12:59:52.906Z","https://jobs.smartrecruiters.com/mountfitchetgroup/744000136463164","https://careerkit.me/api/apply?src=github-dach&company=mountfitchet-group&url=https%3A%2F%2Fjobs.smartrecruiters.com%2Fmountfitchetgroup%2F744000136463164"
"Oetiker","Junior Firmware Engineer Embedded Systems C/C++ (all)","Junior","Other DACH","Horgen, ZH, Switzerland","2026-09-04T06:19:00.421Z","https://jobs.smartrecruiters.com/oetiker/744000147421499","https://careerkit.me/api/apply?src=github-dach&company=oetiker&url=https%3A%2F%2Fjobs.smartrecruiters.com%2Foetiker%2F744000147421499"
"PureGym","Manager Fitness Club (m/w/d) Leitungsposition für Quereinsteiger (ohne Fitness-Background)","Junior","Other DACH","Altdorf, Uri, Schweiz","2026-09-08 13:16:48 UTC","https://puregymswiss.recruitee.com/o/manager-fitness-club-mwd-leitungsposition-fur-quereinsteiger-ohne-fitness-background-3","https://careerkit.me/api/apply?src=github-dach&company=puregym&url=https%3A%2F%2Fpuregymswiss.recruitee.com%2Fo%2Fmanager-fitness-club-mwd-leitungsposition-fur-quereinsteiger-ohne-fitness-background-3"
"Rhenus Logistics","Junior Logistics Manager (w/m/d)","Junior","Other DACH","Alsfeld, Germany","2026-09-23T09:54:38.363Z","https://rhe.wd3.myworkdayjobs.com/R1111/job/Alsfeld-Germany/Junior-Logistics-Manager--w-m-d-_JR125754-1","https://careerkit.me/api/apply?src=github-dach&company=rhenus-logistics&url=https%3A%2F%2Frhe.wd3.myworkdayjobs.com%2FR1111%2Fjob%2FAlsfeld-Germany%2FJunior-Logistics-Manager--w-m-d-_JR125754-1"
"Rhenus Logistics","Junior Finance Project Manager (m/w/d)","Junior","Other DACH","Holzwickede, Germany","2026-09-22T09:54:38.363Z","https://rhe.wd3.myworkdayjobs.com/R1111/job/Holzwickede-Germany/Junior-Finance-Project-Manager--m-w-d-_JR125710","https://careerkit.me/api/apply?src=github-dach&company=rhenus-logistics&url=https%3A%2F%2Frhe.wd3.myworkdayjobs.com%2FR1111%2Fjob%2FHolzwickede-Germany%2FJunior-Finance-Project-Manager--m-w-d-_JR125710"
"Rhenus Logistics","Trainee (w/m/d) Supply Chain Management Automotive","Junior","Other DACH","3 Locations","2026-09-10T09:54:38.363Z","https://rhe.wd3.myworkdayjobs.com/R1111/job/Duisburg-Germany/Trainee--w-m-d--Supply-Chain-Management-Automotive_JR105570","https://careerkit.me/api/apply?src=github-dach&company=rhenus-logistics&url=https%3A%2F%2Frhe.wd3.myworkdayjobs.com%2FR1111%2Fjob%2FDuisburg-Germany%2FTrainee--w-m-d--Supply-Chain-Management-Automotive_JR105570"
"Rhenus Logistics","Trainee (w/m/d) Logistik","Junior","Other DACH","5 Locations","2026-09-04T09:54:38.363Z","https://rhe.wd3.myworkdayjobs.com/R1111/job/Duisburg-Germany/Trainee--w-m-d--Logistik_JR124460","https://careerkit.me/api/apply?src=github-dach&company=rhenus-logistics&url=https%3A%2F%2Frhe.wd3.myworkdayjobs.com%2FR1111%2Fjob%2FDuisburg-Germany%2FTrainee--w-m-d--Logistik_JR124460"
"Rhenus Logistics","Junior Controller (w/m/d)","Junior","Other DACH","Hilden, Germany","2026-08-26T09:54:38.363Z","https://rhe.wd3.myworkdayjobs.com/R1111/job/Hilden-Germany/Junior-Freight-Accountant--w-m-d-_JR124190-1","https://careerkit.me/api/apply?src=github-dach&company=rhenus-logistics&url=https%3A%2F%2Frhe.wd3.myworkdayjobs.com%2FR1111%2Fjob%2FHilden-Germany%2FJunior-Freight-Accountant--w-m-d-_JR124190-1"
"salonkee","Junior Sales Manager Lörrach (m/w/d)","Junior","Other DACH","Deutschland / Lörrach","2026-06-23T15:10:40.784+00:00","https://jobs.ashbyhq.com/salonkee/c670f7ad-98a3-47af-9b43-931839053873","https://careerkit.me/api/apply?src=github-dach&company=salonkee&url=https%3A%2F%2Fjobs.ashbyhq.com%2Fsalonkee%2Fc670f7ad-98a3-47af-9b43-931839053873"
"Securitas","Quereinsteiger (m/w/d) ab 17,50 €/Std. als Dekonthelfer / Dekontrückbauwerker / Dekontfachkraft in kerntechnischen Anlagen","Junior","Other DACH","Lingen, NDS, Germany","2026-07-01T13:24:54.511Z","https://jobs.smartrecruiters.com/securitas/744000135265895","https://careerkit.me/api/apply?src=github-dach&company=securitas&url=https%3A%2F%2Fjobs.smartrecruiters.com%2Fsecuritas%2F744000135265895"
"SGS","Quereinsteiger*in / Helfer*in (m/w/d) Kontrolle Fleischerzeugung (Vollzeit oder Teilzeit)","Junior","Other DACH","Altenburg, Thüringen, Germany","2024-03-15T10:18:39.843Z","https://jobs.smartrecruiters.com/sgs/743999974064390","https://careerkit.me/api/apply?src=github-dach&company=sgs&url=https%3A%2F%2Fjobs.smartrecruiters.com%2Fsgs%2F743999974064390"
"SIXT","Management Trainee Filiale (m/w/d) Region Nord","Junior","Other DACH","Wilhelmshaven, NDS, Germany","2026-07-16T13:16:16.523Z","https://jobs.smartrecruiters.com/sixt/744000138116729","https://careerkit.me/api/apply?src=github-dach&company=sixt&url=https%3A%2F%2Fjobs.smartrecruiters.com%2Fsixt%2F744000138116729"
"Sopra Steria","Junior Technical Consultant CxM (m/w/d)","Junior","Other DACH","bundesweit, , Germany","2026-09-24T14:56:53.603Z","https://jobs.smartrecruiters.com/SopraSteria1/744000151644087","https://careerkit.me/api/apply?src=github-dach&company=sopra-steria&url=https%3A%2F%2Fjobs.smartrecruiters.com%2FSopraSteria1%2F744000151644087"
"Sopra Steria","(Junior) Consultant (m/w/d) – Autonome Netze","Junior","Other DACH","bundesweit, , Germany","2026-09-24T14:44:44.166Z","https://jobs.smartrecruiters.com/SopraSteria1/744000151641389","https://careerkit.me/api/apply?src=github-dach&company=sopra-steria&url=https%3A%2F%2Fjobs.smartrecruiters.com%2FSopraSteria1%2F744000151641389"
"Sopra Steria","Junior Consultant Strategy Insurance (m/w/d)","Junior","Other DACH","bundesweit, , Germany","2026-09-21T16:46:26.192Z","https://jobs.smartrecruiters.com/SopraSteria1/744000150748479","https://careerkit.me/api/apply?src=github-dach&company=sopra-steria&url=https%3A%2F%2Fjobs.smartrecruiters.com%2FSopraSteria1%2F744000150748479"
"Sopra Steria","Junior SAP Consultant (m/w/d)","Junior","Other DACH","bundesweit, , Germany","2026-08-26T10:25:53.088Z","https://jobs.smartrecruiters.com/SopraSteria1/744000145706359","https://careerkit.me/api/apply?src=github-dach&company=sopra-steria&url=https%3A%2F%2Fjobs.smartrecruiters.com%2FSopraSteria1%2F744000145706359"
"Sopra Steria","Junior AIT Engineer for Galileo (M/W/D) [25135]","Junior","Other DACH","Immenstaad am Bodensee, BW, Germany","2026-07-06T09:11:45.370Z","https://jobs.smartrecruiters.com/SopraSteria1/744000135952032","https://careerkit.me/api/apply?src=github-dach&company=sopra-steria&url=https%3A%2F%2Fjobs.smartrecruiters.com%2FSopraSteria1%2F744000135952032"
"Sopra Steria","Junior Engineer – Avionics Ground and Flight Test [26082] (M/W/D)","Junior","Other DACH","Manching, BY, Germany","2026-07-01T08:38:13.722Z","https://jobs.smartrecruiters.com/SopraSteria1/744000135205319","https://careerkit.me/api/apply?src=github-dach&company=sopra-steria&url=https%3A%2F%2Fjobs.smartrecruiters.com%2FSopraSteria1%2F744000135205319"
"tnp-1.jobs.personio.com","IT Supporter / Junior System Engineer","Junior","Other DACH","Naveum AG, headquarter Adliswil, Switzerland","2026-01-12T13:31:11+00:00","https://tnp-1.jobs.personio.de/job/2484135","https://careerkit.me/api/apply?src=github-dach&company=tnp-1-jobs-personio-com&url=https%3A%2F%2Ftnp-1.jobs.personio.de%2Fjob%2F2484135"
"WAREMA Renkhoff SE","Trainee (m/w/d) technischer Vertrieb","Junior","Other DACH","Marktheidenfeld, BY, Germany","2026-06-30T06:26:12.593Z","https://jobs.smartrecruiters.com/WAREMARenkhoffSE/744000134935878","https://careerkit.me/api/apply?src=github-dach&company=warema-renkhoff-se&url=https%3A%2F%2Fjobs.smartrecruiters.com%2FWAREMARenkhoffSE%2F744000134935878"
"WAREMA Renkhoff SE","Trainee Technik/Produktion (m/w/d)","Junior","Other DACH","Marktheidenfeld, BY, Germany","2026-06-30T06:18:49.993Z","https://jobs.smartrecruiters.com/WAREMARenkhoffSE/744000134933754","https://careerkit.me/api/apply?src=github-dach&company=warema-renkhoff-se&url=https%3A%2F%2Fjobs.smartrecruiters.com%2FWAREMARenkhoffSE%2F744000134933754"
"AbbVie","Praktikant (all genders) im Bereich Human Resources mit Schwerpunkt Talent Development und Unternehmenskultur","Praktikum","Other DACH","Ludwigshafen, RP, Germany","2026-08-17T12:04:03.689Z","https://jobs.smartrecruiters.com/abbvie/3743990014618466","https://careerkit.me/api/apply?src=github-dach&company=abbvie&url=https%3A%2F%2Fjobs.smartrecruiters.com%2Fabbvie%2F3743990014618466"
"AbbVie","Pharmaziepraktikum in der Forschung und Entwicklung","Praktikum","Other DACH","Ludwigshafen, RP, Germany","2026-06-25T15:32:49.553Z","https://jobs.smartrecruiters.com/abbvie/3743990013790577","https://careerkit.me/api/apply?src=github-dach&company=abbvie&url=https%3A%2F%2Fjobs.smartrecruiters.com%2Fabbvie%2F3743990013790577"
"AbbVie","Praktikum (all genders) im Bereich Clinical Supply Management","Praktikum","Other DACH","Ludwigshafen, RP, Germany","2025-09-19T05:50:11.235Z","https://jobs.smartrecruiters.com/abbvie/3743990009544481","https://careerkit.me/api/apply?src=github-dach&company=abbvie&url=https%3A%2F%2Fjobs.smartrecruiters.com%2Fabbvie%2F3743990009544481"
"Alcon","Student*in /m/w/d) für ein mehrmonatiges Praxissemester/Pflichtpraktikum im Bereich Automatisierung & Digitalisierung Kontaktlinsenproduktion","Praktikum","Other DACH","Grosswallstadt, Germany","2026-09-24T09:53:48.458Z","https://alcon.wd5.myworkdayjobs.com/careers_alcon/job/Grosswallstadt-Germany/Student-in--m-w-d--fr-ein-mehrmonatiges-Praxissemester-Pflichtpraktikum-im-Bereich-Engineering-Kontaktlinsenproduktion_R-2026-47974","https://careerkit.me/api/apply?src=github-dach&company=alcon&url=https%3A%2F%2Falcon.wd5.myworkdayjobs.com%2Fcareers_alcon%2Fjob%2FGrosswallstadt-Germany%2FStudent-in--m-w-d--fr-ein-mehrmonatiges-Praxissemester-Pflichtpraktikum-im-Bereich-Engineering-Kontaktlinsenproduktion_R-2026-47974"
"Alcon","Student*in (m/w/d) für ein mehrmonatiges Praxissemester/Pflichtpraktikum im Bereich Forschung und Entwicklung (Analytics and Metrology)","Praktikum","Other DACH","Grosswallstadt, Germany","2026-09-16T09:53:48.458Z","https://alcon.wd5.myworkdayjobs.com/careers_alcon/job/Grosswallstadt-Germany/Student-in--m-w-d--fr-ein-mehrmonatiges-Praxissemester-Pflichtpraktikum-im-Bereich-Forschung-und-Entwicklung--Analytics-and-Metrology-_R-2026-49689","https://careerkit.me/api/apply?src=github-dach&company=alcon&url=https%3A%2F%2Falcon.wd5.myworkdayjobs.com%2Fcareers_alcon%2Fjob%2FGrosswallstadt-Germany%2FStudent-in--m-w-d--fr-ein-mehrmonatiges-Praxissemester-Pflichtpraktikum-im-Bereich-Forschung-und-Entwicklung--Analytics-and-Metrology-_R-2026-49689"
"Alcon","Student*in /m/w/d) für ein mehrmonatiges Praxissemester/Pflichtpraktikum im Bereich Qualitätskontrolle (Mikrobiologie)","Praktikum","Other DACH","Grosswallstadt, Germany","2026-08-31T09:53:48.458Z","https://alcon.wd5.myworkdayjobs.com/careers_alcon/job/Grosswallstadt-Germany/Student-in--m-w-d--fr-ein-mehrmonatiges-Praxissemester-Pflichtpraktikum-im-Bereich-Qualittskontrolle--Mikrobiologie-_R-2026-49361","https://careerkit.me/api/apply?src=github-dach&company=alcon&url=https%3A%2F%2Falcon.wd5.myworkdayjobs.com%2Fcareers_alcon%2Fjob%2FGrosswallstadt-Germany%2FStudent-in--m-w-d--fr-ein-mehrmonatiges-Praxissemester-Pflichtpraktikum-im-Bereich-Qualittskontrolle--Mikrobiologie-_R-2026-49361"
"Alcon","Student*in /m/w/d) für ein mehrmonatiges Praxissemester/Pflichtpraktikum im Bereich HSE (Health, Safety & Environment)","Praktikum","Other DACH","Grosswallstadt, Germany","2026-08-31T09:53:48.458Z","https://alcon.wd5.myworkdayjobs.com/careers_alcon/job/Grosswallstadt-Germany/Student-in--m-w-d--fr-ein-mehrmonatiges-Praxissemester-Pflichtpraktikum-im-Bereich-HSE--Health--Safety---Environment-_R-2026-49363","https://careerkit.me/api/apply?src=github-dach&company=alcon&url=https%3A%2F%2Falcon.wd5.myworkdayjobs.com%2Fcareers_alcon%2Fjob%2FGrosswallstadt-Germany%2FStudent-in--m-w-d--fr-ein-mehrmonatiges-Praxissemester-Pflichtpraktikum-im-Bereich-HSE--Health--Safety---Environment-_R-2026-49363"
"Alcon","Schülerpraktikum als Fachinformatiker oder Fachkraft für Lagerlogistik (m/w/d)","Praktikum","Other DACH","Grosswallstadt, Germany","2026-08-26T09:53:48.458Z","https://alcon.wd5.myworkdayjobs.com/careers_alcon/job/Grosswallstadt-Germany/Schlerpraktikum-als-Fachinformatiker--m-w-d--fr-Systemintegration_R-2024-36387","https://careerkit.me/api/apply?src=github-dach&company=alcon&url=https%3A%2F%2Falcon.wd5.myworkdayjobs.com%2Fcareers_alcon%2Fjob%2FGrosswallstadt-Germany%2FSchlerpraktikum-als-Fachinformatiker--m-w-d--fr-Systemintegration_R-2024-36387"
"Alcon","Schülerpraktikum als Mechatroniker/Elektroniker/Chemikant (m/w/d) initiativ","Praktikum","Other DACH","Grosswallstadt, Germany","2026-08-26T09:53:48.458Z","https://alcon.wd5.myworkdayjobs.com/careers_alcon/job/Grosswallstadt-Germany/Schlerpraktikum-als-Mechatroniker-Elektroniker-Chemikant--m-w-d--initiativ_R-2026-49139","https://careerkit.me/api/apply?src=github-dach&company=alcon&url=https%3A%2F%2Falcon.wd5.myworkdayjobs.com%2Fcareers_alcon%2Fjob%2FGrosswallstadt-Germany%2FSchlerpraktikum-als-Mechatroniker-Elektroniker-Chemikant--m-w-d--initiativ_R-2026-49139"
"Avaloq","Internship in Banking Operations - Corporate Actions Pre-Processing (6-month fixed-term contract)","Praktikum","Other DACH","Bioggio, Canton Ticino, Switzerland","2026-09-22T14:09:29.462Z","https://jobs.smartrecruiters.com/avaloq1/744000151048879","https://careerkit.me/api/apply?src=github-dach&company=avaloq&url=https%3A%2F%2Fjobs.smartrecruiters.com%2Favaloq1%2F744000151048879"
"Avery Dennison","Praktikum im Bereich Engineering (m/w/d)","Praktikum","Other DACH","Gotha, TH, Germany","2026-09-21T10:43:28.913Z","https://jobs.smartrecruiters.com/averydennison/744000150660414","https://careerkit.me/api/apply?src=github-dach&company=avery-dennison&url=https%3A%2F%2Fjobs.smartrecruiters.com%2Faverydennison%2F744000150660414"
"Bosch Group","Pflichtpraktikum SAP-Prozessabläufe in S/4","Praktikum","Other DACH","Lohr am Main, BY, Germany","2026-09-25T08:51:13.308Z","https://jobs.smartrecruiters.com/BoschGroup/744000151791635","https://careerkit.me/api/apply?src=github-dach&company=bosch-group&url=https%3A%2F%2Fjobs.smartrecruiters.com%2FBoschGroup%2F744000151791635"
"Bosch Group","Pflichtpraktikum in der Fertigungsplanung Komponenten","Praktikum","Other DACH","Bühl, BW, Germany","2026-09-25T06:30:27.212Z","https://jobs.smartrecruiters.com/BoschGroup/744000151766620","https://careerkit.me/api/apply?src=github-dach&company=bosch-group&url=https%3A%2F%2Fjobs.smartrecruiters.com%2FBoschGroup%2F744000151766620"
"Bosch Group","Pflichtpraktikum Wertstrom- und Materialflussplanung in der Komponentenfertigung","Praktikum","Other DACH","Bühl, BW, Germany","2026-09-25T06:15:30.965Z","https://jobs.smartrecruiters.com/BoschGroup/744000151766019","https://careerkit.me/api/apply?src=github-dach&company=bosch-group&url=https%3A%2F%2Fjobs.smartrecruiters.com%2FBoschGroup%2F744000151766019"
"Bosch Group","Praktikum im Bereich International Sales bei Bosch eBike Systems","Praktikum","Other DACH","Reutlingen, BW, Germany","2026-09-24T09:04:48.045Z","https://jobs.smartrecruiters.com/BoschGroup/744000151563196","https://careerkit.me/api/apply?src=github-dach&company=bosch-group&url=https%3A%2F%2Fjobs.smartrecruiters.com%2FBoschGroup%2F744000151563196"
"Bosch Group","Pflichtpraktikum im Vertrieb – Customer Team BMW Automotive (w/m/div.)","Praktikum","Other DACH","Leonberg, BW, Germany","2026-09-24T07:22:55.268Z","https://jobs.smartrecruiters.com/BoschGroup/744000151544369","https://careerkit.me/api/apply?src=github-dach&company=bosch-group&url=https%3A%2F%2Fjobs.smartrecruiters.com%2FBoschGroup%2F744000151544369"
"Bosch Group","Mandatory Internship Sales Customer Team BMW Automotive","Praktikum","Other DACH","Leonberg, BW, Germany","2026-09-24T07:22:36.795Z","https://jobs.smartrecruiters.com/BoschGroup/744000151543674","https://careerkit.me/api/apply?src=github-dach&company=bosch-group&url=https%3A%2F%2Fjobs.smartrecruiters.com%2FBoschGroup%2F744000151543674"
"Bosch Group","Praktikum Qualität im Einkauf","Praktikum","Other DACH","Ansbach, Mittelfranken, Germany","2026-09-24T06:15:08.859Z","https://jobs.smartrecruiters.com/BoschGroup/744000151535239","https://careerkit.me/api/apply?src=github-dach&company=bosch-group&url=https%3A%2F%2Fjobs.smartrecruiters.com%2FBoschGroup%2F744000151535239"
"Bosch Group","Praktikum Manufacturing Engineering für Humanoide Robotik","Praktikum","Other DACH","Ansbach, Mittelfranken, Germany","2026-09-23T09:11:01.328Z","https://jobs.smartrecruiters.com/BoschGroup/744000151330650","https://careerkit.me/api/apply?src=github-dach&company=bosch-group&url=https%3A%2F%2Fjobs.smartrecruiters.com%2FBoschGroup%2F744000151330650"
"Bosch Group","Praktikum Marketing und Vertrieb mit Fokus auf POS","Praktikum","Other DACH","Leinfelden-Echterdingen, BW, Germany","2026-09-23T09:01:29.748Z","https://jobs.smartrecruiters.com/BoschGroup/744000151329379","https://careerkit.me/api/apply?src=github-dach&company=bosch-group&url=https%3A%2F%2Fjobs.smartrecruiters.com%2FBoschGroup%2F744000151329379"
"Bosch Group","Praktikum in der Montage- und Prüfplanung für Hydraulikpumpen","Praktikum","Other DACH","Horb am Neckar, BW, Germany","2026-09-23T09:00:36.587Z","https://jobs.smartrecruiters.com/BoschGroup/744000151329139","https://careerkit.me/api/apply?src=github-dach&company=bosch-group&url=https%3A%2F%2Fjobs.smartrecruiters.com%2FBoschGroup%2F744000151329139"
"Bosch Group","Praktikum Human Resources - Personalmanagement und Personalentwicklung","Praktikum","Other DACH","Ansbach, Mittelfranken, Germany","2026-09-23T08:29:26.986Z","https://jobs.smartrecruiters.com/BoschGroup/744000151323519","https://careerkit.me/api/apply?src=github-dach&company=bosch-group&url=https%3A%2F%2Fjobs.smartrecruiters.com%2FBoschGroup%2F744000151323519"
"Bosch Group","Praktikum im Bereich Fertigung/ Lean Management","Praktikum","Other DACH","Horb am Neckar, BW, Germany","2026-09-23T07:59:24.636Z","https://jobs.smartrecruiters.com/BoschGroup/744000151314805","https://careerkit.me/api/apply?src=github-dach&company=bosch-group&url=https%3A%2F%2Fjobs.smartrecruiters.com%2FBoschGroup%2F744000151314805"
"Bosch Group","Praktikum im Bereich Controlling","Praktikum","Other DACH","Horb a. N., BW, Germany","2026-09-23T07:53:57.782Z","https://jobs.smartrecruiters.com/BoschGroup/744000151315349","https://careerkit.me/api/apply?src=github-dach&company=bosch-group&url=https%3A%2F%2Fjobs.smartrecruiters.com%2FBoschGroup%2F744000151315349"
"Bosch Group","Praktikum im Bereich Ausbildung","Praktikum","Other DACH","Horb am Neckar, BW, Germany","2026-09-23T07:52:17.669Z","https://jobs.smartrecruiters.com/BoschGroup/744000151314969","https://careerkit.me/api/apply?src=github-dach&company=bosch-group&url=https%3A%2F%2Fjobs.smartrecruiters.com%2FBoschGroup%2F744000151314969"
"Bosch Group","Praktikum im Bereich Human Resources","Praktikum","Other DACH","Horb am Neckar, BW, Germany","2026-09-23T07:50:11.203Z","https://jobs.smartrecruiters.com/BoschGroup/744000151314379","https://careerkit.me/api/apply?src=github-dach&company=bosch-group&url=https%3A%2F%2Fjobs.smartrecruiters.com%2FBoschGroup%2F744000151314379"
"Bosch Group","Internship Machine Learning for Predictive Reliability Analytics - Heat Pumps","Praktikum","Other DACH","Wernau (Neckar), BW, Germany","2026-09-23T06:01:46.419Z","https://jobs.smartrecruiters.com/BoschGroup/744000151296789","https://careerkit.me/api/apply?src=github-dach&company=bosch-group&url=https%3A%2F%2Fjobs.smartrecruiters.com%2FBoschGroup%2F744000151296789"
"Bosch Group","Praktikum im Controlling","Praktikum","Other DACH","Bietigheim-Bissingen, BW, Germany","2026-09-22T12:11:45.861Z","https://jobs.smartrecruiters.com/BoschGroup/744000151018469","https://careerkit.me/api/apply?src=github-dach&company=bosch-group&url=https%3A%2F%2Fjobs.smartrecruiters.com%2FBoschGroup%2F744000151018469"
"Bosch Group","Praktikum Prozessoptimierung in der hochautomatisierten Fertigung","Praktikum","Other DACH","Immenstadt im Allgäu, BY, Germany","2026-09-22T12:01:12.544Z","https://jobs.smartrecruiters.com/BoschGroup/744000151015440","https://careerkit.me/api/apply?src=github-dach&company=bosch-group&url=https%3A%2F%2Fjobs.smartrecruiters.com%2FBoschGroup%2F744000151015440"
"Bosch Group","Pflichtpraktikum Fertigungsbereich Qualitätsmanagement","Praktikum","Other DACH","Salzgitter, NDS, Germany","2026-09-22T10:15:18.554Z","https://jobs.smartrecruiters.com/BoschGroup/744000150991125","https://careerkit.me/api/apply?src=github-dach&company=bosch-group&url=https%3A%2F%2Fjobs.smartrecruiters.com%2FBoschGroup%2F744000150991125"
"Bosch Group","Praktikum in der internen Kommunikation und kontinuierlichen Verbesserung","Praktikum","Other DACH","Immenstadt im Allgäu, BY, Germany","2026-09-22T10:01:08.095Z","https://jobs.smartrecruiters.com/BoschGroup/744000150988719","https://careerkit.me/api/apply?src=github-dach&company=bosch-group&url=https%3A%2F%2Fjobs.smartrecruiters.com%2FBoschGroup%2F744000150988719"
"Bosch Group","Pflichtpraktikum im Betrieblichen Gesundheitsmanagement","Praktikum","Other DACH","Gerlingen, BW, Germany","2026-09-22T05:55:37.438Z","https://jobs.smartrecruiters.com/BoschGroup/744000150935879","https://careerkit.me/api/apply?src=github-dach&company=bosch-group&url=https%3A%2F%2Fjobs.smartrecruiters.com%2FBoschGroup%2F744000150935879"
"Bosch Group","Praktikum im Bereich Digital Engineering & AI","Praktikum","Other DACH","Leinfelden-Echterdingen, BW, Germany","2026-09-21T12:00:57.191Z","https://jobs.smartrecruiters.com/BoschGroup/744000150675159","https://careerkit.me/api/apply?src=github-dach&company=bosch-group&url=https%3A%2F%2Fjobs.smartrecruiters.com%2FBoschGroup%2F744000150675159"
"Bosch Group","Pflichtpraktikum im Learning & Skill Management - Bosch Global Real Estate Academy","Praktikum","Other DACH","Gerlingen, BW, Germany","2026-09-21T09:30:13.877Z","https://jobs.smartrecruiters.com/BoschGroup/744000150641861","https://careerkit.me/api/apply?src=github-dach&company=bosch-group&url=https%3A%2F%2Fjobs.smartrecruiters.com%2FBoschGroup%2F744000150641861"
"Bosch Group","Praktikum im Vertrieb - Sales Excellence & Projektmanagement","Praktikum","Other DACH","Leinfelden-Echterdingen, BW, Germany","2026-09-18T12:45:34.125Z","https://jobs.smartrecruiters.com/BoschGroup/744000150363929","https://careerkit.me/api/apply?src=github-dach&company=bosch-group&url=https%3A%2F%2Fjobs.smartrecruiters.com%2FBoschGroup%2F744000150363929"
"Bosch Group","Praktikum Vorratsbewertung","Praktikum","Other DACH","Schwäbisch Gmünd, BW, Germany","2026-09-18T09:08:09.069Z","https://jobs.smartrecruiters.com/BoschGroup/744000150318179","https://careerkit.me/api/apply?src=github-dach&company=bosch-group&url=https%3A%2F%2Fjobs.smartrecruiters.com%2FBoschGroup%2F744000150318179"
"Bosch Group","Internship Performance Analysis and Optimization of Python-Based Verification for C++ Models","Praktikum","Other DACH","Kusterdingen, BW, Germany","2026-09-18T06:32:40.992Z","https://jobs.smartrecruiters.com/BoschGroup/744000150286279","https://careerkit.me/api/apply?src=github-dach&company=bosch-group&url=https%3A%2F%2Fjobs.smartrecruiters.com%2FBoschGroup%2F744000150286279"
"Bosch Group","Pflichtpraktikum in der Prozessentwicklung","Praktikum","Other DACH","Immenstadt im Allgäu, BY, Germany","2026-09-18T03:51:51.104Z","https://jobs.smartrecruiters.com/BoschGroup/744000150273619","https://careerkit.me/api/apply?src=github-dach&company=bosch-group&url=https%3A%2F%2Fjobs.smartrecruiters.com%2FBoschGroup%2F744000150273619"
"Bosch Group","Praktikum: Leistungsanalyse und Optimierung der Python-basierten Verifikation für C++-Modelle (w/m/div.)","Praktikum","Other DACH","Kusterdingen, BW, Germany","2026-09-17T12:44:28.845Z","https://jobs.smartrecruiters.com/BoschGroup/744000150101409","https://careerkit.me/api/apply?src=github-dach&company=bosch-group&url=https%3A%2F%2Fjobs.smartrecruiters.com%2FBoschGroup%2F744000150101409"
"Bosch Group","Praktikum im Bereich Sondermaschinenbau, Mechatronik, Konstruktion","Praktikum","Other DACH","Immenstadt im Allgäu, BY, Germany","2026-09-17T12:38:44.075Z","https://jobs.smartrecruiters.com/BoschGroup/744000150099714","https://careerkit.me/api/apply?src=github-dach&company=bosch-group&url=https%3A%2F%2Fjobs.smartrecruiters.com%2FBoschGroup%2F744000150099714"
"Bosch Group","Praktikum Akustische Charakterisierung von MEMS","Praktikum","Other DACH","Kusterdingen, BW, Germany","2026-09-17T09:31:16.021Z","https://jobs.smartrecruiters.com/BoschGroup/744000150056589","https://careerkit.me/api/apply?src=github-dach&company=bosch-group&url=https%3A%2F%2Fjobs.smartrecruiters.com%2FBoschGroup%2F744000150056589"
"Bosch Group","Praktikum im Bereich Materialfeldeinkauf","Praktikum","Other DACH","Lohr am Main, BY, Germany","2026-09-17T05:02:23.770Z","https://jobs.smartrecruiters.com/BoschGroup/744000150008697","https://careerkit.me/api/apply?src=github-dach&company=bosch-group&url=https%3A%2F%2Fjobs.smartrecruiters.com%2FBoschGroup%2F744000150008697"
"Bosch Group","Mandatory Internship Model Based Systems Engineering","Praktikum","Other DACH","Wernau (Neckar), BW, Germany","2026-09-16T13:45:29.891Z","https://jobs.smartrecruiters.com/BoschGroup/744000149868802","https://careerkit.me/api/apply?src=github-dach&company=bosch-group&url=https%3A%2F%2Fjobs.smartrecruiters.com%2FBoschGroup%2F744000149868802"
"Bosch Group","Pflichtpraktikum Model Based Systems Engineering","Praktikum","Other DACH","Wernau (Neckar), BW, Germany","2026-09-16T13:44:51.292Z","https://jobs.smartrecruiters.com/BoschGroup/744000149873704","https://careerkit.me/api/apply?src=github-dach&company=bosch-group&url=https%3A%2F%2Fjobs.smartrecruiters.com%2FBoschGroup%2F744000149873704"
"Bosch Group","Pflichtpraktikum Data Engineering & Data Analytics im Akustik-Testing","Praktikum","Other DACH","Bühlertal, BW, Germany","2026-09-16T12:58:22.784Z","https://jobs.smartrecruiters.com/BoschGroup/744000149861229","https://careerkit.me/api/apply?src=github-dach&company=bosch-group&url=https%3A%2F%2Fjobs.smartrecruiters.com%2FBoschGroup%2F744000149861229"
"Bosch Group","Pflichtpraktikum im Lean Management","Praktikum","Other DACH","Bühl, BW, Germany","2026-09-16T11:14:10.396Z","https://jobs.smartrecruiters.com/BoschGroup/744000149838109","https://careerkit.me/api/apply?src=github-dach&company=bosch-group&url=https%3A%2F%2Fjobs.smartrecruiters.com%2FBoschGroup%2F744000149838109"
"Bosch Group","Pflichtpraktikum in der Entwicklung - Versuche und Prozesse","Praktikum","Other DACH","Schwäbisch Gmünd, BW, Germany","2026-09-16T09:07:46.860Z","https://jobs.smartrecruiters.com/BoschGroup/744000149807720","https://careerkit.me/api/apply?src=github-dach&company=bosch-group&url=https%3A%2F%2Fjobs.smartrecruiters.com%2FBoschGroup%2F744000149807720"
"Bosch Group","Internship – Design Sustainable Packaging REF296423S","Praktikum","Other DACH","Solothurn/Zuchwil, , Switzerland","2026-09-16T14:53:13.103Z","https://jobs.smartrecruiters.com/BoschGroup/744000149893909","https://careerkit.me/api/apply?src=github-dach&company=bosch-group&url=https%3A%2F%2Fjobs.smartrecruiters.com%2FBoschGroup%2F744000149893909"
"Bosch Group","Praktikum im Produktmanagement (w/m/d) REF296253F","Praktikum","Other DACH","Frauenfeld, TG, Switzerland","2026-09-15T06:30:37.015Z","https://jobs.smartrecruiters.com/BoschGroup/744000149510369","https://careerkit.me/api/apply?src=github-dach&company=bosch-group&url=https%3A%2F%2Fjobs.smartrecruiters.com%2FBoschGroup%2F744000149510369"
"Bosch Group","Praktikum Logistics Warehouse Management","Praktikum","Other DACH","Kusterdingen, BW, Germany","2026-09-14T12:12:07.304Z","https://jobs.smartrecruiters.com/BoschGroup/744000149315349","https://careerkit.me/api/apply?src=github-dach&company=bosch-group&url=https%3A%2F%2Fjobs.smartrecruiters.com%2FBoschGroup%2F744000149315349"
"Bosch Group","Praktikum in Personalmanagement","Praktikum","Other DACH","Reutlingen, BW, Germany","2026-09-11T10:33:57.084Z","https://jobs.smartrecruiters.com/BoschGroup/744000148985020","https://careerkit.me/api/apply?src=github-dach&company=bosch-group&url=https%3A%2F%2Fjobs.smartrecruiters.com%2FBoschGroup%2F744000148985020"
"Bosch Group","Pflichtpraktikum in HR Personalentwicklung und Skill Management","Praktikum","Other DACH","Hildesheim, NDS, Germany","2026-09-11T09:57:46.777Z","https://jobs.smartrecruiters.com/BoschGroup/744000148978099","https://careerkit.me/api/apply?src=github-dach&company=bosch-group&url=https%3A%2F%2Fjobs.smartrecruiters.com%2FBoschGroup%2F744000148978099"
"Bosch Group","Internship Industrial IoT Devices","Praktikum","Other DACH","Abstatt, BW, Germany","2026-09-11T09:21:57.857Z","https://jobs.smartrecruiters.com/BoschGroup/744000148967575","https://careerkit.me/api/apply?src=github-dach&company=bosch-group&url=https%3A%2F%2Fjobs.smartrecruiters.com%2FBoschGroup%2F744000148967575"
"Bosch Group","Pflichtpraktikum im Bereich Controlling","Praktikum","Other DACH","Salzgitter, NI, Germany","2026-09-11T08:37:28.999Z","https://jobs.smartrecruiters.com/BoschGroup/744000148957885","https://careerkit.me/api/apply?src=github-dach&company=bosch-group&url=https%3A%2F%2Fjobs.smartrecruiters.com%2FBoschGroup%2F744000148957885"
"Bosch Group","Praktikum in der internationalen Fertigungskoordination im Bereich der Bosch Bremssysteme","Praktikum","Other DACH","Immenstadt im Allgäu, BY, Germany","2026-09-11T05:08:44.886Z","https://jobs.smartrecruiters.com/BoschGroup/744000148923429","https://careerkit.me/api/apply?src=github-dach&company=bosch-group&url=https%3A%2F%2Fjobs.smartrecruiters.com%2FBoschGroup%2F744000148923429"
"Bosch Group","Pflichtpraktikum in der Aus- und Weiterbildung","Praktikum","Other DACH","Salzgitter, NDS, Germany","2026-09-10T11:07:52.660Z","https://jobs.smartrecruiters.com/BoschGroup/744000148742810","https://careerkit.me/api/apply?src=github-dach&company=bosch-group&url=https%3A%2F%2Fjobs.smartrecruiters.com%2FBoschGroup%2F744000148742810"
"Bosch Group","Internship 3D Scene Editing and Generation","Praktikum","Other DACH","Hildesheim, NDS, Germany","2026-09-10T10:13:04.252Z","https://jobs.smartrecruiters.com/BoschGroup/744000148728704","https://careerkit.me/api/apply?src=github-dach&company=bosch-group&url=https%3A%2F%2Fjobs.smartrecruiters.com%2FBoschGroup%2F744000148728704"
"Bosch Group","Praktikum Controlling, Projektmanagement & SAP S/4 HANA","Praktikum","Other DACH","Lohr am Main, BY, Germany","2026-09-10T05:05:38.132Z","https://jobs.smartrecruiters.com/BoschGroup/744000148672629","https://careerkit.me/api/apply?src=github-dach&company=bosch-group&url=https%3A%2F%2Fjobs.smartrecruiters.com%2FBoschGroup%2F744000148672629"
"Bosch Group","Pflichtpraktikum im Bereich Fertigungsplanung Stanztechnik","Praktikum","Other DACH","Waiblingen, BW, Germany","2026-09-09T13:15:23.932Z","https://jobs.smartrecruiters.com/BoschGroup/744000148503779","https://careerkit.me/api/apply?src=github-dach&company=bosch-group&url=https%3A%2F%2Fjobs.smartrecruiters.com%2FBoschGroup%2F744000148503779"
"Bosch Group","Pflichtpraktikum in der Fertigungslogistik","Praktikum","Other DACH","Salzgitter, NDS, Germany","2026-09-09T09:57:35.487Z","https://jobs.smartrecruiters.com/BoschGroup/744000148459499","https://careerkit.me/api/apply?src=github-dach&company=bosch-group&url=https%3A%2F%2Fjobs.smartrecruiters.com%2FBoschGroup%2F744000148459499"
"Bosch Group","Pflichtpraktikum im Bereich Software-Tool-Entwicklung","Praktikum","Other DACH","Schwieberdingen, BW, Germany","2026-09-09T09:28:30.497Z","https://jobs.smartrecruiters.com/BoschGroup/744000148452909","https://careerkit.me/api/apply?src=github-dach&company=bosch-group&url=https%3A%2F%2Fjobs.smartrecruiters.com%2FBoschGroup%2F744000148452909"
"Bosch Group","Pflichtpraktikum Automatisierung Operative Logistik","Praktikum","Other DACH","Bühl, BW, Germany","2026-09-09T05:53:09.764Z","https://jobs.smartrecruiters.com/BoschGroup/744000148411819","https://careerkit.me/api/apply?src=github-dach&company=bosch-group&url=https%3A%2F%2Fjobs.smartrecruiters.com%2FBoschGroup%2F744000148411819"
"Bosch Group","Pflichtpraktikum in der Logistikplanung - Steuerung und Koordination von globalen Lieferketten","Praktikum","Other DACH","Bühl, BW, Germany","2026-09-08T10:31:50.421Z","https://jobs.smartrecruiters.com/BoschGroup/744000148196429","https://careerkit.me/api/apply?src=github-dach&company=bosch-group&url=https%3A%2F%2Fjobs.smartrecruiters.com%2FBoschGroup%2F744000148196429"
"Bosch Group","Praktikum Technische Funktionen im Fertigungswerk","Praktikum","Other DACH","Lohr am Main, BY, Germany","2026-09-08T09:59:23.443Z","https://jobs.smartrecruiters.com/BoschGroup/744000148187320","https://careerkit.me/api/apply?src=github-dach&company=bosch-group&url=https%3A%2F%2Fjobs.smartrecruiters.com%2FBoschGroup%2F744000148187320"
"Bosch Group","Praktikum in der Entwicklung - Aufbau einer Wirkungsgraddatenbank","Praktikum","Other DACH","Horb am Neckar, BW, Germany","2026-09-08T09:28:26.555Z","https://jobs.smartrecruiters.com/BoschGroup/744000148182414","https://careerkit.me/api/apply?src=github-dach&company=bosch-group&url=https%3A%2F%2Fjobs.smartrecruiters.com%2FBoschGroup%2F744000148182414"
"Bosch Group","Pflichtpraktikum in der Digitalisierung & Automatisierung (physische Logistik)","Praktikum","Other DACH","Salzgitter, NDS, Germany","2026-09-08T07:50:34.929Z","https://jobs.smartrecruiters.com/BoschGroup/744000148159329","https://careerkit.me/api/apply?src=github-dach&company=bosch-group&url=https%3A%2F%2Fjobs.smartrecruiters.com%2FBoschGroup%2F744000148159329"
"Bosch Group","Pflichtpraktikum im Bereich Logistik","Praktikum","Other DACH","Salzgitter, NDS, Germany","2026-09-08T07:40:37.310Z","https://jobs.smartrecruiters.com/BoschGroup/744000148156729","https://careerkit.me/api/apply?src=github-dach&company=bosch-group&url=https%3A%2F%2Fjobs.smartrecruiters.com%2FBoschGroup%2F744000148156729"
"Bosch Group","Praktikum im Bereich Projektleitung Produktionsmanagement","Praktikum","Other DACH","Waiblingen, BW, Germany","2026-09-08T07:08:15.530Z","https://jobs.smartrecruiters.com/BoschGroup/744000148149629","https://careerkit.me/api/apply?src=github-dach&company=bosch-group&url=https%3A%2F%2Fjobs.smartrecruiters.com%2FBoschGroup%2F744000148149629"
"Bosch Group","Pflichtpraktikum im Bereich Applikation Steuergeräte im Fahrzeug","Praktikum","Other DACH","Schwieberdingen, BW, Germany","2026-09-07T14:40:06.957Z","https://jobs.smartrecruiters.com/BoschGroup/744000147958599","https://careerkit.me/api/apply?src=github-dach&company=bosch-group&url=https%3A%2F%2Fjobs.smartrecruiters.com%2FBoschGroup%2F744000147958599"
"Bosch Group","Praktikum Softwareentwicklung und Datenanalyse","Praktikum","Other DACH","Ansbach, Mittelfranken, Germany","2026-09-07T10:04:12.136Z","https://jobs.smartrecruiters.com/BoschGroup/744000147895909","https://careerkit.me/api/apply?src=github-dach&company=bosch-group&url=https%3A%2F%2Fjobs.smartrecruiters.com%2FBoschGroup%2F744000147895909"
"Bosch Group","Praktikum Elektrotechnik, hardwarenahe Softwareentwicklung auf embedded Systems","Praktikum","Other DACH","Ansbach, Mittelfranken, Germany","2026-09-07T09:52:36.254Z","https://jobs.smartrecruiters.com/BoschGroup/744000147892629","https://careerkit.me/api/apply?src=github-dach&company=bosch-group&url=https%3A%2F%2Fjobs.smartrecruiters.com%2FBoschGroup%2F744000147892629"
"Bosch Group","Praktikum Preventive Quality Management","Praktikum","Other DACH","Immenstadt im Allgäu, BY, Germany","2026-09-04T11:28:15.834Z","https://jobs.smartrecruiters.com/BoschGroup/744000147485474","https://careerkit.me/api/apply?src=github-dach&company=bosch-group&url=https%3A%2F%2Fjobs.smartrecruiters.com%2FBoschGroup%2F744000147485474"
"Bosch Group","Pflichtpraktikum Simultaneous Engineering","Praktikum","Other DACH","Salzgitter, NDS, Germany","2026-09-04T09:38:54.944Z","https://jobs.smartrecruiters.com/BoschGroup/744000147467179","https://careerkit.me/api/apply?src=github-dach&company=bosch-group&url=https%3A%2F%2Fjobs.smartrecruiters.com%2FBoschGroup%2F744000147467179"
"Bosch Group","Praktikum Controlling","Praktikum","Other DACH","Ansbach, Mittelfranken, Germany","2026-09-04T08:02:40.970Z","https://jobs.smartrecruiters.com/BoschGroup/744000147441239","https://careerkit.me/api/apply?src=github-dach&company=bosch-group&url=https%3A%2F%2Fjobs.smartrecruiters.com%2FBoschGroup%2F744000147441239"
"Bosch Group","Praktikum Beschaffungsplanung in der Logistik (Supply Chain)","Praktikum","Other DACH","Ansbach, Mittelfranken, Germany","2026-09-04T08:01:27.314Z","https://jobs.smartrecruiters.com/BoschGroup/744000147439805","https://careerkit.me/api/apply?src=github-dach&company=bosch-group&url=https%3A%2F%2Fjobs.smartrecruiters.com%2FBoschGroup%2F744000147439805"
"Bosch Group","Praktikum in Digital Order Management","Praktikum","Other DACH","Lohr am Main, BY, Germany","2026-09-04T07:49:49.814Z","https://jobs.smartrecruiters.com/BoschGroup/744000147437759","https://careerkit.me/api/apply?src=github-dach&company=bosch-group&url=https%3A%2F%2Fjobs.smartrecruiters.com%2FBoschGroup%2F744000147437759"
"Bosch Group","Pflichtpraktikum Kommunikation & Transformation in der Elektromobilität","Praktikum","Other DACH","Schwieberdingen, BW, Germany","2026-09-03T08:41:36.063Z","https://jobs.smartrecruiters.com/BoschGroup/744000147191629","https://careerkit.me/api/apply?src=github-dach&company=bosch-group&url=https%3A%2F%2Fjobs.smartrecruiters.com%2FBoschGroup%2F744000147191629"
"Bosch Group","Praktikum im Bereich Change-, Kommunikations- und Trainingsmanagement","Praktikum","Other DACH","Wernau (Neckar), BW, Germany","2026-09-02T09:14:26.601Z","https://jobs.smartrecruiters.com/BoschGroup/744000146931144","https://careerkit.me/api/apply?src=github-dach&company=bosch-group&url=https%3A%2F%2Fjobs.smartrecruiters.com%2FBoschGroup%2F744000146931144"
"Bosch Group","Praktikum im Projektcontrolling","Praktikum","Other DACH","Hildesheim, NDS, Germany","2026-09-02T09:04:21.123Z","https://jobs.smartrecruiters.com/BoschGroup/744000146931576","https://careerkit.me/api/apply?src=github-dach&company=bosch-group&url=https%3A%2F%2Fjobs.smartrecruiters.com%2FBoschGroup%2F744000146931576"
"Bosch Group","Pflichtpraktikum im Bereich Werkscontrolling","Praktikum","Other DACH","Waiblingen, BW, Germany","2026-09-02T08:30:25.265Z","https://jobs.smartrecruiters.com/BoschGroup/744000146923516","https://careerkit.me/api/apply?src=github-dach&company=bosch-group&url=https%3A%2F%2Fjobs.smartrecruiters.com%2FBoschGroup%2F744000146923516"
"Bosch Group","Pflichtpraktikum im Bereich Operational Excellence in der Fertigung","Praktikum","Other DACH","Bühl, BW, Germany","2026-09-02T08:15:49.935Z","https://jobs.smartrecruiters.com/BoschGroup/744000146918390","https://careerkit.me/api/apply?src=github-dach&company=bosch-group&url=https%3A%2F%2Fjobs.smartrecruiters.com%2FBoschGroup%2F744000146918390"
"Bosch Group","Pflichtpraktikum in der Werkslogistik – Logistikplanung","Praktikum","Other DACH","Salzgitter, NI, Germany","2026-09-02T06:31:45.205Z","https://jobs.smartrecruiters.com/BoschGroup/744000146898589","https://careerkit.me/api/apply?src=github-dach&company=bosch-group&url=https%3A%2F%2Fjobs.smartrecruiters.com%2FBoschGroup%2F744000146898589"
"Bosch Group","Praktikum Verpackungsentwicklung / Supply Chain Management","Praktikum","Other DACH","Reutlingen, BW, Germany","2026-09-02T05:48:18.297Z","https://jobs.smartrecruiters.com/BoschGroup/744000146893359","https://careerkit.me/api/apply?src=github-dach&company=bosch-group&url=https%3A%2F%2Fjobs.smartrecruiters.com%2FBoschGroup%2F744000146893359"
"Bosch Group","Praktikum – Produkt- und Projektmanagement REF295388E","Praktikum","Other DACH","Solothurn/Zuchwil, SO, Switzerland","2026-09-02T06:49:17.776Z","https://jobs.smartrecruiters.com/BoschGroup/744000146901714","https://careerkit.me/api/apply?src=github-dach&company=bosch-group&url=https%3A%2F%2Fjobs.smartrecruiters.com%2FBoschGroup%2F744000146901714"
"Bosch Group","Internship – International Production Planning REF295427G","Praktikum","Other DACH","Solothurn/Zuchwil, SO, Switzerland","2026-09-02T06:48:26.793Z","https://jobs.smartrecruiters.com/BoschGroup/744000146902159","https://careerkit.me/api/apply?src=github-dach&company=bosch-group&url=https%3A%2F%2Fjobs.smartrecruiters.com%2FBoschGroup%2F744000146902159"
"Bosch Group","Praktikum im Supply Chain Management","Praktikum","Other DACH","Reutlingen, BW, Germany","2026-09-01T08:46:05.535Z","https://jobs.smartrecruiters.com/BoschGroup/744000146653500","https://careerkit.me/api/apply?src=github-dach&company=bosch-group&url=https%3A%2F%2Fjobs.smartrecruiters.com%2FBoschGroup%2F744000146653500"
"Bosch Group","Praktikum im Bereich eBike System - Produktmanagement","Praktikum","Other DACH","Reutlingen, BW, Germany","2026-09-01T06:03:44.848Z","https://jobs.smartrecruiters.com/BoschGroup/744000146620859","https://careerkit.me/api/apply?src=github-dach&company=bosch-group&url=https%3A%2F%2Fjobs.smartrecruiters.com%2FBoschGroup%2F744000146620859"
"Bosch Group","Praktikum im Einkauf (w/m/d) REF295276U","Praktikum","Other DACH","Frauenfeld, TG, Switzerland","2026-08-31T08:15:50.138Z","https://jobs.smartrecruiters.com/BoschGroup/744000146416819","https://careerkit.me/api/apply?src=github-dach&company=bosch-group&url=https%3A%2F%2Fjobs.smartrecruiters.com%2FBoschGroup%2F744000146416819"
"Bosch Group","Pflichtpraktikum im Controlling – Schwerpunkt BU-Strategie & Digitalisierung (w/m/div.)","Praktikum","Other DACH","Schwäbisch Gmünd, BW, Germany","2026-08-27T11:29:21.423Z","https://jobs.smartrecruiters.com/BoschGroup/744000145959909","https://careerkit.me/api/apply?src=github-dach&company=bosch-group&url=https%3A%2F%2Fjobs.smartrecruiters.com%2FBoschGroup%2F744000145959909"
"Bosch Group","Mandatory Internship Controlling - Focus BU Strategy & Digitalization","Praktikum","Other DACH","Schwäbisch Gmünd, BW, Germany","2026-08-27T11:28:54.674Z","https://jobs.smartrecruiters.com/BoschGroup/744000145959789","https://careerkit.me/api/apply?src=github-dach&company=bosch-group&url=https%3A%2F%2Fjobs.smartrecruiters.com%2FBoschGroup%2F744000145959789"
"Bosch Group","Pflichtpraktikum Data Engineering – CAD-Visualisierung","Praktikum","Other DACH","Renningen, BW, Germany","2026-08-27T06:06:52.782Z","https://jobs.smartrecruiters.com/BoschGroup/744000145898759","https://careerkit.me/api/apply?src=github-dach&company=bosch-group&url=https%3A%2F%2Fjobs.smartrecruiters.com%2FBoschGroup%2F744000145898759"
"Bosch Group","Mandatory Internship in the international Sales Team for Mercedes-Benz","Praktikum","Other DACH","Leonberg, BW, Germany","2026-08-26T12:07:21.797Z","https://jobs.smartrecruiters.com/BoschGroup/744000145724319","https://careerkit.me/api/apply?src=github-dach&company=bosch-group&url=https%3A%2F%2Fjobs.smartrecruiters.com%2FBoschGroup%2F744000145724319"
"Bosch Group","Pflichtpraktikum im Sales Customer Team bei Mercedes-Benz Automotive (w/m/div.)","Praktikum","Other DACH","Leonberg, BW, Germany","2026-08-26T11:33:53.353Z","https://jobs.smartrecruiters.com/BoschGroup/744000145717159","https://careerkit.me/api/apply?src=github-dach&company=bosch-group&url=https%3A%2F%2Fjobs.smartrecruiters.com%2FBoschGroup%2F744000145717159"
"Bosch Group","Praktikum UX/UI & AI Design für Digital Logistics Solutions","Praktikum","Other DACH","Reutlingen, BW, Germany","2026-08-26T04:18:41.661Z","https://jobs.smartrecruiters.com/BoschGroup/744000145651839","https://careerkit.me/api/apply?src=github-dach&company=bosch-group&url=https%3A%2F%2Fjobs.smartrecruiters.com%2FBoschGroup%2F744000145651839"
"Bosch Group","Pflichtpraktikum in Business Development mit Fokus auf strategisches Partnermanagement","Praktikum","Other DACH","Bietigheim-Bissingen, BW, Germany","2026-08-25T11:36:22.419Z","https://jobs.smartrecruiters.com/BoschGroup/744000145486687","https://careerkit.me/api/apply?src=github-dach&company=bosch-group&url=https%3A%2F%2Fjobs.smartrecruiters.com%2FBoschGroup%2F744000145486687"
"Bosch Group","Pflichtpraktikum in der Führungskräfteentwicklung","Praktikum","Other DACH","Gerlingen, BW, Germany","2026-08-25T08:50:40.011Z","https://jobs.smartrecruiters.com/BoschGroup/744000145456088","https://careerkit.me/api/apply?src=github-dach&company=bosch-group&url=https%3A%2F%2Fjobs.smartrecruiters.com%2FBoschGroup%2F744000145456088"
"Bosch Group","Pflichtpraktikum im Aufbau und in der Untersuchung von Einpresstechnik in Leiterplatten","Praktikum","Other DACH","Schwieberdingen, BW, Germany","2026-08-25T08:09:56.302Z","https://jobs.smartrecruiters.com/BoschGroup/744000145446057","https://careerkit.me/api/apply?src=github-dach&company=bosch-group&url=https%3A%2F%2Fjobs.smartrecruiters.com%2FBoschGroup%2F744000145446057"
"Bosch Group","Praktikum in der Logistikplanung","Praktikum","Other DACH","Ludwigsburg, BW, Germany","2026-08-25T08:03:29.818Z","https://jobs.smartrecruiters.com/BoschGroup/744000145446099","https://careerkit.me/api/apply?src=github-dach&company=bosch-group&url=https%3A%2F%2Fjobs.smartrecruiters.com%2FBoschGroup%2F744000145446099"
"Bosch Group","Pflichtpraktikum im strategischen Einkauf für Drehteile (w/m/div.)","Praktikum","Other DACH","Bietigheim-Bissingen, BW, Germany","2026-08-21T08:27:05.846Z","https://jobs.smartrecruiters.com/BoschGroup/744000144712579","https://careerkit.me/api/apply?src=github-dach&company=bosch-group&url=https%3A%2F%2Fjobs.smartrecruiters.com%2FBoschGroup%2F744000144712579"
"Bosch Group","Mandatory Internship in the Strategic Purchasing for Turned Parts","Praktikum","Other DACH","Bietigheim-Bissingen, BW, Germany","2026-08-21T08:26:37.339Z","https://jobs.smartrecruiters.com/BoschGroup/744000144712529","https://careerkit.me/api/apply?src=github-dach&company=bosch-group&url=https%3A%2F%2Fjobs.smartrecruiters.com%2FBoschGroup%2F744000144712529"
"Bosch Group","Internship in the Strategic Purchasing for Turned Parts","Praktikum","Other DACH","Elchingen, BY, Germany","2026-08-21T08:23:13.754Z","https://jobs.smartrecruiters.com/BoschGroup/744000144711789","https://careerkit.me/api/apply?src=github-dach&company=bosch-group&url=https%3A%2F%2Fjobs.smartrecruiters.com%2FBoschGroup%2F744000144711789"
"Bosch Group","Praktikum im strategischen Einkauf für Drehteile (w/m/div.)","Praktikum","Other DACH","Elchingen, BY, Germany","2026-08-21T08:21:04.025Z","https://jobs.smartrecruiters.com/BoschGroup/744000144711369","https://careerkit.me/api/apply?src=github-dach&company=bosch-group&url=https%3A%2F%2Fjobs.smartrecruiters.com%2FBoschGroup%2F744000144711369"
"Bosch Group","Praktikum in der Entwicklung für Reinigung und Oberflächentechnologie","Praktikum","Other DACH","Reutlingen, BW, Germany","2026-08-18T07:48:46.459Z","https://jobs.smartrecruiters.com/BoschGroup/744000144003759","https://careerkit.me/api/apply?src=github-dach&company=bosch-group&url=https%3A%2F%2Fjobs.smartrecruiters.com%2FBoschGroup%2F744000144003759"
"Bosch Group","Praktikum in Support, Abwicklung & Standortthemen","Praktikum","Other DACH","Wetzlar, HE, Germany","2026-08-17T13:40:07.382Z","https://jobs.smartrecruiters.com/BoschGroup/744000143838839","https://careerkit.me/api/apply?src=github-dach&company=bosch-group&url=https%3A%2F%2Fjobs.smartrecruiters.com%2FBoschGroup%2F744000143838839"
"Bosch Group","Pflichtpraktikum Customer Strategy & Experience – Technisches Akquisitionsmanagement (w/m/div.)","Praktikum","Other DACH","Leonberg, BW, Germany","2026-08-17T12:51:00.265Z","https://jobs.smartrecruiters.com/BoschGroup/744000143821990","https://careerkit.me/api/apply?src=github-dach&company=bosch-group&url=https%3A%2F%2Fjobs.smartrecruiters.com%2FBoschGroup%2F744000143821990"
"Bosch Group","Mandatory Internship Customer Strategy & Experience - Technical Acquisition Management","Praktikum","Other DACH","Leonberg, BW, Germany","2026-08-17T12:50:12.060Z","https://jobs.smartrecruiters.com/BoschGroup/744000143821556","https://careerkit.me/api/apply?src=github-dach&company=bosch-group&url=https%3A%2F%2Fjobs.smartrecruiters.com%2FBoschGroup%2F744000143821556"
"Bosch Group","Pflichtpraktikum in der Personalabteilung (m/w/div.)","Praktikum","Other DACH","Waiblingen, BW, Germany","2026-08-12T06:51:48.357Z","https://jobs.smartrecruiters.com/BoschGroup/744000143034605","https://careerkit.me/api/apply?src=github-dach&company=bosch-group&url=https%3A%2F%2Fjobs.smartrecruiters.com%2FBoschGroup%2F744000143034605"
"Bosch Group","Pflichtpraktikum im Bereich Human Resources","Praktikum","Other DACH","Schweinfurt, BY, Germany","2026-08-11T10:41:40.687Z","https://jobs.smartrecruiters.com/BoschGroup/744000142843355","https://careerkit.me/api/apply?src=github-dach&company=bosch-group&url=https%3A%2F%2Fjobs.smartrecruiters.com%2FBoschGroup%2F744000142843355"
"Bosch Group","Praktikum in der Kundenauftragsabwicklung und Programmplanung","Praktikum","Other DACH","Haßfurt, BY, Germany","2026-08-11T06:03:57.221Z","https://jobs.smartrecruiters.com/BoschGroup/744000142792529","https://careerkit.me/api/apply?src=github-dach&company=bosch-group&url=https%3A%2F%2Fjobs.smartrecruiters.com%2FBoschGroup%2F744000142792529"
"Bosch Group","Praktikum im Bereich KI & Digital Transformation im Projektmanagement","Praktikum","Other DACH","Lohr am Main, BY, Germany","2026-08-11T05:25:54.802Z","https://jobs.smartrecruiters.com/BoschGroup/744000142789009","https://careerkit.me/api/apply?src=github-dach&company=bosch-group&url=https%3A%2F%2Fjobs.smartrecruiters.com%2FBoschGroup%2F744000142789009"
"Bosch Group","Pflichtpraktikum in der Werkstoffentwicklung Metal Injection Molding - 3D-Binderjetting","Praktikum","Other DACH","Immenstadt im Allgäu, BY, Germany","2026-08-10T10:22:10.065Z","https://jobs.smartrecruiters.com/BoschGroup/744000142605509","https://careerkit.me/api/apply?src=github-dach&company=bosch-group&url=https%3A%2F%2Fjobs.smartrecruiters.com%2FBoschGroup%2F744000142605509"
"Bosch Group","Praktikum in der Logistik - Data & Analytics","Praktikum","Other DACH","Lohr am Main, BY, Germany","2026-08-06T12:57:19.253Z","https://jobs.smartrecruiters.com/BoschGroup/744000141914929","https://careerkit.me/api/apply?src=github-dach&company=bosch-group&url=https%3A%2F%2Fjobs.smartrecruiters.com%2FBoschGroup%2F744000141914929"
"Bosch Group","Pflichtpraktikum in der Personalabteilung – Aus- und Weiterbildung","Praktikum","Other DACH","Schweinfurt, BY, Germany","2026-08-06T12:19:29.722Z","https://jobs.smartrecruiters.com/BoschGroup/744000141906212","https://careerkit.me/api/apply?src=github-dach&company=bosch-group&url=https%3A%2F%2Fjobs.smartrecruiters.com%2FBoschGroup%2F744000141906212"
"Bosch Group","Pflichtpraktikum im Bereich neuartiger By-Wire-Lenksysteme","Praktikum","Other DACH","Renningen, BW, Germany","2026-08-06T05:41:30.541Z","https://jobs.smartrecruiters.com/BoschGroup/744000141843119","https://careerkit.me/api/apply?src=github-dach&company=bosch-group&url=https%3A%2F%2Fjobs.smartrecruiters.com%2FBoschGroup%2F744000141843119"
"Bosch Group","Praktikum im Bereich Einkauf - Elektronik","Praktikum","Other DACH","Wernau (Neckar), BW, Germany","2026-08-05T11:37:01.197Z","https://jobs.smartrecruiters.com/BoschGroup/744000141698999","https://careerkit.me/api/apply?src=github-dach&company=bosch-group&url=https%3A%2F%2Fjobs.smartrecruiters.com%2FBoschGroup%2F744000141698999"
"Bosch Group","Praktikum New Business und Prozessmanagement","Praktikum","Other DACH","Murrhardt, BW, Germany","2026-08-05T08:42:27.279Z","https://jobs.smartrecruiters.com/BoschGroup/744000141665619","https://careerkit.me/api/apply?src=github-dach&company=bosch-group&url=https%3A%2F%2Fjobs.smartrecruiters.com%2FBoschGroup%2F744000141665619"
"Bosch Group","Praktikum im Business Digital Office - IT-Kostenmanagement und Interne Kommunikation","Praktikum","Other DACH","Hildesheim, NDS, Germany","2026-08-05T07:01:32.417Z","https://jobs.smartrecruiters.com/BoschGroup/744000141648779","https://careerkit.me/api/apply?src=github-dach&company=bosch-group&url=https%3A%2F%2Fjobs.smartrecruiters.com%2FBoschGroup%2F744000141648779"
"Bosch Group","Pflichtpraktikum in der Full-Stack-Entwicklung zur Release-Automatisierung von Embedded-Middleware-Software im Automobilbereich (w/m/div.)","Praktikum","Other DACH","Abstatt, BW, Germany","2026-08-04T12:21:07.144Z","https://jobs.smartrecruiters.com/BoschGroup/744000141479585","https://careerkit.me/api/apply?src=github-dach&company=bosch-group&url=https%3A%2F%2Fjobs.smartrecruiters.com%2FBoschGroup%2F744000141479585"
"Bosch Group","Mandatory Internship Full-Stack Development for Release Automation of Automotive Embedded Middleware Software","Praktikum","Other DACH","Abstatt, BW, Germany","2026-08-04T12:20:50.724Z","https://jobs.smartrecruiters.com/BoschGroup/744000141476667","https://careerkit.me/api/apply?src=github-dach&company=bosch-group&url=https%3A%2F%2Fjobs.smartrecruiters.com%2FBoschGroup%2F744000141476667"
"Bosch Group","Praktikum im Bereich technisches Marketing (Technical Content Creation)","Praktikum","Other DACH","Schwäbisch Gmünd, BW, Germany","2026-08-04T11:09:46.117Z","https://jobs.smartrecruiters.com/BoschGroup/744000141466979","https://careerkit.me/api/apply?src=github-dach&company=bosch-group&url=https%3A%2F%2Fjobs.smartrecruiters.com%2FBoschGroup%2F744000141466979"
"Bosch Group","Praktikum Produktions- und Logistikmanagement","Praktikum","Other DACH","Reutlingen, BW, Germany","2026-08-03T09:34:12.927Z","https://jobs.smartrecruiters.com/BoschGroup/744000141217076","https://careerkit.me/api/apply?src=github-dach&company=bosch-group&url=https%3A%2F%2Fjobs.smartrecruiters.com%2FBoschGroup%2F744000141217076"
"Bosch Group","Praktikum in der Technologieentwicklung – KI-basierte Sensorauswertung","Praktikum","Other DACH","Reutlingen, BW, Germany","2026-07-31T12:36:27.388Z","https://jobs.smartrecruiters.com/BoschGroup/744000140897752","https://careerkit.me/api/apply?src=github-dach&company=bosch-group&url=https%3A%2F%2Fjobs.smartrecruiters.com%2FBoschGroup%2F744000140897752"
"Bosch Group","Pflichtpraktikum im Eventmanagement","Praktikum","Other DACH","Leinfelden-Echterdingen, BW, Germany","2026-07-31T07:02:50.276Z","https://jobs.smartrecruiters.com/BoschGroup/744000140836010","https://careerkit.me/api/apply?src=github-dach&company=bosch-group&url=https%3A%2F%2Fjobs.smartrecruiters.com%2FBoschGroup%2F744000140836010"
"Bosch Group","Pflichtpraktikum in der Logistik und Fertigungssteuerung","Praktikum","Other DACH","Schweinfurt, BY, Germany","2026-07-31T07:01:07.644Z","https://jobs.smartrecruiters.com/BoschGroup/744000140835809","https://careerkit.me/api/apply?src=github-dach&company=bosch-group&url=https%3A%2F%2Fjobs.smartrecruiters.com%2FBoschGroup%2F744000140835809"
"Bosch Group","Praktikum im Bereich NVH/ Akustik Simulation von Axialkolbeneinheiten","Praktikum","Other DACH","Horb am Neckar, BW, Germany","2026-07-29T10:59:49.653Z","https://jobs.smartrecruiters.com/BoschGroup/744000140436780","https://careerkit.me/api/apply?src=github-dach&company=bosch-group&url=https%3A%2F%2Fjobs.smartrecruiters.com%2FBoschGroup%2F744000140436780"
"Bosch Group","Pflichtpraktikum im Bereich Human Resources - Personalentwicklung und Mitarbeiterbetreuung","Praktikum","Other DACH","Bühl, BW, Germany","2026-07-29T07:46:53.839Z","https://jobs.smartrecruiters.com/BoschGroup/744000140398912","https://careerkit.me/api/apply?src=github-dach&company=bosch-group&url=https%3A%2F%2Fjobs.smartrecruiters.com%2FBoschGroup%2F744000140398912"
"Bosch Group","Pflichtpraktikum in der Fertigungsplanung ESP","Praktikum","Other DACH","Bühl, BW, Germany","2026-07-27T13:16:53.294Z","https://jobs.smartrecruiters.com/BoschGroup/744000140005184","https://careerkit.me/api/apply?src=github-dach&company=bosch-group&url=https%3A%2F%2Fjobs.smartrecruiters.com%2FBoschGroup%2F744000140005184"
"Bosch Group","Pflichtpraktikum in der Automatisierung der Prozessentwicklung mit agentischer KI in der Fertigung (w/m/div.)","Praktikum","Other DACH","Renningen, BW, Germany","2026-07-15T08:00:40.337Z","https://jobs.smartrecruiters.com/BoschGroup/744000137824828","https://careerkit.me/api/apply?src=github-dach&company=bosch-group&url=https%3A%2F%2Fjobs.smartrecruiters.com%2FBoschGroup%2F744000137824828"
"Bosch Group","Praktikum Social Media & Marketing – Two-Wheeler & Powersports","Praktikum","Other DACH","Abstatt, BW, Germany","2026-07-15T07:53:00.558Z","https://jobs.smartrecruiters.com/BoschGroup/744000137823259","https://careerkit.me/api/apply?src=github-dach&company=bosch-group&url=https%3A%2F%2Fjobs.smartrecruiters.com%2FBoschGroup%2F744000137823259"
"Bosch Group","Pflichtpraktikum Change Management für Digitale Transformation","Praktikum","Other DACH","Reutlingen, BW, Germany","2026-07-14T13:00:10.060Z","https://jobs.smartrecruiters.com/BoschGroup/744000137660523","https://careerkit.me/api/apply?src=github-dach&company=bosch-group&url=https%3A%2F%2Fjobs.smartrecruiters.com%2FBoschGroup%2F744000137660523"
"Bosch Group","Praktikum in der Kundenplanung","Praktikum","Other DACH","Elchingen, BY, Germany","2026-07-13T04:55:19.842Z","https://jobs.smartrecruiters.com/BoschGroup/744000137364579","https://careerkit.me/api/apply?src=github-dach&company=bosch-group&url=https%3A%2F%2Fjobs.smartrecruiters.com%2FBoschGroup%2F744000137364579"
"Bosch Group","Pflichtpraktikum - UX in der Digitalen Transformation","Praktikum","Other DACH","Reutlingen, BW, Germany","2026-07-09T12:10:43.954Z","https://jobs.smartrecruiters.com/BoschGroup/744000136804010","https://careerkit.me/api/apply?src=github-dach&company=bosch-group&url=https%3A%2F%2Fjobs.smartrecruiters.com%2FBoschGroup%2F744000136804010"
"Bosch Group","Pflichtpraktikum Logistik - Schwerpunkt Data & Analytics","Praktikum","Other DACH","Immenstadt im Allgäu, BY, Germany","2026-07-08T12:16:01.129Z","https://jobs.smartrecruiters.com/BoschGroup/744000136455353","https://careerkit.me/api/apply?src=github-dach&company=bosch-group&url=https%3A%2F%2Fjobs.smartrecruiters.com%2FBoschGroup%2F744000136455353"
"Bosch Group","Pflichtpraktikum im Bereich Technischer Service / Instandhaltung","Praktikum","Other DACH","Bühl, BW, Germany","2026-07-07T11:01:49.467Z","https://jobs.smartrecruiters.com/BoschGroup/744000136200339","https://careerkit.me/api/apply?src=github-dach&company=bosch-group&url=https%3A%2F%2Fjobs.smartrecruiters.com%2FBoschGroup%2F744000136200339"
"Bosch Group","Praktikum Strategische Organisationsentwicklung und Change Management","Praktikum","Other DACH","Lohr am Main, BY, Germany","2026-07-07T08:54:38.712Z","https://jobs.smartrecruiters.com/BoschGroup/744000136174158","https://careerkit.me/api/apply?src=github-dach&company=bosch-group&url=https%3A%2F%2Fjobs.smartrecruiters.com%2FBoschGroup%2F744000136174158"
"Bosch Group","Pflichtpraktikum Product Compliance and Environment, Health and Safety","Praktikum","Other DACH","Würzburg, BY, Germany","2026-07-06T12:14:09.582Z","https://jobs.smartrecruiters.com/BoschGroup/744000135991630","https://careerkit.me/api/apply?src=github-dach&company=bosch-group&url=https%3A%2F%2Fjobs.smartrecruiters.com%2FBoschGroup%2F744000135991630"
"Bosch Group","Pflichtpraktikum HR Digital Content Management","Praktikum","Other DACH","Gerlingen, BW, Germany","2026-07-06T10:26:20.611Z","https://jobs.smartrecruiters.com/BoschGroup/744000135969050","https://careerkit.me/api/apply?src=github-dach&company=bosch-group&url=https%3A%2F%2Fjobs.smartrecruiters.com%2FBoschGroup%2F744000135969050"
"Bosch Group","Praktikum Versuche und Berechnungen im Bereich Wälzermüdung und Tribologie","Praktikum","Other DACH","Renningen, BW, Germany","2026-07-03T12:41:43.097Z","https://jobs.smartrecruiters.com/BoschGroup/744000135725022","https://careerkit.me/api/apply?src=github-dach&company=bosch-group&url=https%3A%2F%2Fjobs.smartrecruiters.com%2FBoschGroup%2F744000135725022"
"Bosch Group","Praktikum im Bereich Sales & Market Intelligence","Praktikum","Other DACH","Lohr am Main, BY, Germany","2026-07-02T03:23:13.055Z","https://jobs.smartrecruiters.com/BoschGroup/744000135406429","https://careerkit.me/api/apply?src=github-dach&company=bosch-group&url=https%3A%2F%2Fjobs.smartrecruiters.com%2FBoschGroup%2F744000135406429"
"Bosch Group","Praktikum Data & AI Solutions im industriellen Sondermaschinenbau","Praktikum","Other DACH","Immenstadt im Allgäu, BY, Germany","2026-07-01T05:19:21.702Z","https://jobs.smartrecruiters.com/BoschGroup/744000135168409","https://careerkit.me/api/apply?src=github-dach&company=bosch-group&url=https%3A%2F%2Fjobs.smartrecruiters.com%2FBoschGroup%2F744000135168409"
"Bosch Group","Praktikum im Sondermaschinenbau","Praktikum","Other DACH","Immenstadt im Allgäu, BY, Germany","2026-07-01T04:34:57.173Z","https://jobs.smartrecruiters.com/BoschGroup/744000135165389","https://careerkit.me/api/apply?src=github-dach&company=bosch-group&url=https%3A%2F%2Fjobs.smartrecruiters.com%2FBoschGroup%2F744000135165389"
"Bosch Group","Praktikum in der Entwicklung eines Simulations-Tools zur Optimierung der Dynamik und Akustik in Hydrostaten","Praktikum","Other DACH","Horb am Neckar, BW, Germany","2026-06-30T13:32:39.509Z","https://jobs.smartrecruiters.com/BoschGroup/744000135018834","https://careerkit.me/api/apply?src=github-dach&company=bosch-group&url=https%3A%2F%2Fjobs.smartrecruiters.com%2FBoschGroup%2F744000135018834"
"Bosch Group","Pflichtpraktikum für Digitalisierungsprojekte im Fertigungsumfeld","Praktikum","Other DACH","Immenstadt im Allgäu, BY, Germany","2026-06-30T10:35:01.973Z","https://jobs.smartrecruiters.com/BoschGroup/744000134982764","https://careerkit.me/api/apply?src=github-dach&company=bosch-group&url=https%3A%2F%2Fjobs.smartrecruiters.com%2FBoschGroup%2F744000134982764"
"Bosch Group","Pflichtpraktikum in Media Relations","Praktikum","Other DACH","Gerlingen, BW, Germany","2026-06-29T15:24:54.578Z","https://jobs.smartrecruiters.com/BoschGroup/744000134825889","https://careerkit.me/api/apply?src=github-dach&company=bosch-group&url=https%3A%2F%2Fjobs.smartrecruiters.com%2FBoschGroup%2F744000134825889"
"Bosch Group","Pflichtpraktikum in der Entwicklung von DC- und EC-Motoren für elektrische Bremsregelsysteme","Praktikum","Other DACH","Bühl, BW, Germany","2026-06-29T12:58:35.416Z","https://jobs.smartrecruiters.com/BoschGroup/744000134786239","https://careerkit.me/api/apply?src=github-dach&company=bosch-group&url=https%3A%2F%2Fjobs.smartrecruiters.com%2FBoschGroup%2F744000134786239"
"Bosch Group","Praktikum in der Fertigungsplanung - Montage, Hydraulische Prüfung, Lackieren","Praktikum","Other DACH","Elchingen, BY, Germany","2026-06-26T10:41:29.429Z","https://jobs.smartrecruiters.com/BoschGroup/744000134444186","https://careerkit.me/api/apply?src=github-dach&company=bosch-group&url=https%3A%2F%2Fjobs.smartrecruiters.com%2FBoschGroup%2F744000134444186"
"Bosch Group","Pflichtpraktikum im Bereich Konzernstrategie","Praktikum","Other DACH","Gerlingen, BW, Germany","2026-06-19T08:16:30.936Z","https://jobs.smartrecruiters.com/BoschGroup/744000133013224","https://careerkit.me/api/apply?src=github-dach&company=bosch-group&url=https%3A%2F%2Fjobs.smartrecruiters.com%2FBoschGroup%2F744000133013224"
"Bosch Group","Praktikum in der Technologieentwicklung","Praktikum","Other DACH","Elchingen, BY, Germany","2026-06-18T09:40:37.635Z","https://jobs.smartrecruiters.com/BoschGroup/744000132819605","https://careerkit.me/api/apply?src=github-dach&company=bosch-group&url=https%3A%2F%2Fjobs.smartrecruiters.com%2FBoschGroup%2F744000132819605"
"Bosch Group","Mandatory Internship in Automation of Process Development with Agentic AI in Manufacturing","Praktikum","Other DACH","Renningen, BW, Germany","2026-06-17T09:08:51.325Z","https://jobs.smartrecruiters.com/BoschGroup/744000132590903","https://careerkit.me/api/apply?src=github-dach&company=bosch-group&url=https%3A%2F%2Fjobs.smartrecruiters.com%2FBoschGroup%2F744000132590903"
"Bosch Group","Pflichtpraktikum Logistik","Praktikum","Other DACH","Immenstadt im Allgäu, BY, Germany","2026-06-11T10:16:53.238Z","https://jobs.smartrecruiters.com/BoschGroup/744000131636512","https://careerkit.me/api/apply?src=github-dach&company=bosch-group&url=https%3A%2F%2Fjobs.smartrecruiters.com%2FBoschGroup%2F744000131636512"
"Bosch Group","Praktikum Lean-Management - Bosch Produktionssystem","Praktikum","Other DACH","Lohr am Main, BY, Germany","2026-06-10T10:00:22.773Z","https://jobs.smartrecruiters.com/BoschGroup/744000131415599","https://careerkit.me/api/apply?src=github-dach&company=bosch-group&url=https%3A%2F%2Fjobs.smartrecruiters.com%2FBoschGroup%2F744000131415599"
"Bosch Group","Praktikum im Bereich Werkslogistik Informationsfluss - remote möglich","Praktikum","Other DACH","Lohr am Main, BY, Germany","2026-06-09T12:04:07.336Z","https://jobs.smartrecruiters.com/BoschGroup/744000131126209","https://careerkit.me/api/apply?src=github-dach&company=bosch-group&url=https%3A%2F%2Fjobs.smartrecruiters.com%2FBoschGroup%2F744000131126209"
"Bosch Group","Pflichtpraktikum im Bereich Social Media und digitale Kommunikation","Praktikum","Other DACH","Schwieberdingen, BW, Germany","2026-06-04T08:46:08.793Z","https://jobs.smartrecruiters.com/BoschGroup/744000130169080","https://careerkit.me/api/apply?src=github-dach&company=bosch-group&url=https%3A%2F%2Fjobs.smartrecruiters.com%2FBoschGroup%2F744000130169080"
"Bosch Group","Praktikum im Einkauf eBike - Projektmanagement","Praktikum","Other DACH","Reutlingen, BW, Germany","2026-05-29T09:33:46.655Z","https://jobs.smartrecruiters.com/BoschGroup/744000129131619","https://careerkit.me/api/apply?src=github-dach&company=bosch-group&url=https%3A%2F%2Fjobs.smartrecruiters.com%2FBoschGroup%2F744000129131619"
"Bosch Group","Pflichtpraktikum in der Unternehmenskommunikation mit Schwerpunkt Redaktion","Praktikum","Other DACH","Renningen, BW, Germany","2026-05-29T09:09:16.621Z","https://jobs.smartrecruiters.com/BoschGroup/744000129126850","https://careerkit.me/api/apply?src=github-dach&company=bosch-group&url=https%3A%2F%2Fjobs.smartrecruiters.com%2FBoschGroup%2F744000129126850"
"Bosch Group","Pflichtpraktikum in der Fertigungsplanung","Praktikum","Other DACH","Bietigheim-Bissingen, BW, Germany","2026-05-28T08:12:51.843Z","https://jobs.smartrecruiters.com/BoschGroup/744000128884461","https://careerkit.me/api/apply?src=github-dach&company=bosch-group&url=https%3A%2F%2Fjobs.smartrecruiters.com%2FBoschGroup%2F744000128884461"
"Bosch Group","Praktikum Hydraulic Power Steering - Wind-Down","Praktikum","Other DACH","Schwäbisch Gmünd, BW, Germany","2026-05-26T12:00:38.274Z","https://jobs.smartrecruiters.com/BoschGroup/744000128473269","https://careerkit.me/api/apply?src=github-dach&company=bosch-group&url=https%3A%2F%2Fjobs.smartrecruiters.com%2FBoschGroup%2F744000128473269"
"Bosch Group","Pflichtpraktikum im Bereich Fahrzeugtest - Fahrerassistenzsysteme","Praktikum","Other DACH","Renningen, BW, Germany","2026-05-21T09:34:22.757Z","https://jobs.smartrecruiters.com/BoschGroup/744000127625449","https://careerkit.me/api/apply?src=github-dach&company=bosch-group&url=https%3A%2F%2Fjobs.smartrecruiters.com%2FBoschGroup%2F744000127625449"
"Bosch Group","Pflichtpraktikum im Human Resources","Praktikum","Other DACH","Schwieberdingen, BW, Germany","2026-05-12T09:20:26.366Z","https://jobs.smartrecruiters.com/BoschGroup/744000126032800","https://careerkit.me/api/apply?src=github-dach&company=bosch-group&url=https%3A%2F%2Fjobs.smartrecruiters.com%2FBoschGroup%2F744000126032800"
"Bosch Group","Praktikum oder Masterarbeit im Bereich Modellierung und Simulation von Hochdruck Hydraulikpumpen","Praktikum","Other DACH","Horb am Neckar, BW, Germany","2026-05-12T08:35:13.338Z","https://jobs.smartrecruiters.com/BoschGroup/744000126023569","https://careerkit.me/api/apply?src=github-dach&company=bosch-group&url=https%3A%2F%2Fjobs.smartrecruiters.com%2FBoschGroup%2F744000126023569"
"Bosch Group","Praktikum in der Entwicklung von Luft-Wasser-Wärmepumpen","Praktikum","Other DACH","Wernau (Neckar), BW, Germany","2026-05-08T05:34:27.092Z","https://jobs.smartrecruiters.com/BoschGroup/744000125259459","https://careerkit.me/api/apply?src=github-dach&company=bosch-group&url=https%3A%2F%2Fjobs.smartrecruiters.com%2FBoschGroup%2F744000125259459"
"Bosch Group","Pflichtpraktikum in der Entwicklung und Konstruktion","Praktikum","Other DACH","Bietigheim-Bissingen, , Germany","2026-05-05T12:59:30.103Z","https://jobs.smartrecruiters.com/BoschGroup/744000124642375","https://careerkit.me/api/apply?src=github-dach&company=bosch-group&url=https%3A%2F%2Fjobs.smartrecruiters.com%2FBoschGroup%2F744000124642375"
"Bosch Group","Pflichtpraktikum im Operativen Sicherheitsmanagement","Praktikum","Other DACH","Renningen, BW, Germany","2026-04-23T08:11:52.061Z","https://jobs.smartrecruiters.com/BoschGroup/744000122399669","https://careerkit.me/api/apply?src=github-dach&company=bosch-group&url=https%3A%2F%2Fjobs.smartrecruiters.com%2FBoschGroup%2F744000122399669"
"Bosch Group","Praktikum im Bereich Standortkommunikation/interne und externe Kommunikation","Praktikum","Other DACH","Eisenach, TH, Germany","2026-04-21T05:37:04.119Z","https://jobs.smartrecruiters.com/BoschGroup/744000121940337","https://careerkit.me/api/apply?src=github-dach&company=bosch-group&url=https%3A%2F%2Fjobs.smartrecruiters.com%2FBoschGroup%2F744000121940337"
"CH Media","Praktikum Berufsvorbereitungsjahr (BVJ) Olten 2026","Praktikum","Other DACH","Derendingen, Solothurn, Schweiz","2025-06-30 15:22:56 UTC","https://chmedia.recruitee.com/o/praktikum-berufsvorbereitungsjahr-bvj-olten-2026","https://careerkit.me/api/apply?src=github-dach&company=ch-media&url=https%3A%2F%2Fchmedia.recruitee.com%2Fo%2Fpraktikum-berufsvorbereitungsjahr-bvj-olten-2026"
"Citi","Markets – Sales and Trading, Internship, Mexico City, Mexico 2027","Praktikum","Other DACH","THE SUMMIT - CIUDAD DE MEXICO","2026-08-28T09:54:18.897Z","https://citi.wd5.myworkdayjobs.com/2/job/THE-SUMMIT---CIUDAD-DE-MEXICO/Markets---Sales-and-Trading--Internship--Mexico-City--Mexico-2027_26983640","https://careerkit.me/api/apply?src=github-dach&company=citi&url=https%3A%2F%2Fciti.wd5.myworkdayjobs.com%2F2%2Fjob%2FTHE-SUMMIT---CIUDAD-DE-MEXICO%2FMarkets---Sales-and-Trading--Internship--Mexico-City--Mexico-2027_26983640"
"Continental","Praktikum - HR Ausbildung, Recruiting & Personalentwicklung - REF98048S","Praktikum","Other DACH","Korbach, HE, Germany","2026-09-16T09:20:42.789Z","https://jobs.smartrecruiters.com/continental/744000149814489","https://careerkit.me/api/apply?src=github-dach&company=continental&url=https%3A%2F%2Fjobs.smartrecruiters.com%2Fcontinental%2F744000149814489"
"Continental","Praktikum - Design & Trend Research – Fokus Oberflächen / CMF - REF87309N","Praktikum","Other DACH","Weißbach, BW, Germany","2026-07-23T14:18:42.788Z","https://jobs.smartrecruiters.com/continental/744000139301289","https://careerkit.me/api/apply?src=github-dach&company=continental&url=https%3A%2F%2Fjobs.smartrecruiters.com%2Fcontinental%2F744000139301289"
"Continental","Pflichtpraktikum - Vertrieb / Sales - REF95665X","Praktikum","Other DACH","Weißbach, BW, Germany","2026-05-11T07:54:37.337Z","https://jobs.smartrecruiters.com/continental/744000125768214","https://careerkit.me/api/apply?src=github-dach&company=continental&url=https%3A%2F%2Fjobs.smartrecruiters.com%2Fcontinental%2F744000125768214"
"Drees & Sommer SE","Praktikant (w/m/d) Facility Management Gebäudetechnik","Praktikum","Other DACH","Erfurt, TH, Germany","2026-05-26T08:23:37.687Z","https://jobs.smartrecruiters.com/DreesSommerSE/744000128424079","https://careerkit.me/api/apply?src=github-dach&company=drees-sommer-se&url=https%3A%2F%2Fjobs.smartrecruiters.com%2FDreesSommerSE%2F744000128424079"
"Eurofins","(Schüler-) Praktikum für den Ausbildungsberuf Chemielaborant/in (m/w/d)","Praktikum","Other DACH","Niefern-Öschelbronn, BW, Germany","2026-06-26T06:21:46.686Z","https://jobs.smartrecruiters.com/eurofins/744000134401169","https://careerkit.me/api/apply?src=github-dach&company=eurofins&url=https%3A%2F%2Fjobs.smartrecruiters.com%2Feurofins%2F744000134401169"
"Eurofins","Initiativbewerbung Praktikum Tübingen Umweltanalytik (m/w/d)","Praktikum","Other DACH","Tübingen, BW, Germany","2026-06-19T07:33:00.150Z","https://jobs.smartrecruiters.com/eurofins/744000133006018","https://careerkit.me/api/apply?src=github-dach&company=eurofins&url=https%3A%2F%2Fjobs.smartrecruiters.com%2Feurofins%2F744000133006018"
"Eurofins","Initiativbewerbung Praktikum Umweltanalytik (m/w/d)","Praktikum","Other DACH","Deutschlandweit, , Germany","2024-12-13T09:14:42.224Z","https://jobs.smartrecruiters.com/eurofins/744000031674069","https://careerkit.me/api/apply?src=github-dach&company=eurofins&url=https%3A%2F%2Fjobs.smartrecruiters.com%2Feurofins%2F744000031674069"
"Ferring Pharmaceuticals","Initiativbewerbung als Praktikant (m/w/d)","Praktikum","Other DACH","Kiel, Germany","2026-08-26T09:54:02.422Z","https://ferring.wd3.myworkdayjobs.com/Ferring/job/Kiel-Germany/Initiativbewerbung-als-Praktikant---m-w-d-_R0015514","https://careerkit.me/api/apply?src=github-dach&company=ferring-pharmaceuticals&url=https%3A%2F%2Fferring.wd3.myworkdayjobs.com%2FFerring%2Fjob%2FKiel-Germany%2FInitiativbewerbung-als-Praktikant---m-w-d-_R0015514"
"Flyability","Firmware Engineer Intern","Praktikum","Other DACH","Paudex, Switzerland","2026-09-17","https://apply.workable.com/j/A2776F2614","https://careerkit.me/api/apply?src=github-dach&company=flyability&url=https%3A%2F%2Fapply.workable.com%2Fj%2FA2776F2614"
"Gerresheimer","Praktikum Personalabteilung (m/w/d) - Schwerpunkt Talent & Performance Management","Praktikum","Other DACH","Bünde, North Rhine-Westphalia, Germany","2026-09-21T07:56:50.776Z","https://jobs.smartrecruiters.com/gerresheimer/744000150622109","https://careerkit.me/api/apply?src=github-dach&company=gerresheimer&url=https%3A%2F%2Fjobs.smartrecruiters.com%2Fgerresheimer%2F744000150622109"
"Gerresheimer","Praktikant (m/w/d) Personalabteilung","Praktikum","Other DACH","Bünde, North Rhine-Westphalia, Germany","2026-09-21T07:56:14.327Z","https://jobs.smartrecruiters.com/gerresheimer/744000150620350","https://careerkit.me/api/apply?src=github-dach&company=gerresheimer&url=https%3A%2F%2Fjobs.smartrecruiters.com%2Fgerresheimer%2F744000150620350"
"Gerresheimer","Praktikum Digitalisierung & Product Data Management (PDM/PLM) (m/w/d)","Praktikum","Other DACH","Wackersdorf, Bavaria, Germany","2026-08-26T15:10:04.256Z","https://jobs.smartrecruiters.com/gerresheimer/744000145770879","https://careerkit.me/api/apply?src=github-dach&company=gerresheimer&url=https%3A%2F%2Fjobs.smartrecruiters.com%2Fgerresheimer%2F744000145770879"
"Gerresheimer","Praktikum IT-Security / Cybersecurity – Sichere Entwicklungsumgebung (m/w/d)","Praktikum","Other DACH","Wackersdorf, Bavaria, Germany","2026-08-17T14:07:24.657Z","https://jobs.smartrecruiters.com/gerresheimer/744000143845915","https://careerkit.me/api/apply?src=github-dach&company=gerresheimer&url=https%3A%2F%2Fjobs.smartrecruiters.com%2Fgerresheimer%2F744000143845915"
"Gerresheimer","Praktikum - Produktmanagement / Portfolio Management - Medizintechnik (m/w/d)","Praktikum","Other DACH","Wackersdorf, Bavaria, Germany","2026-08-17T09:11:21.027Z","https://jobs.smartrecruiters.com/gerresheimer/744000143780529","https://careerkit.me/api/apply?src=github-dach&company=gerresheimer&url=https%3A%2F%2Fjobs.smartrecruiters.com%2Fgerresheimer%2F744000143780529"
"Gerresheimer","Schülerpraktikum im technischen Bereich (m/w/d)","Praktikum","Other DACH","Wackersdorf, Bavaria, Germany","2026-04-09T09:14:47.328Z","https://jobs.smartrecruiters.com/gerresheimer/744000119556107","https://careerkit.me/api/apply?src=github-dach&company=gerresheimer&url=https%3A%2F%2Fjobs.smartrecruiters.com%2Fgerresheimer%2F744000119556107"
"Gerresheimer","Praktikanten (m/w/d)","Praktikum","Other DACH","Tettau, BY, Germany","2025-03-24T14:37:21.735Z","https://jobs.smartrecruiters.com/gerresheimer/744000049574596","https://careerkit.me/api/apply?src=github-dach&company=gerresheimer&url=https%3A%2F%2Fjobs.smartrecruiters.com%2Fgerresheimer%2F744000049574596"
"Gerresheimer","Praktika/Werkstudierende/Abschlussarbeiten (m/w/d)","Praktikum","Other DACH","Wackersdorf, BY, Germany","2025-01-12T10:39:30.157Z","https://jobs.smartrecruiters.com/gerresheimer/744000035992755","https://careerkit.me/api/apply?src=github-dach&company=gerresheimer&url=https%3A%2F%2Fjobs.smartrecruiters.com%2Fgerresheimer%2F744000035992755"
"Hitachi","Internship in Foundation Models and Optimization for Power Grids 80 - 100% (f/m/d)","Praktikum","Other DACH","Baden-Daettwil, Aargau, Switzerland","2026-09-23T09:54:30.043Z","https://hitachi.wd1.myworkdayjobs.com/hitachi/job/Baden-Daettwil-Aargau-Switzerland/Internship-in-Foundation-Models-and-Optimization-for-Power-Grids-80---100---f-m-d-_R0145074","https://careerkit.me/api/apply?src=github-dach&company=hitachi&url=https%3A%2F%2Fhitachi.wd1.myworkdayjobs.com%2Fhitachi%2Fjob%2FBaden-Daettwil-Aargau-Switzerland%2FInternship-in-Foundation-Models-and-Optimization-for-Power-Grids-80---100---f-m-d-_R0145074"
"Hitachi","Internship in Semiconductor Packaging 80 - 100% (f/m/d)","Praktikum","Other DACH","Baden-Daettwil, Aargau, Switzerland","2026-08-26T09:54:30.043Z","https://hitachi.wd1.myworkdayjobs.com/hitachi/job/Baden-Daettwil-Aargau-Switzerland/Internship-in-Semiconductor-Packaging-80---100---f-m-d-_R0135453","https://careerkit.me/api/apply?src=github-dach&company=hitachi&url=https%3A%2F%2Fhitachi.wd1.myworkdayjobs.com%2Fhitachi%2Fjob%2FBaden-Daettwil-Aargau-Switzerland%2FInternship-in-Semiconductor-Packaging-80---100---f-m-d-_R0135453"
"Hitachi","Internship in IT Onsite Support 80 - 100% (f/m/d)","Praktikum","Other DACH","Baden, Aargau, Switzerland","2026-08-26T09:54:30.043Z","https://hitachi.wd1.myworkdayjobs.com/hitachi/job/Baden-Aargau-Switzerland/Internship-in-IT-Onsite-Support-80---100---f-m-d-_R0130540","https://careerkit.me/api/apply?src=github-dach&company=hitachi&url=https%3A%2F%2Fhitachi.wd1.myworkdayjobs.com%2Fhitachi%2Fjob%2FBaden-Aargau-Switzerland%2FInternship-in-IT-Onsite-Support-80---100---f-m-d-_R0130540"
"Hitachi","Internship in Reliability Testing for SiC-based Power Semiconductors 80 - 100% (f/m/d)","Praktikum","Other DACH","Baden-Daettwil, Aargau, Switzerland","2026-08-26T09:54:30.043Z","https://hitachi.wd1.myworkdayjobs.com/hitachi/job/Baden-Daettwil-Aargau-Switzerland/Internship-in-Reliability-Testing-for-SiC-based-Power-Semiconductors-80---100---f-m-d-_R0139255","https://careerkit.me/api/apply?src=github-dach&company=hitachi&url=https%3A%2F%2Fhitachi.wd1.myworkdayjobs.com%2Fhitachi%2Fjob%2FBaden-Daettwil-Aargau-Switzerland%2FInternship-in-Reliability-Testing-for-SiC-based-Power-Semiconductors-80---100---f-m-d-_R0139255"
"Infront","Praktikant (gn) zur Unterstützung im Bereich Partnerships - Team SV Sandhausen","Praktikum","Other DACH","Sandhausen, DE","2026-08-18T15:54:54+02:00","https://infrontsportsmediaag.teamtailor.com/jobs/8236519-praktikant-gn-zur-unterstutzung-im-bereich-partnerships-team-sv-sandhausen","https://careerkit.me/api/apply?src=github-dach&company=infront&url=https%3A%2F%2Finfrontsportsmediaag.teamtailor.com%2Fjobs%2F8236519-praktikant-gn-zur-unterstutzung-im-bereich-partnerships-team-sv-sandhausen"
"Intuitive","Schülerpraktikum – Feinoptik & Technisches Produktdesign (m/w/d)","Praktikum","Other DACH","Biebertal, HE, Germany","2026-09-16T12:19:51.406Z","https://jobs.smartrecruiters.com/intuitive/744000149851649","https://careerkit.me/api/apply?src=github-dach&company=intuitive&url=https%3A%2F%2Fjobs.smartrecruiters.com%2Fintuitive%2F744000149851649"
"Isar Aerospace","Launch Vehicle Intern (f/m/d)","Praktikum","Other DACH","Ottobrunn, Bavaria, Germany","2026-09-15T10:41:05-04:00","https://job-boards.eu.greenhouse.io/isaraerospace/jobs/4976916101","https://careerkit.me/api/apply?src=github-dach&company=isar-aerospace&url=https%3A%2F%2Fjob-boards.eu.greenhouse.io%2Fisaraerospace%2Fjobs%2F4976916101"
"Isar Aerospace","Talent Acquisition - 6 months Internship (m/f/d)","Praktikum","Other DACH","Parsdorf, Bavaria, Germany","2026-09-07T11:54:46-04:00","https://job-boards.eu.greenhouse.io/isaraerospace/jobs/4970106101","https://careerkit.me/api/apply?src=github-dach&company=isar-aerospace&url=https%3A%2F%2Fjob-boards.eu.greenhouse.io%2Fisaraerospace%2Fjobs%2F4970106101"
"Johnson & Johnson / Janssen","Data Science & Process Modeling Intern","Praktikum","Other DACH","Schaffhausen, Switzerland","2026-09-25T09:54:19.435Z","https://jj.wd5.myworkdayjobs.com/JJ/job/Schaffhausen-Switzerland/Data-Science---Process-Modeling-Intern_R-101009","https://careerkit.me/api/apply?src=github-dach&company=johnson-johnson-janssen&url=https%3A%2F%2Fjj.wd5.myworkdayjobs.com%2FJJ%2Fjob%2FSchaffhausen-Switzerland%2FData-Science---Process-Modeling-Intern_R-101009"
"Johnson & Johnson / Janssen","Supply Planning Intern","Praktikum","Other DACH","Zuchwil, Switzerland","2026-09-11T09:54:19.435Z","https://jj.wd5.myworkdayjobs.com/JJ/job/Zuchwil-Switzerland/Supply-Planning-Intern_R-097725","https://careerkit.me/api/apply?src=github-dach&company=johnson-johnson-janssen&url=https%3A%2F%2Fjj.wd5.myworkdayjobs.com%2FJJ%2Fjob%2FZuchwil-Switzerland%2FSupply-Planning-Intern_R-097725"
"Johnson & Johnson / Janssen","Pharmazeut im Praktikum 2028","Praktikum","Other DACH","Neuss, North Rhine-Westphalia, Germany","2026-08-31T09:54:19.435Z","https://jj.wd5.myworkdayjobs.com/JJ/job/Neuss-North-Rhine-Westphalia-Germany/Pharmazeut-im-Praktikum-2028_R-095000","https://careerkit.me/api/apply?src=github-dach&company=johnson-johnson-janssen&url=https%3A%2F%2Fjj.wd5.myworkdayjobs.com%2FJJ%2Fjob%2FNeuss-North-Rhine-Westphalia-Germany%2FPharmazeut-im-Praktikum-2028_R-095000"
"Johnson & Johnson / Janssen","Pharmazeut (m/w/d) im Praktikum","Praktikum","Other DACH","Neuss, North Rhine-Westphalia, Germany","2026-08-26T09:54:19.435Z","https://jj.wd5.myworkdayjobs.com/JJ/job/Neuss-North-Rhine-Westphalia-Germany/Pharmazeut--m-w-d--im-Praktikum_R-055837","https://careerkit.me/api/apply?src=github-dach&company=johnson-johnson-janssen&url=https%3A%2F%2Fjj.wd5.myworkdayjobs.com%2FJJ%2Fjob%2FNeuss-North-Rhine-Westphalia-Germany%2FPharmazeut--m-w-d--im-Praktikum_R-055837"
"Kernkraftwerk Leibstadt","SOG: Kaufmännisches Jahrespraktikum ab 01. Februar 2027 (w/m/d)","Praktikum","Other DACH","Leibstadt, CH","2026-08-06T12:05:03+02:00","https://kernkraftwerkleibstadtag.teamtailor.com/jobs/8181142-sog-kaufmaennisches-jahrespraktikum-ab-01-februar-2027-w-m-d","https://careerkit.me/api/apply?src=github-dach&company=kernkraftwerk-leibstadt&url=https%3A%2F%2Fkernkraftwerkleibstadtag.teamtailor.com%2Fjobs%2F8181142-sog-kaufmaennisches-jahrespraktikum-ab-01-februar-2027-w-m-d"
"Konecranes","Schülerpraktikum am Standort Uslar","Praktikum","Other DACH","Uslar, NIEDERSACHSEN, Germany","2026-09-03T07:53:47.640Z","https://jobs.smartrecruiters.com/Konecranes/744000147173438","https://careerkit.me/api/apply?src=github-dach&company=konecranes&url=https%3A%2F%2Fjobs.smartrecruiters.com%2FKonecranes%2F744000147173438"
"Konecranes","Praktikum am Standort Wetter (Ruhr)","Praktikum","Other DACH","Wetter, , Germany","2026-07-17T09:10:36.791Z","https://jobs.smartrecruiters.com/Konecranes/744000138285019","https://careerkit.me/api/apply?src=github-dach&company=konecranes&url=https%3A%2F%2Fjobs.smartrecruiters.com%2FKonecranes%2F744000138285019"
"Lindt & Sprüngli","Praktikant*in Controlling (1 Jahr befristet)","Praktikum","Other DACH","Kilchberg, Switzerland","2026-09-07T09:54:24.455Z","https://lindtspruengli.wd103.myworkdayjobs.com/LindtSpruengliGroupCareers/job/Kilchberg-Switzerland/Praktikant-in-Controlling--1-Jahr-befristet-_JR101189-1","https://careerkit.me/api/apply?src=github-dach&company=lindt-spruengli&url=https%3A%2F%2Flindtspruengli.wd103.myworkdayjobs.com%2FLindtSpruengliGroupCareers%2Fjob%2FKilchberg-Switzerland%2FPraktikant-in-Controlling--1-Jahr-befristet-_JR101189-1"
"Lonza","Internship IBEX MSAT Validation 80-100% (m/w/d)","Praktikum","Other DACH","CH - Visp","2026-09-24T09:54:33.172Z","https://lonza.wd3.myworkdayjobs.com/Lonza_Careers/job/CH---Visp/Internship-IBEX-MSAT-Validation-80-100---m-w-d-_R79405","https://careerkit.me/api/apply?src=github-dach&company=lonza&url=https%3A%2F%2Flonza.wd3.myworkdayjobs.com%2FLonza_Careers%2Fjob%2FCH---Visp%2FInternship-IBEX-MSAT-Validation-80-100---m-w-d-_R79405"
"Lonza","Intern Quality Control Bioanalytics 80-100%","Praktikum","Other DACH","CH - Visp","2026-09-23T09:54:33.172Z","https://lonza.wd3.myworkdayjobs.com/Lonza_Careers/job/CH---Visp/Intern-Quality-Control-Bioanalytics-80-100-_R79338","https://careerkit.me/api/apply?src=github-dach&company=lonza&url=https%3A%2F%2Flonza.wd3.myworkdayjobs.com%2FLonza_Careers%2Fjob%2FCH---Visp%2FIntern-Quality-Control-Bioanalytics-80-100-_R79338"
"Lonza","Intern QC Small Molecules 80-100%","Praktikum","Other DACH","CH - Visp","2026-09-11T09:54:33.172Z","https://lonza.wd3.myworkdayjobs.com/Lonza_Careers/job/CH---Visp/Intern--QC-Small-Molecules-80-100-_R79335","https://careerkit.me/api/apply?src=github-dach&company=lonza&url=https%3A%2F%2Flonza.wd3.myworkdayjobs.com%2FLonza_Careers%2Fjob%2FCH---Visp%2FIntern--QC-Small-Molecules-80-100-_R79335"
"Lonza","Praktikum im Bereich Umgebungsmonitoring 80-100% (m/w/d)","Praktikum","Other DACH","CH - Visp","2026-09-10T09:54:33.172Z","https://lonza.wd3.myworkdayjobs.com/Lonza_Careers/job/CH---Visp/Praktikum-im-Bereich-Umgebungsmonitoring-80-100---m-w-d-_R79240","https://careerkit.me/api/apply?src=github-dach&company=lonza&url=https%3A%2F%2Flonza.wd3.myworkdayjobs.com%2FLonza_Careers%2Fjob%2FCH---Visp%2FPraktikum-im-Bereich-Umgebungsmonitoring-80-100---m-w-d-_R79240"
"Lonza","Praktikum Quality Control 80-100% (m/w/d)","Praktikum","Other DACH","CH - Visp","2026-09-07T09:54:33.172Z","https://lonza.wd3.myworkdayjobs.com/Lonza_Careers/job/CH---Visp/Praktikum-QC-Referenzstandards-80-100-_R78779","https://careerkit.me/api/apply?src=github-dach&company=lonza&url=https%3A%2F%2Flonza.wd3.myworkdayjobs.com%2FLonza_Careers%2Fjob%2FCH---Visp%2FPraktikum-QC-Referenzstandards-80-100-_R78779"
"Lonza","Praktikant Gerätequalifizierung QC 80-100% (m/w/d)","Praktikum","Other DACH","CH - Visp","2026-09-03T09:54:33.172Z","https://lonza.wd3.myworkdayjobs.com/Lonza_Careers/job/CH---Visp/Praktikant-Gertequalifizierung-QC-80-100---m-w-d-_R78973","https://careerkit.me/api/apply?src=github-dach&company=lonza&url=https%3A%2F%2Flonza.wd3.myworkdayjobs.com%2FLonza_Careers%2Fjob%2FCH---Visp%2FPraktikant-Gertequalifizierung-QC-80-100---m-w-d-_R78973"
"Lonza","Internship Analytical Development 80-100%","Praktikum","Other DACH","CH - Visp","2026-09-02T09:54:33.172Z","https://lonza.wd3.myworkdayjobs.com/Lonza_Careers/job/CH---Visp/Internship-Analytical-Development-80-100-_R79122","https://careerkit.me/api/apply?src=github-dach&company=lonza&url=https%3A%2F%2Flonza.wd3.myworkdayjobs.com%2FLonza_Careers%2Fjob%2FCH---Visp%2FInternship-Analytical-Development-80-100-_R79122"
"Lonza","Praktikum Operational Excellence (ADS Small Molecules) 80-100% (m/w/d)","Praktikum","Other DACH","CH - Visp","2026-09-01T09:54:33.172Z","https://lonza.wd3.myworkdayjobs.com/Lonza_Careers/job/CH---Visp/Praktikum-Operational-Excellence-6-12-Monate--ADS-Small-Molecules---Large-Scale-Manufacturing--80-100---m-w-d-_R78605","https://careerkit.me/api/apply?src=github-dach&company=lonza&url=https%3A%2F%2Flonza.wd3.myworkdayjobs.com%2FLonza_Careers%2Fjob%2FCH---Visp%2FPraktikum-Operational-Excellence-6-12-Monate--ADS-Small-Molecules---Large-Scale-Manufacturing--80-100---m-w-d-_R78605"
"Lonza","Internship MSAT Downstream 80-100% (m/f/d)","Praktikum","Other DACH","CH - Visp","2026-08-31T09:54:33.172Z","https://lonza.wd3.myworkdayjobs.com/Lonza_Careers/job/CH---Visp/Internship-MSAT-Downstream-80-100---m-f-d-_R78956","https://careerkit.me/api/apply?src=github-dach&company=lonza&url=https%3A%2F%2Flonza.wd3.myworkdayjobs.com%2FLonza_Careers%2Fjob%2FCH---Visp%2FInternship-MSAT-Downstream-80-100---m-f-d-_R78956"
"Lonza","Intern QC Lab Associate (only for PIBS students) 80-100%","Praktikum","Other DACH","CH - Visp","2026-08-26T09:54:33.172Z","https://lonza.wd3.myworkdayjobs.com/Lonza_Careers/job/CH---Visp/Intern-QC-Lab-Associate--only-for-PIBS-students--80-100-_R75556","https://careerkit.me/api/apply?src=github-dach&company=lonza&url=https%3A%2F%2Flonza.wd3.myworkdayjobs.com%2FLonza_Careers%2Fjob%2FCH---Visp%2FIntern-QC-Lab-Associate--only-for-PIBS-students--80-100-_R75556"
"Lonza","Praktikum Betriebsengineering für 6-12 Monate (m/w/d)","Praktikum","Other DACH","CH - Visp","2026-08-26T09:54:33.172Z","https://lonza.wd3.myworkdayjobs.com/Lonza_Careers/job/CH---Visp/Praktikum-Betriebsengineering-fr-6-12-Monate--m-w-d-_R75798","https://careerkit.me/api/apply?src=github-dach&company=lonza&url=https%3A%2F%2Flonza.wd3.myworkdayjobs.com%2FLonza_Careers%2Fjob%2FCH---Visp%2FPraktikum-Betriebsengineering-fr-6-12-Monate--m-w-d-_R75798"
"Lonza","Intern QC Project Leads (80-100%)","Praktikum","Other DACH","CH - Visp","2026-08-26T09:54:33.172Z","https://lonza.wd3.myworkdayjobs.com/Lonza_Careers/job/CH---Visp/Intern-QC-Project-Leads--80-100--_R78637","https://careerkit.me/api/apply?src=github-dach&company=lonza&url=https%3A%2F%2Flonza.wd3.myworkdayjobs.com%2FLonza_Careers%2Fjob%2FCH---Visp%2FIntern-QC-Project-Leads--80-100--_R78637"
"Lonza","Internship MSAT Upstream 80-100%","Praktikum","Other DACH","CH - Visp","2026-08-26T09:54:33.172Z","https://lonza.wd3.myworkdayjobs.com/Lonza_Careers/job/CH---Visp/Internship-MSAT-Upstream-80-100-_R78952","https://careerkit.me/api/apply?src=github-dach&company=lonza&url=https%3A%2F%2Flonza.wd3.myworkdayjobs.com%2FLonza_Careers%2Fjob%2FCH---Visp%2FInternship-MSAT-Upstream-80-100-_R78952"
"Lonza","Internship within HR Operations Switzerland Team","Praktikum","Other DACH","CH - Visp HR","2026-08-26T09:54:33.172Z","https://lonza.wd3.myworkdayjobs.com/Lonza_Careers/job/CH---Visp-HR/Internship-within-HR-Operations-Switzerland-Team_R77824","https://careerkit.me/api/apply?src=github-dach&company=lonza&url=https%3A%2F%2Flonza.wd3.myworkdayjobs.com%2FLonza_Careers%2Fjob%2FCH---Visp-HR%2FInternship-within-HR-Operations-Switzerland-Team_R77824"
"Lonza","Praktikant Quality Control Bioanalytics 80-100% (m/w/d)","Praktikum","Other DACH","CH - Visp","2026-08-26T09:54:33.172Z","https://lonza.wd3.myworkdayjobs.com/Lonza_Careers/job/CH---Visp/Praktikant-Quality-Control-Bioanalytics-80-100---m-w-d-_R78784","https://careerkit.me/api/apply?src=github-dach&company=lonza&url=https%3A%2F%2Flonza.wd3.myworkdayjobs.com%2FLonza_Careers%2Fjob%2FCH---Visp%2FPraktikant-Quality-Control-Bioanalytics-80-100---m-w-d-_R78784"
"MSD","Pharmazeut (m/w/d) im Praktikum in der Produktion","Praktikum","Other DACH","DEU - Niedersachsen - Friesoythe","2026-08-26T09:54:32.237Z","https://msd.wd5.myworkdayjobs.com/SearchJobs/job/DEU---Niedersachsen---Friesoythe/Pharmazeut--m-w-d--im-Praktikum_R392559","https://careerkit.me/api/apply?src=github-dach&company=msd&url=https%3A%2F%2Fmsd.wd5.myworkdayjobs.com%2FSearchJobs%2Fjob%2FDEU---Niedersachsen---Friesoythe%2FPharmazeut--m-w-d--im-Praktikum_R392559"
"MSD","Pharmazeut (m/w/d) im Praktikum in der Qualitätskontrolle","Praktikum","Other DACH","DEU - Niedersachsen - Friesoythe","2026-08-26T09:54:32.237Z","https://msd.wd5.myworkdayjobs.com/SearchJobs/job/DEU---Niedersachsen---Friesoythe/Pharmazeut--m-w-d--im-Praktikum_R397145-1","https://careerkit.me/api/apply?src=github-dach&company=msd&url=https%3A%2F%2Fmsd.wd5.myworkdayjobs.com%2FSearchJobs%2Fjob%2FDEU---Niedersachsen---Friesoythe%2FPharmazeut--m-w-d--im-Praktikum_R397145-1"
"Relais & Châteaux","Praktikum Front Office (m/w)","Praktikum","Other DACH","Adelboden, BE, Switzerland","2026-09-16T12:43:25.894Z","https://jobs.smartrecruiters.com/relaischateaux/744000149857639","https://careerkit.me/api/apply?src=github-dach&company=relais-ch-teaux&url=https%3A%2F%2Fjobs.smartrecruiters.com%2Frelaischateaux%2F744000149857639"
"Relais & Châteaux","Praktikum Service (m/w)","Praktikum","Other DACH","Adelboden, BE, Switzerland","2026-09-16T12:42:47.035Z","https://jobs.smartrecruiters.com/relaischateaux/744000149857499","https://careerkit.me/api/apply?src=github-dach&company=relais-ch-teaux&url=https%3A%2F%2Fjobs.smartrecruiters.com%2Frelaischateaux%2F744000149857499"
"Relais & Châteaux","Praktikum Service oder Rezeption","Praktikum","Other DACH","Pontresina, Graubünden, Switzerland","2026-07-28T09:39:52.853Z","https://jobs.smartrecruiters.com/relaischateaux/744000140193799","https://careerkit.me/api/apply?src=github-dach&company=relais-ch-teaux&url=https%3A%2F%2Fjobs.smartrecruiters.com%2Frelaischateaux%2F744000140193799"
"Rhenus Logistics","Pflichtpraktikant (m/w/d) diverse Bereiche","Praktikum","Other DACH","Germany-wide","2026-08-26T09:54:38.363Z","https://rhe.wd3.myworkdayjobs.com/R1111/job/Germany-wide/Pflichtpraktikant--m-w-d--diverse-Bereiche_JR108230-1","https://careerkit.me/api/apply?src=github-dach&company=rhenus-logistics&url=https%3A%2F%2Frhe.wd3.myworkdayjobs.com%2FR1111%2Fjob%2FGermany-wide%2FPflichtpraktikant--m-w-d--diverse-Bereiche_JR108230-1"
"Rhenus Logistics","Praktikum BVJ","Praktikum","Other DACH","Schaffhausen, Switzerland","2026-08-26T09:54:38.363Z","https://rhe.wd3.myworkdayjobs.com/R1111/job/Schaffhausen-Switzerland/Praktikum-BVJ_JR114834","https://careerkit.me/api/apply?src=github-dach&company=rhenus-logistics&url=https%3A%2F%2Frhe.wd3.myworkdayjobs.com%2FR1111%2Fjob%2FSchaffhausen-Switzerland%2FPraktikum-BVJ_JR114834"
"Roland Berger","Deine Bewerbung als Consulting Intern (all genders)","Praktikum","Other DACH","Germany, , Germany","2026-09-04T12:33:42.142Z","https://jobs.smartrecruiters.com/rolandberger/744000147500722","https://careerkit.me/api/apply?src=github-dach&company=roland-berger&url=https%3A%2F%2Fjobs.smartrecruiters.com%2Frolandberger%2F744000147500722"
"Salomon","INTERNSHIP - Intern EMEA Export M/F/X","Praktikum","Other DACH","Garching, , Germany","2026-09-22T11:55:17.470Z","https://jobs.smartrecruiters.com/Salomon/744000151014839","https://careerkit.me/api/apply?src=github-dach&company=salomon&url=https%3A%2F%2Fjobs.smartrecruiters.com%2FSalomon%2F744000151014839"
"Salomon","PRAKTIKUM – Trainee Event- & Sportmarketing (w/m) – SALOMON","Praktikum","Other DACH","Grödig, , Austria","2026-08-27T12:02:31.012Z","https://jobs.smartrecruiters.com/Salomon/744000145964736","https://careerkit.me/api/apply?src=github-dach&company=salomon&url=https%3A%2F%2Fjobs.smartrecruiters.com%2FSalomon%2F744000145964736"
"Sedus Gruppe","Praktikum als Polsterer (m/w/d)","Praktikum","Other DACH","Ausbildung/Studium/Praktikum Dogern, , Germany","2026-02-26T11:06:19.868Z","https://jobs.smartrecruiters.com/SedusGruppe/744000111590515","https://careerkit.me/api/apply?src=github-dach&company=sedus-gruppe&url=https%3A%2F%2Fjobs.smartrecruiters.com%2FSedusGruppe%2F744000111590515"
"SOMFY Group","Praktikant (m/w/d) im Bereich Vertriebsmarketing (mind. 5 Monate)","Praktikum","Other DACH","Rottenburg, BW, Germany","2026-09-17T13:05:17.759Z","https://jobs.smartrecruiters.com/somfygroup/744000150106929","https://careerkit.me/api/apply?src=github-dach&company=somfy-group&url=https%3A%2F%2Fjobs.smartrecruiters.com%2Fsomfygroup%2F744000150106929"
"SOMFY Group","Praktikant (m/w/d) Digitale Lernformate & Trainingsmanagement (mind. 3 Monate)","Praktikum","Other DACH","Rottenburg, BW, Germany","2026-09-01T11:34:33.136Z","https://jobs.smartrecruiters.com/somfygroup/744000146688792","https://careerkit.me/api/apply?src=github-dach&company=somfy-group&url=https%3A%2F%2Fjobs.smartrecruiters.com%2Fsomfygroup%2F744000146688792"
"Sophia Genetics","Junior Algorithm Development Intern","Praktikum","Other DACH","Rolle, Switzerland","2026-09-18","https://apply.workable.com/j/D928DD8F26","https://careerkit.me/api/apply?src=github-dach&company=sophia-genetics&url=https%3A%2F%2Fapply.workable.com%2Fj%2FD928DD8F26"
"Stäubli","Schülerpraktikum (m/w/d)","Praktikum","Other DACH","Bayreuth, , Germany","2026-05-21T04:47:24.050Z","https://jobs.smartrecruiters.com/staubligroup/744000127575029","https://careerkit.me/api/apply?src=github-dach&company=staeubli&url=https%3A%2F%2Fjobs.smartrecruiters.com%2Fstaubligroup%2F744000127575029"
"Stäubli","Schülerpraktikum - Gewerblich (m/w/d)","Praktikum","Other DACH","Sulzbach-Rosenberg, BY, Germany","2025-05-21T14:08:23.153Z","https://jobs.smartrecruiters.com/staubligroup/744000060787655","https://careerkit.me/api/apply?src=github-dach&company=staeubli&url=https%3A%2F%2Fjobs.smartrecruiters.com%2Fstaubligroup%2F744000060787655"
"Swiss Medical Network","Stagiaire Events – Communication & Marketing","Praktikum","Other DACH","Genolier, VD, Switzerland","2026-08-20T09:25:54.096Z","https://jobs.smartrecruiters.com/SwissMedicalNetwork1/744000144501209","https://careerkit.me/api/apply?src=github-dach&company=swiss-medical-network&url=https%3A%2F%2Fjobs.smartrecruiters.com%2FSwissMedicalNetwork1%2F744000144501209"
"Syngenta Group","Internship Research Chemistry (m/f/d)","Praktikum","Other DACH","Stein, AARGAU, Switzerland","2026-09-21T12:39:15.351Z","https://jobs.smartrecruiters.com/SyngentaGroup/744000150685489","https://careerkit.me/api/apply?src=github-dach&company=syngenta-group&url=https%3A%2F%2Fjobs.smartrecruiters.com%2FSyngentaGroup%2F744000150685489"
"SYNTEGON","Praktikum im Bereich Fertigung (m/w/d)","Praktikum","Other DACH","Waiblingen, BW, Germany","2026-09-04T12:14:57.919Z","https://jobs.smartrecruiters.com/SYNTEGON/744000147496035","https://careerkit.me/api/apply?src=github-dach&company=syntegon&url=https%3A%2F%2Fjobs.smartrecruiters.com%2FSYNTEGON%2F744000147496035"
"SYNTEGON","Einwöchiges Schnupperpraktikum für Schüler (m/w/d)","Praktikum","Other DACH","Crailsheim, BW, Germany","2026-07-23T09:03:05.925Z","https://jobs.smartrecruiters.com/SYNTEGON/744000139239239","https://careerkit.me/api/apply?src=github-dach&company=syntegon&url=https%3A%2F%2Fjobs.smartrecruiters.com%2FSYNTEGON%2F744000139239239"
"SYNTEGON","Einwöchiges Schnupperpraktikum für Schüler:innen","Praktikum","Other DACH","Fellbach, BW, Germany","2026-02-26T09:48:40.279Z","https://jobs.smartrecruiters.com/SYNTEGON/744000111570840","https://careerkit.me/api/apply?src=github-dach&company=syntegon&url=https%3A%2F%2Fjobs.smartrecruiters.com%2FSYNTEGON%2F744000111570840"
"Umdasch Group","Schülerpraktikum","Praktikum","Other DACH","Maisach, BY, Germany","2025-11-25T10:43:41.171Z","https://jobs.smartrecruiters.com/umdaschgroup/744000095383859","https://careerkit.me/api/apply?src=github-dach&company=umdasch-group&url=https%3A%2F%2Fjobs.smartrecruiters.com%2Fumdaschgroup%2F744000095383859"
"Variosystems AG","Junior Facility & EHS Support Intern (m/f/d)","Praktikum","Other DACH","Mendrisio, Canton Ticino, Switzerland","2026-06-25T11:34:55.346Z","https://jobs.smartrecruiters.com/VariosystemsAG/744000134242209","https://careerkit.me/api/apply?src=github-dach&company=variosystems-ag&url=https%3A%2F%2Fjobs.smartrecruiters.com%2FVariosystemsAG%2F744000134242209"
"Variosystems AG","IT-Praktikum Plattformentwicklung (m/f/d)","Praktikum","Other DACH","Steinach, , Switzerland","2026-06-25T11:32:51.001Z","https://jobs.smartrecruiters.com/VariosystemsAG/744000134241449","https://careerkit.me/api/apply?src=github-dach&company=variosystems-ag&url=https%3A%2F%2Fjobs.smartrecruiters.com%2FVariosystemsAG%2F744000134241449"
"WAREMA Renkhoff SE","Schülerpraktikum Schuljahr 2026/2027","Praktikum","Other DACH","Marktheidenfeld, BY, Germany","2026-07-03T09:08:40.424Z","https://jobs.smartrecruiters.com/WAREMARenkhoffSE/744000135678144","https://careerkit.me/api/apply?src=github-dach&company=warema-renkhoff-se&url=https%3A%2F%2Fjobs.smartrecruiters.com%2FWAREMARenkhoffSE%2F744000135678144"
"WAREMA Renkhoff SE","Praktikum / Praxissemester","Praktikum","Other DACH","Marktheidenfeld, BY, Germany","2026-06-25T10:56:40.488Z","https://jobs.smartrecruiters.com/WAREMARenkhoffSE/744000134235298","https://careerkit.me/api/apply?src=github-dach&company=warema-renkhoff-se&url=https%3A%2F%2Fjobs.smartrecruiters.com%2FWAREMARenkhoffSE%2F744000134235298"
"AbbVie","Werkstudent (all genders) Clinical Supply Labeling","Werkstudent","Other DACH","Ludwigshafen, RP, Germany","2026-09-23T11:08:34.329Z","https://jobs.smartrecruiters.com/abbvie/3743990015595036","https://careerkit.me/api/apply?src=github-dach&company=abbvie&url=https%3A%2F%2Fjobs.smartrecruiters.com%2Fabbvie%2F3743990015595036"
"AbbVie","Werkstudent (all genders) Supply Chain","Werkstudent","Other DACH","Ludwigshafen, RP, Germany","2026-09-22T05:34:21.996Z","https://jobs.smartrecruiters.com/abbvie/3743990015548966","https://careerkit.me/api/apply?src=github-dach&company=abbvie&url=https%3A%2F%2Fjobs.smartrecruiters.com%2Fabbvie%2F3743990015548966"
"AbbVie","Werkstudent (all genders) im Bereich Procurement","Werkstudent","Other DACH","Ludwigshafen, RP, Germany","2026-09-10T05:34:40.780Z","https://jobs.smartrecruiters.com/abbvie/3743990015165406","https://careerkit.me/api/apply?src=github-dach&company=abbvie&url=https%3A%2F%2Fjobs.smartrecruiters.com%2Fabbvie%2F3743990015165406"
"Anton Paar","Werkstudent (w/m/d) in der Geräteentwicklung","Werkstudent","Other DACH","Blankenfelde-Mahlow, BB, Germany","2026-09-24T09:51:19.593Z","https://jobs.smartrecruiters.com/AntonPaar1/744000151576789","https://careerkit.me/api/apply?src=github-dach&company=anton-paar&url=https%3A%2F%2Fjobs.smartrecruiters.com%2FAntonPaar1%2F744000151576789"
"Anton Paar","Werkstudent (w/m/d) im Produktmanagement","Werkstudent","Other DACH","Blankenfelde-Mahlow, BB, Germany","2026-09-18T11:29:00.166Z","https://jobs.smartrecruiters.com/AntonPaar1/744000150347124","https://careerkit.me/api/apply?src=github-dach&company=anton-paar&url=https%3A%2F%2Fjobs.smartrecruiters.com%2FAntonPaar1%2F744000150347124"
"Anton Paar","Werkstudent (w/m/d) im Product Engineering","Werkstudent","Other DACH","Blankenfelde-Mahlow, BB, Germany","2026-09-18T11:28:00.788Z","https://jobs.smartrecruiters.com/AntonPaar1/744000150342994","https://careerkit.me/api/apply?src=github-dach&company=anton-paar&url=https%3A%2F%2Fjobs.smartrecruiters.com%2FAntonPaar1%2F744000150342994"
"Anton Paar","Working student (f/m/d) in product management","Werkstudent","Other DACH","Blankenfelde-Mahlow, BB, Germany","2026-09-18T11:18:06.858Z","https://jobs.smartrecruiters.com/AntonPaar1/744000150342214","https://careerkit.me/api/apply?src=github-dach&company=anton-paar&url=https%3A%2F%2Fjobs.smartrecruiters.com%2FAntonPaar1%2F744000150342214"
"blackroll.jobs.personio.com","WerkstudentIn E-Commerce, Content & Campaign Management (m/w/d)","Werkstudent","Other DACH","Bottighofen CH","2026-09-11T11:13:42+00:00","https://blackroll.jobs.personio.de/job/2793182","https://careerkit.me/api/apply?src=github-dach&company=blackroll-jobs-personio-com&url=https%3A%2F%2Fblackroll.jobs.personio.de%2Fjob%2F2793182"
"blackroll.jobs.personio.com","WerkstudentIn Ad Creative & Design (Marketing) (m/w/d)","Werkstudent","Other DACH","Bottighofen CH","2026-07-20T14:40:56+00:00","https://blackroll.jobs.personio.de/job/2719953","https://careerkit.me/api/apply?src=github-dach&company=blackroll-jobs-personio-com&url=https%3A%2F%2Fblackroll.jobs.personio.de%2Fjob%2F2719953"
"boost-inc.jobs.personio.com","Werkstudent*in Sales (15-20 Std./Woche, Remote)","Werkstudent","Other DACH","Germany","2026-06-22T22:59:35+00:00","https://boost-inc.jobs.personio.de/job/2682347","https://careerkit.me/api/apply?src=github-dach&company=boost-inc-jobs-personio-com&url=https%3A%2F%2Fboost-inc.jobs.personio.de%2Fjob%2F2682347"
"Bosch Group","Werkstudent im Betrieblichen Mobilitätsmanagement (w/m/div.)","Werkstudent","Other DACH","Reutlingen, BW, Germany","2026-09-23T14:07:21.167Z","https://jobs.smartrecruiters.com/BoschGroup/744000151391424","https://careerkit.me/api/apply?src=github-dach&company=bosch-group&url=https%3A%2F%2Fjobs.smartrecruiters.com%2FBoschGroup%2F744000151391424"
"Bosch Group","Werkstudent (w/m/div.) im Bereich International Product Business – Standort Verl","Werkstudent","Other DACH","Verl, NRW, Germany","2026-09-22T13:36:39.938Z","https://jobs.smartrecruiters.com/BoschGroup/744000151040679","https://careerkit.me/api/apply?src=github-dach&company=bosch-group&url=https%3A%2F%2Fjobs.smartrecruiters.com%2FBoschGroup%2F744000151040679"
"Bosch Group","Werkstudent in der SiC-Epitaxie (w/m/div.)","Werkstudent","Other DACH","Reutlingen, BW, Germany","2026-09-22T07:27:00.247Z","https://jobs.smartrecruiters.com/BoschGroup/744000150950859","https://careerkit.me/api/apply?src=github-dach&company=bosch-group&url=https%3A%2F%2Fjobs.smartrecruiters.com%2FBoschGroup%2F744000150950859"
"Bosch Group","Werkstudent*in 3D-Animation von Sensoren – Technische Inhalte (f/m/div.) (w/m/div.)","Werkstudent","Other DACH","Kusterdingen, BW, Germany","2026-09-18T14:59:54.069Z","https://jobs.smartrecruiters.com/BoschGroup/744000150395577","https://careerkit.me/api/apply?src=github-dach&company=bosch-group&url=https%3A%2F%2Fjobs.smartrecruiters.com%2FBoschGroup%2F744000150395577"
"Bosch Group","Working Student 3D Animation of Sensors Technical Content (f/m/div.)","Werkstudent","Other DACH","Kusterdingen, BW, Germany","2026-09-18T14:59:15.280Z","https://jobs.smartrecruiters.com/BoschGroup/744000150398990","https://careerkit.me/api/apply?src=github-dach&company=bosch-group&url=https%3A%2F%2Fjobs.smartrecruiters.com%2FBoschGroup%2F744000150398990"
"Bosch Group","Werkstudent im internationalen Vertrieb (w/m/div.)","Werkstudent","Other DACH","Kusterdingen, BW, Germany","2026-09-17T05:13:31.532Z","https://jobs.smartrecruiters.com/BoschGroup/744000150009700","https://careerkit.me/api/apply?src=github-dach&company=bosch-group&url=https%3A%2F%2Fjobs.smartrecruiters.com%2FBoschGroup%2F744000150009700"
"Bosch Group","Working Student in Innovation Management (f/m/div.)","Werkstudent","Other DACH","Kusterdingen, BW, Germany","2026-09-16T10:40:33.786Z","https://jobs.smartrecruiters.com/BoschGroup/744000149831414","https://careerkit.me/api/apply?src=github-dach&company=bosch-group&url=https%3A%2F%2Fjobs.smartrecruiters.com%2FBoschGroup%2F744000149831414"
"Bosch Group","Werkstudent im Bereich Innovationsmanagement (w/m/div.)","Werkstudent","Other DACH","Kusterdingen, BW, Germany","2026-09-16T10:39:43.980Z","https://jobs.smartrecruiters.com/BoschGroup/744000149831349","https://careerkit.me/api/apply?src=github-dach&company=bosch-group&url=https%3A%2F%2Fjobs.smartrecruiters.com%2FBoschGroup%2F744000149831349"
"Bosch Group","Werkstudent im Bereich Materialfeldeinkauf (w/m/div.)","Werkstudent","Other DACH","Lohr am Main, BY, Germany","2026-09-14T13:53:41.672Z","https://jobs.smartrecruiters.com/BoschGroup/744000149341954","https://careerkit.me/api/apply?src=github-dach&company=bosch-group&url=https%3A%2F%2Fjobs.smartrecruiters.com%2FBoschGroup%2F744000149341954"
"Bosch Group","Werkstudent im Bereich Gebäudesicherheit (w/m/div.)","Werkstudent","Other DACH","Rostock, MV, Germany","2026-09-14T08:53:36.692Z","https://jobs.smartrecruiters.com/BoschGroup/744000149273755","https://careerkit.me/api/apply?src=github-dach&company=bosch-group&url=https%3A%2F%2Fjobs.smartrecruiters.com%2FBoschGroup%2F744000149273755"
"Bosch Group","Werkstudent im Bereich Informationstechnologie (w/m/div.)","Werkstudent","Other DACH","Reutlingen, BW, Germany","2026-09-11T08:33:16.654Z","https://jobs.smartrecruiters.com/BoschGroup/744000148955270","https://careerkit.me/api/apply?src=github-dach&company=bosch-group&url=https%3A%2F%2Fjobs.smartrecruiters.com%2FBoschGroup%2F744000148955270"
"Bosch Group","Werkstudent für Health, Safety and Environment (w/m/div.)","Werkstudent","Other DACH","Plochingen, BW, Germany","2026-09-09T11:10:12.965Z","https://jobs.smartrecruiters.com/BoschGroup/744000148476049","https://careerkit.me/api/apply?src=github-dach&company=bosch-group&url=https%3A%2F%2Fjobs.smartrecruiters.com%2FBoschGroup%2F744000148476049"
"Bosch Group","Werkstudent im Bereich Sales, Prozesse und Innovationen (w/m/div.)","Werkstudent","Other DACH","Lohr am Main, BY, Germany","2026-09-09T11:08:02.661Z","https://jobs.smartrecruiters.com/BoschGroup/744000148471120","https://careerkit.me/api/apply?src=github-dach&company=bosch-group&url=https%3A%2F%2Fjobs.smartrecruiters.com%2FBoschGroup%2F744000148471120"
"Bosch Group","Werkstudent*in im Innovationsmanagement (m/w/d) (w/m/div.)","Werkstudent","Other DACH","Lohr am Main, BY, Germany","2026-09-09T09:07:55.439Z","https://jobs.smartrecruiters.com/BoschGroup/744000148447409","https://careerkit.me/api/apply?src=github-dach&company=bosch-group&url=https%3A%2F%2Fjobs.smartrecruiters.com%2FBoschGroup%2F744000148447409"
"Bosch Group","Werkstudent in der elektrischen Entwicklung (w/m/div.)","Werkstudent","Other DACH","Gunzenhausen, BY, Germany","2026-09-09T07:51:14.828Z","https://jobs.smartrecruiters.com/BoschGroup/744000148429979","https://careerkit.me/api/apply?src=github-dach&company=bosch-group&url=https%3A%2F%2Fjobs.smartrecruiters.com%2FBoschGroup%2F744000148429979"
"Bosch Group","Werkstudent in der Hardware-Entwicklung für Technologiebewertung und Benchmarking bei Bosch eBike Systems (w/m/div.)","Werkstudent","Other DACH","Reutlingen, BW, Germany","2026-09-09T06:25:47.505Z","https://jobs.smartrecruiters.com/BoschGroup/744000148415969","https://careerkit.me/api/apply?src=github-dach&company=bosch-group&url=https%3A%2F%2Fjobs.smartrecruiters.com%2FBoschGroup%2F744000148415969"
"Bosch Group","Werkstudent im Bereich Fertigungsplanung – Montage und Prüfen (w/m/div.)","Werkstudent","Other DACH","Lohr am Main, BY, Germany","2026-09-07T07:14:54.115Z","https://jobs.smartrecruiters.com/BoschGroup/744000147851309","https://careerkit.me/api/apply?src=github-dach&company=bosch-group&url=https%3A%2F%2Fjobs.smartrecruiters.com%2FBoschGroup%2F744000147851309"
"Bosch Group","Werkstudent im Bereich Mechanische Simulation für Bosch eBike Systems (w/m/div.)","Werkstudent","Other DACH","Reutlingen, BW, Germany","2026-09-03T08:03:30.673Z","https://jobs.smartrecruiters.com/BoschGroup/744000147175004","https://careerkit.me/api/apply?src=github-dach&company=bosch-group&url=https%3A%2F%2Fjobs.smartrecruiters.com%2FBoschGroup%2F744000147175004"
"Bosch Group","Werkstudent Service Management & Kommunikation (w/m/div.)","Werkstudent","Other DACH","Wetzlar, HE, Germany","2026-09-02T12:36:54.941Z","https://jobs.smartrecruiters.com/BoschGroup/744000146977039","https://careerkit.me/api/apply?src=github-dach&company=bosch-group&url=https%3A%2F%2Fjobs.smartrecruiters.com%2FBoschGroup%2F744000146977039"
"Bosch Group","Werkstudent Kundendienst Administration 40-50% (w/m/div.) REF295386F","Werkstudent","Other DACH","Steinhausen, ZG, Switzerland","2026-09-01T14:07:18.469Z","https://jobs.smartrecruiters.com/BoschGroup/744000146732467","https://careerkit.me/api/apply?src=github-dach&company=bosch-group&url=https%3A%2F%2Fjobs.smartrecruiters.com%2FBoschGroup%2F744000146732467"
"Bosch Group","Werkstudent (m/w/d) im Bereich Werkstattplanung und -organisation","Werkstudent","Other DACH","Willershausen, NIEDERSACHSEN, Germany","2026-08-31T12:20:32.259Z","https://jobs.smartrecruiters.com/BoschGroup/744000146454315","https://careerkit.me/api/apply?src=github-dach&company=bosch-group&url=https%3A%2F%2Fjobs.smartrecruiters.com%2FBoschGroup%2F744000146454315"
"Bosch Group","Werkstudent im Bereich Controlling (w/m/div.)","Werkstudent","Other DACH","Immenstadt im Allgäu, BY, Germany","2026-08-31T09:51:54.759Z","https://jobs.smartrecruiters.com/BoschGroup/744000146434450","https://careerkit.me/api/apply?src=github-dach&company=bosch-group&url=https%3A%2F%2Fjobs.smartrecruiters.com%2FBoschGroup%2F744000146434450"
"Bosch Group","Werkstudent (m/w/d) im Team der Werkleitung - Kommunikation, Verbesserungsmanagement & Projekte","Werkstudent","Other DACH","Horb am Neckar, BW, Germany","2026-08-31T07:14:52.037Z","https://jobs.smartrecruiters.com/BoschGroup/744000146407059","https://careerkit.me/api/apply?src=github-dach&company=bosch-group&url=https%3A%2F%2Fjobs.smartrecruiters.com%2FBoschGroup%2F744000146407059"
"Bosch Group","Werkstudent SAP Process Navigator (w/m/div.)","Werkstudent","Other DACH","Gunzenhausen, BY, Germany","2026-08-25T16:12:39.387Z","https://jobs.smartrecruiters.com/BoschGroup/744000145562279","https://careerkit.me/api/apply?src=github-dach&company=bosch-group&url=https%3A%2F%2Fjobs.smartrecruiters.com%2FBoschGroup%2F744000145562279"
"Bosch Group","Werkstudent im Produkt- und Prozessmanagement (w/m/div.)","Werkstudent","Other DACH","Wetzlar, HE, Germany","2026-08-25T13:37:31.004Z","https://jobs.smartrecruiters.com/BoschGroup/744000145518430","https://careerkit.me/api/apply?src=github-dach&company=bosch-group&url=https%3A%2F%2Fjobs.smartrecruiters.com%2FBoschGroup%2F744000145518430"
"Bosch Group","Working Student for Automation of Circuit Diagram Creation Using Microsoft Visio (f/m/div.)","Werkstudent","Other DACH","Reutlingen, BW, Germany","2026-08-20T08:04:07.316Z","https://jobs.smartrecruiters.com/BoschGroup/744000144483229","https://careerkit.me/api/apply?src=github-dach&company=bosch-group&url=https%3A%2F%2Fjobs.smartrecruiters.com%2FBoschGroup%2F744000144483229"
"Bosch Group","Werkstudent im Qualitätsmanagement (w/m/div.)","Werkstudent","Other DACH","Gunzenhausen, BY, Germany","2026-08-18T05:38:39.736Z","https://jobs.smartrecruiters.com/BoschGroup/744000143983399","https://careerkit.me/api/apply?src=github-dach&company=bosch-group&url=https%3A%2F%2Fjobs.smartrecruiters.com%2FBoschGroup%2F744000143983399"
"Bosch Group","Werkstudent in der mechanischen Konstruktion (w/m/div.)","Werkstudent","Other DACH","Gunzenhausen, BY, Germany","2026-08-13T12:21:55.744Z","https://jobs.smartrecruiters.com/BoschGroup/744000143302419","https://careerkit.me/api/apply?src=github-dach&company=bosch-group&url=https%3A%2F%2Fjobs.smartrecruiters.com%2FBoschGroup%2F744000143302419"
"Bosch Group","Werkstudent Computer Vision & Python (w/m/div.)","Werkstudent","Other DACH","Reutlingen, BW, Germany","2026-08-12T10:22:50.016Z","https://jobs.smartrecruiters.com/BoschGroup/744000143071344","https://careerkit.me/api/apply?src=github-dach&company=bosch-group&url=https%3A%2F%2Fjobs.smartrecruiters.com%2FBoschGroup%2F744000143071344"
"Bosch Group","Studentischer Mitarbeiter im Hochschulmarketing / Hochschulscout (w/m/div.) - befristet","Werkstudent","Other DACH","Lohr am Main, BY, Germany","2026-08-06T09:17:51.377Z","https://jobs.smartrecruiters.com/BoschGroup/744000141877149","https://careerkit.me/api/apply?src=github-dach&company=bosch-group&url=https%3A%2F%2Fjobs.smartrecruiters.com%2FBoschGroup%2F744000141877149"
"Bosch Group","Werkstudent in der Digitalen Bildung - webbasierte Trainings (w/m/div.)","Werkstudent","Other DACH","Plochingen, BW, Germany","2026-08-06T06:14:25.497Z","https://jobs.smartrecruiters.com/BoschGroup/744000141846890","https://careerkit.me/api/apply?src=github-dach&company=bosch-group&url=https%3A%2F%2Fjobs.smartrecruiters.com%2FBoschGroup%2F744000141846890"
"Bosch Group","Werkstudent im Bereich Technik – Frühschicht (w/m/div.)","Werkstudent","Other DACH","Kusterdingen, BW, Germany","2026-07-27T11:44:05.537Z","https://jobs.smartrecruiters.com/BoschGroup/744000139983669","https://careerkit.me/api/apply?src=github-dach&company=bosch-group&url=https%3A%2F%2Fjobs.smartrecruiters.com%2FBoschGroup%2F744000139983669"
"Bosch Group","Werkstudent im Bereich Software Quality Engineering / Software Testing (w/m/div.)","Werkstudent","Other DACH","Gießen, HE, Germany","2026-07-08T11:01:25.379Z","https://jobs.smartrecruiters.com/BoschGroup/744000136441454","https://careerkit.me/api/apply?src=github-dach&company=bosch-group&url=https%3A%2F%2Fjobs.smartrecruiters.com%2FBoschGroup%2F744000136441454"
"Bosch Group","Werkstudent im Bereich Integrationstests (w/m/div.)","Werkstudent","Other DACH","Erbach, HE, Germany","2026-07-01T10:03:36.141Z","https://jobs.smartrecruiters.com/BoschGroup/744000135223499","https://careerkit.me/api/apply?src=github-dach&company=bosch-group&url=https%3A%2F%2Fjobs.smartrecruiters.com%2FBoschGroup%2F744000135223499"
"Bosch Group","Werkstudent S/4HANA Project Management Office (w/m/div.)","Werkstudent","Other DACH","Immenstadt im Allgäu, BY, Germany","2026-07-01T08:51:41.062Z","https://jobs.smartrecruiters.com/BoschGroup/744000135208079","https://careerkit.me/api/apply?src=github-dach&company=bosch-group&url=https%3A%2F%2Fjobs.smartrecruiters.com%2FBoschGroup%2F744000135208079"
"Bosch Group","Werkstudent Projektleitung für IC Entwicklung (w/m/div.)","Werkstudent","Other DACH","Reutlingen, BW, Germany","2026-06-30T10:37:51.490Z","https://jobs.smartrecruiters.com/BoschGroup/744000134983169","https://careerkit.me/api/apply?src=github-dach&company=bosch-group&url=https%3A%2F%2Fjobs.smartrecruiters.com%2FBoschGroup%2F744000134983169"
"Bosch Group","Werkstudent*in in der Hardware-Prototypenentwicklung und -entwicklung (w/m/div.)","Werkstudent","Other DACH","Kusterdingen, BW, Germany","2026-06-15T12:53:52.814Z","https://jobs.smartrecruiters.com/BoschGroup/744000132194761","https://careerkit.me/api/apply?src=github-dach&company=bosch-group&url=https%3A%2F%2Fjobs.smartrecruiters.com%2FBoschGroup%2F744000132194761"
"Bosch Group","Working Student in Hardware Prototyping & Development","Werkstudent","Other DACH","Kusterdingen, BW, Germany","2026-06-15T12:53:30.847Z","https://jobs.smartrecruiters.com/BoschGroup/744000132192802","https://careerkit.me/api/apply?src=github-dach&company=bosch-group&url=https%3A%2F%2Fjobs.smartrecruiters.com%2FBoschGroup%2F744000132192802"
"Bosch Group","Werkstudent Standardisierung Produktionsabläufe (w/m/div.)","Werkstudent","Other DACH","Lohr am Main, BY, Germany","2026-05-13T14:11:04.202Z","https://jobs.smartrecruiters.com/BoschGroup/744000126325714","https://careerkit.me/api/apply?src=github-dach&company=bosch-group&url=https%3A%2F%2Fjobs.smartrecruiters.com%2FBoschGroup%2F744000126325714"
"cptr.jobs.personio.com","Social Media (Werkstudent)","Werkstudent","Other DACH","Switzerland","2023-06-20T11:17:43+00:00","https://cptr.jobs.personio.de/job/1749148","https://careerkit.me/api/apply?src=github-dach&company=cptr-jobs-personio-com&url=https%3A%2F%2Fcptr.jobs.personio.de%2Fjob%2F1749148"
"Drees & Sommer SE","Werkstudent (w/m/d) Projektmanagement Hochbau","Werkstudent","Other DACH","Erfurt, TH, Germany","2026-09-07T11:44:41.485Z","https://jobs.smartrecruiters.com/DreesSommerSE/744000147915509","https://careerkit.me/api/apply?src=github-dach&company=drees-sommer-se&url=https%3A%2F%2Fjobs.smartrecruiters.com%2FDreesSommerSE%2F744000147915509"
"Drees & Sommer SE","Praktikant/Werkstudent (w/m/d) Projektmanagement Hochbau","Werkstudent","Other DACH","Kiel, SH, Germany","2026-08-03T13:25:24.204Z","https://jobs.smartrecruiters.com/DreesSommerSE/744000141262440","https://careerkit.me/api/apply?src=github-dach&company=drees-sommer-se&url=https%3A%2F%2Fjobs.smartrecruiters.com%2FDreesSommerSE%2F744000141262440"
"Drees & Sommer SE","Werkstudent (w/m/d) Baumanagement Objektüberwachung in Jena","Werkstudent","Other DACH","Erfurt, TH, Germany","2026-07-13T13:00:22.188Z","https://jobs.smartrecruiters.com/DreesSommerSE/744000137449331","https://careerkit.me/api/apply?src=github-dach&company=drees-sommer-se&url=https%3A%2F%2Fjobs.smartrecruiters.com%2FDreesSommerSE%2F744000137449331"
"Eurofins","2 Teilzeitmitarbeiter bzw. Werkstudenten (20 Std./Woche und 16 Std./Woche) oder 1 Teilzeitmitarbeiter (36 Std./Woche) für die Datenerfassung (m/w/d)","Werkstudent","Other DACH","Gelsenkirchen, NRW, Germany","2026-09-11T13:41:04.602Z","https://jobs.smartrecruiters.com/eurofins/744000149027438","https://careerkit.me/api/apply?src=github-dach&company=eurofins&url=https%3A%2F%2Fjobs.smartrecruiters.com%2Feurofins%2F744000149027438"
"Eurofins","Werkstudent (m/w/d) Biopharmazeutische Analytik","Werkstudent","Other DACH","Homburg, SL, Germany","2026-09-08T08:16:09.758Z","https://jobs.smartrecruiters.com/eurofins/744000148165679","https://careerkit.me/api/apply?src=github-dach&company=eurofins&url=https%3A%2F%2Fjobs.smartrecruiters.com%2Feurofins%2F744000148165679"
"Eurofins","Werkstudent (m/w/d)","Werkstudent","Other DACH","Konstanz, BW, Germany","2026-08-31T08:15:57.809Z","https://jobs.smartrecruiters.com/eurofins/744000146415411","https://careerkit.me/api/apply?src=github-dach&company=eurofins&url=https%3A%2F%2Fjobs.smartrecruiters.com%2Feurofins%2F744000146415411"
"Eurofins","Werkstudent (m/w/d) Mikrobiologie","Werkstudent","Other DACH","Tübingen, BW, Germany","2026-08-12T08:01:21.886Z","https://jobs.smartrecruiters.com/eurofins/744000143045189","https://careerkit.me/api/apply?src=github-dach&company=eurofins&url=https%3A%2F%2Fjobs.smartrecruiters.com%2Feurofins%2F744000143045189"
"FINN","Werkstudent:in Payment & Collection (m/w/d)","Werkstudent","Other DACH","Germany / Germany","2026-09-03T15:09:04.906Z","https://jobs.lever.co/finn/c87f92d5-f05d-43d9-af61-d1d4e86a39eb","https://careerkit.me/api/apply?src=github-dach&company=finn&url=https%3A%2F%2Fjobs.lever.co%2Ffinn%2Fc87f92d5-f05d-43d9-af61-d1d4e86a39eb"
"Gerresheimer","Werkstudent (m/w/d) KI & Wissensmanagement – Sales Engineering","Werkstudent","Other DACH","Wackersdorf, Bavaria, Germany","2026-09-08T13:23:21.526Z","https://jobs.smartrecruiters.com/gerresheimer/744000148236454","https://careerkit.me/api/apply?src=github-dach&company=gerresheimer&url=https%3A%2F%2Fjobs.smartrecruiters.com%2Fgerresheimer%2F744000148236454"
"Gerresheimer","Werkstudent Produktion | Small Batch Production – Medizintechnik (m/w/d)","Werkstudent","Other DACH","Wackersdorf, Bavaria, Germany","2026-09-08T11:43:43.678Z","https://jobs.smartrecruiters.com/gerresheimer/744000148212830","https://careerkit.me/api/apply?src=github-dach&company=gerresheimer&url=https%3A%2F%2Fjobs.smartrecruiters.com%2Fgerresheimer%2F744000148212830"
"Gerresheimer","Werkstudent (m/w/d) im Bereich Human Resources / People & Organization","Werkstudent","Other DACH","Lohr a. Main, Bavaria, Germany","2026-09-04T11:06:33.539Z","https://jobs.smartrecruiters.com/gerresheimer/744000147483224","https://careerkit.me/api/apply?src=github-dach&company=gerresheimer&url=https%3A%2F%2Fjobs.smartrecruiters.com%2Fgerresheimer%2F744000147483224"
"Gerresheimer","Praktikum / Werkstudent Supply Chain Management & Order Management (m/w/d)","Werkstudent","Other DACH","Pfreimd, Bavaria, Germany","2026-08-05T12:34:57.726Z","https://jobs.smartrecruiters.com/gerresheimer/744000141708572","https://careerkit.me/api/apply?src=github-dach&company=gerresheimer&url=https%3A%2F%2Fjobs.smartrecruiters.com%2Fgerresheimer%2F744000141708572"
"Hitachi","Werkstudent Produktion (m/w/d)","Werkstudent","Other DACH","Bad Honnef, North Rhine-Westphalia, Germany","2026-09-14T09:54:30.043Z","https://hitachi.wd1.myworkdayjobs.com/hitachi/job/Bad-Honnef-North-Rhine-Westphalia-Germany/Werkstudent-Produktion--m-w-d-_R0143198","https://careerkit.me/api/apply?src=github-dach&company=hitachi&url=https%3A%2F%2Fhitachi.wd1.myworkdayjobs.com%2Fhitachi%2Fjob%2FBad-Honnef-North-Rhine-Westphalia-Germany%2FWerkstudent-Produktion--m-w-d-_R0143198"
"Hitachi","Werkstudent/ Praktikant Personalmanagement (m/w/d)","Werkstudent","Other DACH","Arnstadt, Thüringen, Germany","2026-08-26T09:54:30.043Z","https://hitachi.wd1.myworkdayjobs.com/hitachi/job/Arnstadt-Thringen-Germany/Werkstudent--Praktikant-Personalmanagement--m-w-d-_R1008408-1","https://careerkit.me/api/apply?src=github-dach&company=hitachi&url=https%3A%2F%2Fhitachi.wd1.myworkdayjobs.com%2Fhitachi%2Fjob%2FArnstadt-Thringen-Germany%2FWerkstudent--Praktikant-Personalmanagement--m-w-d-_R1008408-1"
"Intuitive","Werkstudent in der Produktionsplanung (m/w/d)","Werkstudent","Other DACH","Biebertal, GERMANY, Germany","2026-08-03T15:28:59.433Z","https://jobs.smartrecruiters.com/intuitive/744000141297479","https://careerkit.me/api/apply?src=github-dach&company=intuitive&url=https%3A%2F%2Fjobs.smartrecruiters.com%2Fintuitive%2F744000141297479"
"Isar Aerospace","Working Student Environmental Data Analyst & LCA Support (m/f/d)","Werkstudent","Other DACH","Parsdorf, Bavaria, Germany","2026-09-16T11:59:14-04:00","https://job-boards.eu.greenhouse.io/isaraerospace/jobs/4978831101","https://careerkit.me/api/apply?src=github-dach&company=isar-aerospace&url=https%3A%2F%2Fjob-boards.eu.greenhouse.io%2Fisaraerospace%2Fjobs%2F4978831101"
"Isar Aerospace","Working Student IT Helpdesk (m/f/d)","Werkstudent","Other DACH","Parsdorf, Bavaria, Germany","2026-09-15T12:20:45-04:00","https://job-boards.eu.greenhouse.io/isaraerospace/jobs/4977045101","https://careerkit.me/api/apply?src=github-dach&company=isar-aerospace&url=https%3A%2F%2Fjob-boards.eu.greenhouse.io%2Fisaraerospace%2Fjobs%2F4977045101"
"Isar Aerospace","Working Student Software Engineer (f/m/d)","Werkstudent","Other DACH","Parsdorf, Bavaria, Germany","2026-09-15T09:08:16-04:00","https://job-boards.eu.greenhouse.io/isaraerospace/jobs/4976775101","https://careerkit.me/api/apply?src=github-dach&company=isar-aerospace&url=https%3A%2F%2Fjob-boards.eu.greenhouse.io%2Fisaraerospace%2Fjobs%2F4976775101"
"Isar Aerospace","Working Student Talent Acquisition (m/f/d)","Werkstudent","Other DACH","Parsdorf, Bavaria, Germany","2026-09-07T11:53:56-04:00","https://job-boards.eu.greenhouse.io/isaraerospace/jobs/4970085101","https://careerkit.me/api/apply?src=github-dach&company=isar-aerospace&url=https%3A%2F%2Fjob-boards.eu.greenhouse.io%2Fisaraerospace%2Fjobs%2F4970085101"
"Isar Aerospace","Working Student - AI Platform and Enablement (m/f/d)","Werkstudent","Other DACH","Parsdorf, Bavaria, Germany","2026-08-21T11:27:55-04:00","https://job-boards.eu.greenhouse.io/isaraerospace/jobs/4958455101","https://careerkit.me/api/apply?src=github-dach&company=isar-aerospace&url=https%3A%2F%2Fjob-boards.eu.greenhouse.io%2Fisaraerospace%2Fjobs%2F4958455101"
"Isar Aerospace","Working Student, Avionics (m/f/d)","Werkstudent","Other DACH","Ottobrunn, Bavaria, Germany","2026-08-14T09:26:10-04:00","https://job-boards.eu.greenhouse.io/isaraerospace/jobs/4953179101","https://careerkit.me/api/apply?src=github-dach&company=isar-aerospace&url=https%3A%2F%2Fjob-boards.eu.greenhouse.io%2Fisaraerospace%2Fjobs%2F4953179101"
"Isar Aerospace","Working Student Sales Operations (f/m/d)","Werkstudent","Other DACH","Ottobrunn, Bavaria, Germany","2026-08-14T08:36:29-04:00","https://job-boards.eu.greenhouse.io/isaraerospace/jobs/4953152101","https://careerkit.me/api/apply?src=github-dach&company=isar-aerospace&url=https%3A%2F%2Fjob-boards.eu.greenhouse.io%2Fisaraerospace%2Fjobs%2F4953152101"
"Isar Aerospace","Working Student (m/f/d)","Werkstudent","Other DACH","Ottobrunn, Bavaria, Germany; Parsdorf, Bavaria, Germany","2026-08-13T11:14:41-04:00","https://job-boards.eu.greenhouse.io/isaraerospace/jobs/4952460101","https://careerkit.me/api/apply?src=github-dach&company=isar-aerospace&url=https%3A%2F%2Fjob-boards.eu.greenhouse.io%2Fisaraerospace%2Fjobs%2F4952460101"
"JACOBS DOUWE EGBERTS","Werkstudent CI (m/w/d)","Werkstudent","Other DACH","Elmshorn, SH, Germany","2026-07-30T12:39:19.955Z","https://jobs.smartrecruiters.com/JACOBSDOUWEEGBERTS/744000140679949","https://careerkit.me/api/apply?src=github-dach&company=jacobs-douwe-egberts&url=https%3A%2F%2Fjobs.smartrecruiters.com%2FJACOBSDOUWEEGBERTS%2F744000140679949"
"Johnson & Johnson / Janssen","Werkstudent:in (w/m/d) - Automatisierung","Werkstudent","Other DACH","Neuss, North Rhine-Westphalia, Germany","2026-09-16T09:54:19.435Z","https://jj.wd5.myworkdayjobs.com/JJ/job/Neuss-North-Rhine-Westphalia-Germany/Werkstudent-in--w-m-d----Automatisierung_R-098525","https://careerkit.me/api/apply?src=github-dach&company=johnson-johnson-janssen&url=https%3A%2F%2Fjj.wd5.myworkdayjobs.com%2FJJ%2Fjob%2FNeuss-North-Rhine-Westphalia-Germany%2FWerkstudent-in--w-m-d----Automatisierung_R-098525"
"Johnson & Johnson / Janssen","Werkstudent/in Business Development & Marketing (m/w/d)","Werkstudent","Other DACH","Norderstedt, Schleswig-Holstein, Germany","2026-09-15T09:54:19.435Z","https://jj.wd5.myworkdayjobs.com/JJ/job/Norderstedt-Schleswig-Holstein-Germany/Praktikant-in-Business-Development---Marketing_R-087958","https://careerkit.me/api/apply?src=github-dach&company=johnson-johnson-janssen&url=https%3A%2F%2Fjj.wd5.myworkdayjobs.com%2FJJ%2Fjob%2FNorderstedt-Schleswig-Holstein-Germany%2FPraktikant-in-Business-Development---Marketing_R-087958"
"JYSK","WERKSTUDENT/IN IM VERKAUF (M/W/D) - Saarburg (18 Std)","Werkstudent","Other DACH","Saarburg, RP, Germany","2026-09-22T07:19:39.913Z","https://jobs.smartrecruiters.com/jysk/744000150949159","https://careerkit.me/api/apply?src=github-dach&company=jysk&url=https%3A%2F%2Fjobs.smartrecruiters.com%2Fjysk%2F744000150949159"
"JYSK","WERKSTUDENT/IN IM VERKAUF (M/W/D) - Mayen (10 Std)","Werkstudent","Other DACH","Mayen, RP, Germany","2026-09-08T11:12:13.629Z","https://jobs.smartrecruiters.com/jysk/744000148202284","https://careerkit.me/api/apply?src=github-dach&company=jysk&url=https%3A%2F%2Fjobs.smartrecruiters.com%2Fjysk%2F744000148202284"
"Logitech International S.A.","Werkstudent - Creator & Social Media Marketing (TikTok)","Werkstudent","Other DACH","Munchen, Germany","2026-08-26T09:54:22.713Z","https://logitech.wd5.myworkdayjobs.com/Logitech/job/Munchen-Germany/Social-Media-Young-Professional---24-Month-Program_145675","https://careerkit.me/api/apply?src=github-dach&company=logitech-international-s-a&url=https%3A%2F%2Flogitech.wd5.myworkdayjobs.com%2FLogitech%2Fjob%2FMunchen-Germany%2FSocial-Media-Young-Professional---24-Month-Program_145675"
"Logitech International S.A.","B2B Marketing Manager Assistant, DACH Region (Werkstudent) – 24 months Young Professionals Program","Werkstudent","Other DACH","Munchen, Germany","2026-08-26T09:54:22.713Z","https://logitech.wd5.myworkdayjobs.com/Logitech/job/Munchen-Germany/B2B-Marketing-Manager-Assistant--DACH-Region---24-month-Apprenticeship--Young-Professionals-Program-_146011","https://careerkit.me/api/apply?src=github-dach&company=logitech-international-s-a&url=https%3A%2F%2Flogitech.wd5.myworkdayjobs.com%2FLogitech%2Fjob%2FMunchen-Germany%2FB2B-Marketing-Manager-Assistant--DACH-Region---24-month-Apprenticeship--Young-Professionals-Program-_146011"
"MSD","Werkstudent (m/w/d) für den Bereich QA Operations Documentation","Werkstudent","Other DACH","DEU - Bayern - Unterschleissheim","2026-09-15T09:54:32.237Z","https://msd.wd5.myworkdayjobs.com/SearchJobs/job/DEU---Bayern---Unterschleissheim/Werkstudent--m-w-d--fr-den-Bereich-QA-Operations-Documentation_R414533","https://careerkit.me/api/apply?src=github-dach&company=msd&url=https%3A%2F%2Fmsd.wd5.myworkdayjobs.com%2FSearchJobs%2Fjob%2FDEU---Bayern---Unterschleissheim%2FWerkstudent--m-w-d--fr-den-Bereich-QA-Operations-Documentation_R414533"
"MSD","Werkstudent (m/w/d) Quality Assurance Systems","Werkstudent","Other DACH","DEU - Niedersachsen - Friesoythe","2026-09-08T09:54:32.237Z","https://msd.wd5.myworkdayjobs.com/SearchJobs/job/DEU---Niedersachsen---Friesoythe/Werkstudent--m-w-d--Quality-Assurance-Systems_R416138","https://careerkit.me/api/apply?src=github-dach&company=msd&url=https%3A%2F%2Fmsd.wd5.myworkdayjobs.com%2FSearchJobs%2Fjob%2FDEU---Niedersachsen---Friesoythe%2FWerkstudent--m-w-d--Quality-Assurance-Systems_R416138"
"MSD","Werkstudent (m/w/d) Research Antiparasitics","Werkstudent","Other DACH","DEU - Rheinland-Pfalz - Schwabenheim","2026-09-08T09:54:32.237Z","https://msd.wd5.myworkdayjobs.com/SearchJobs/job/DEU---Rheinland-Pfalz---Schwabenheim/Werkstudent--m-w-d--Research-Antiparasitics_R416157","https://careerkit.me/api/apply?src=github-dach&company=msd&url=https%3A%2F%2Fmsd.wd5.myworkdayjobs.com%2FSearchJobs%2Fjob%2FDEU---Rheinland-Pfalz---Schwabenheim%2FWerkstudent--m-w-d--Research-Antiparasitics_R416157"
"MSD","Werkstudent (m/w/d) Pharma Tech Support","Werkstudent","Other DACH","DEU - Bayern - Unterschleissheim","2026-08-26T09:54:32.237Z","https://msd.wd5.myworkdayjobs.com/SearchJobs/job/DEU---Bayern---Unterschleissheim/Werkstudent--m-w-d--Pharma-Tech-Support_R406186","https://careerkit.me/api/apply?src=github-dach&company=msd&url=https%3A%2F%2Fmsd.wd5.myworkdayjobs.com%2FSearchJobs%2Fjob%2FDEU---Bayern---Unterschleissheim%2FWerkstudent--m-w-d--Pharma-Tech-Support_R406186"
"MSD","Werkstudent (m/w/d) Einkauf","Werkstudent","Other DACH","DEU - Niedersachsen - Friesoythe","2026-08-26T09:54:32.237Z","https://msd.wd5.myworkdayjobs.com/SearchJobs/job/DEU---Niedersachsen---Friesoythe/Werkstudent--m-w-d--Einkauf_R385998","https://careerkit.me/api/apply?src=github-dach&company=msd&url=https%3A%2F%2Fmsd.wd5.myworkdayjobs.com%2FSearchJobs%2Fjob%2FDEU---Niedersachsen---Friesoythe%2FWerkstudent--m-w-d--Einkauf_R385998"
"MSD","Werkstudent (m/w/d) Pharmaceutical Technical Solutions","Werkstudent","Other DACH","DEU - Niedersachsen - Friesoythe","2026-08-26T09:54:32.237Z","https://msd.wd5.myworkdayjobs.com/SearchJobs/job/DEU---Niedersachsen---Friesoythe/Werkstudent--m-w-d--Quality-Assurance-Systems_R384362","https://careerkit.me/api/apply?src=github-dach&company=msd&url=https%3A%2F%2Fmsd.wd5.myworkdayjobs.com%2FSearchJobs%2Fjob%2FDEU---Niedersachsen---Friesoythe%2FWerkstudent--m-w-d--Quality-Assurance-Systems_R384362"
"Naturenergie Hochrhein","Werkstudent im Bereich Change Management (m/w/d)","Werkstudent","Other DACH","Rheinfelden (DE)","","https://energiedienst.wd103.myworkdayjobs.com/1894-1898-2002/job/Rheinfelden-DE/Werkstudent-im-Bereich-Change-Management--m-w-d-_JR102384","https://careerkit.me/api/apply?src=github-dach&company=naturenergie-hochrhein&url=https%3A%2F%2Fenergiedienst.wd103.myworkdayjobs.com%2F1894-1898-2002%2Fjob%2FRheinfelden-DE%2FWerkstudent-im-Bereich-Change-Management--m-w-d-_JR102384"
"Naturenergie Hochrhein","Werkstudent im Bereich Umweltmanagement und Nachhaltigkeit (m/w/d)","Werkstudent","Other DACH","2 Standorte","","https://energiedienst.wd103.myworkdayjobs.com/1894-1898-2002/job/Rheinfelden-DE/Werkstudent-im-Bereich-Umweltmanagement-und-Nachhaltigkeit--m-w-d-_JR102409","https://careerkit.me/api/apply?src=github-dach&company=naturenergie-hochrhein&url=https%3A%2F%2Fenergiedienst.wd103.myworkdayjobs.com%2F1894-1898-2002%2Fjob%2FRheinfelden-DE%2FWerkstudent-im-Bereich-Umweltmanagement-und-Nachhaltigkeit--m-w-d-_JR102409"
"Naturenergie Hochrhein","Werkstudent für technische Standards und Prozessmanagement (m/w/d)","Werkstudent","Other DACH","Rheinfelden (DE)","","https://energiedienst.wd103.myworkdayjobs.com/1894-1898-2002/job/Rheinfelden-DE/Werkstudent-fr-technische-Standards-und-Prozessmanagement--m-w-d-_JR102416","https://careerkit.me/api/apply?src=github-dach&company=naturenergie-hochrhein&url=https%3A%2F%2Fenergiedienst.wd103.myworkdayjobs.com%2F1894-1898-2002%2Fjob%2FRheinfelden-DE%2FWerkstudent-fr-technische-Standards-und-Prozessmanagement--m-w-d-_JR102416"
"Naturenergie Hochrhein","Werkstudent für Digitalisierung & Datenmanagement im Bereich Immobilien (m/w/d)","Werkstudent","Other DACH","Rheinfelden (DE)","","https://energiedienst.wd103.myworkdayjobs.com/1894-1898-2002/job/Rheinfelden-DE/Werkstudent-fr-Digitalisierung---Datenmanagement-im-Bereich-Immobilien--m-w-d-_JR102432","https://careerkit.me/api/apply?src=github-dach&company=naturenergie-hochrhein&url=https%3A%2F%2Fenergiedienst.wd103.myworkdayjobs.com%2F1894-1898-2002%2Fjob%2FRheinfelden-DE%2FWerkstudent-fr-Digitalisierung---Datenmanagement-im-Bereich-Immobilien--m-w-d-_JR102432"
"Rhenus Logistics","Werkstudent (w/m/d) QHSE","Werkstudent","Other DACH","Nordenham, Germany","2026-09-25T09:54:38.363Z","https://rhe.wd3.myworkdayjobs.com/R1111/job/Nordenham-Germany/Werkstudent--w-m-d--QHSE_JR125654","https://careerkit.me/api/apply?src=github-dach&company=rhenus-logistics&url=https%3A%2F%2Frhe.wd3.myworkdayjobs.com%2FR1111%2Fjob%2FNordenham-Germany%2FWerkstudent--w-m-d--QHSE_JR125654"
"Rhenus Logistics","Werkstudent Group Talent Management (w/m/d)","Werkstudent","Other DACH","2 Locations","2026-09-08T09:54:38.363Z","https://rhe.wd3.myworkdayjobs.com/R1111/job/Hilden-Germany/Werkstudent-Group-Talent-Management--w-m-d-_JR125319-1","https://careerkit.me/api/apply?src=github-dach&company=rhenus-logistics&url=https%3A%2F%2Frhe.wd3.myworkdayjobs.com%2FR1111%2Fjob%2FHilden-Germany%2FWerkstudent-Group-Talent-Management--w-m-d-_JR125319-1"
"Rhenus Logistics","Werkstudent (w/m/d) Group HR People Technology","Werkstudent","Other DACH","Holzwickede, Germany","2026-09-04T09:54:38.363Z","https://rhe.wd3.myworkdayjobs.com/R1111/job/Holzwickede-Germany/Werkstudent--w-m-d--Group-HR-People-Technology_JR125234","https://careerkit.me/api/apply?src=github-dach&company=rhenus-logistics&url=https%3A%2F%2Frhe.wd3.myworkdayjobs.com%2FR1111%2Fjob%2FHolzwickede-Germany%2FWerkstudent--w-m-d--Group-HR-People-Technology_JR125234"
"Rhenus Logistics","Werkstudent Social Media & Content Creation (w/m/d)","Werkstudent","Other DACH","Hilden, Germany","2026-09-02T09:54:38.363Z","https://rhe.wd3.myworkdayjobs.com/R1111/job/Hilden-Germany/Werkstudent-Social-Media---Content-Creation--w-m-d-_JR124874","https://careerkit.me/api/apply?src=github-dach&company=rhenus-logistics&url=https%3A%2F%2Frhe.wd3.myworkdayjobs.com%2FR1111%2Fjob%2FHilden-Germany%2FWerkstudent-Social-Media---Content-Creation--w-m-d-_JR124874"
"Rhenus Logistics","Werkstudent (w/m/d) Projekt- und Prozessmanagement Lagerlogistik","Werkstudent","Other DACH","Bönen, Germany","2026-08-26T09:54:38.363Z","https://rhe.wd3.myworkdayjobs.com/R1111/job/Bnen-Germany/Werkstudent--w-m-d--Projekt--und-Prozessmanagement-Lagerlogistik_JR124811","https://careerkit.me/api/apply?src=github-dach&company=rhenus-logistics&url=https%3A%2F%2Frhe.wd3.myworkdayjobs.com%2FR1111%2Fjob%2FBnen-Germany%2FWerkstudent--w-m-d--Projekt--und-Prozessmanagement-Lagerlogistik_JR124811"
"Rhenus Logistics","Werkstudent (w/m/d) Group Shareholdings International","Werkstudent","Other DACH","Holzwickede, Germany","2026-08-26T09:54:38.363Z","https://rhe.wd3.myworkdayjobs.com/R1111/job/Holzwickede-Germany/Werkstudent--w-m-d--Group-Shareholdings-International_JR107952-1","https://careerkit.me/api/apply?src=github-dach&company=rhenus-logistics&url=https%3A%2F%2Frhe.wd3.myworkdayjobs.com%2FR1111%2Fjob%2FHolzwickede-Germany%2FWerkstudent--w-m-d--Group-Shareholdings-International_JR107952-1"
"SGS","Werkstudent*in / studentische Aushilfe (m/w/d) Mikrobiologie","Werkstudent","Other DACH","Fellbach, BW, Germany","2026-08-25T06:15:47.746Z","https://jobs.smartrecruiters.com/sgs/744000145425660","https://careerkit.me/api/apply?src=github-dach&company=sgs&url=https%3A%2F%2Fjobs.smartrecruiters.com%2Fsgs%2F744000145425660"
"SGS","Studentische Aushilfe (m/w/d) Mikrobiologie Food","Werkstudent","Other DACH","Fellbach, BW, Germany","2026-08-24T14:19:38.274Z","https://jobs.smartrecruiters.com/sgs/744000145294444","https://careerkit.me/api/apply?src=github-dach&company=sgs&url=https%3A%2F%2Fjobs.smartrecruiters.com%2Fsgs%2F744000145294444"
"SIXT","Studentische Teilzeitkraft Autovermietung (m/w/d)","Werkstudent","Other DACH","Fürth, BY, Germany","2026-09-22T09:46:58.337Z","https://jobs.smartrecruiters.com/sixt/744000150983609","https://careerkit.me/api/apply?src=github-dach&company=sixt&url=https%3A%2F%2Fjobs.smartrecruiters.com%2Fsixt%2F744000150983609"
"SIXT","Werkstudent Autovermietung (m/w/d)","Werkstudent","Other DACH","Fürth, BY, Germany","2026-09-22T09:45:41.116Z","https://jobs.smartrecruiters.com/sixt/744000150983069","https://careerkit.me/api/apply?src=github-dach&company=sixt&url=https%3A%2F%2Fjobs.smartrecruiters.com%2Fsixt%2F744000150983069"
"Sopra Steria","Werkstudent Transport & Mobility (m/w/d)","Werkstudent","Other DACH","bundesweit, , Germany","2026-07-02T10:07:42.823Z","https://jobs.smartrecruiters.com/SopraSteria1/744000135464669","https://careerkit.me/api/apply?src=github-dach&company=sopra-steria&url=https%3A%2F%2Fjobs.smartrecruiters.com%2FSopraSteria1%2F744000135464669"
"Sopra Steria","Werkstudent Project Management Office im Public Sector (m/w/d)","Werkstudent","Other DACH","bundesweit, , Germany","2026-06-12T09:45:06.398Z","https://jobs.smartrecruiters.com/SopraSteria1/744000131856217","https://careerkit.me/api/apply?src=github-dach&company=sopra-steria&url=https%3A%2F%2Fjobs.smartrecruiters.com%2FSopraSteria1%2F744000131856217"
"Sopra Steria","Werkstudent SAP Data & Analytics (m/w/d)","Werkstudent","Other DACH","bundesweit, , Germany","2026-05-07T10:58:39.418Z","https://jobs.smartrecruiters.com/SopraSteria1/744000125105059","https://careerkit.me/api/apply?src=github-dach&company=sopra-steria&url=https%3A%2F%2Fjobs.smartrecruiters.com%2FSopraSteria1%2F744000125105059"
"Sopra Steria","Werkstudent Cybersecurity (m/w/d)","Werkstudent","Other DACH","bundesweit, , Germany","2026-01-14T12:48:07.027Z","https://jobs.smartrecruiters.com/SopraSteria1/744000103505695","https://careerkit.me/api/apply?src=github-dach&company=sopra-steria&url=https%3A%2F%2Fjobs.smartrecruiters.com%2FSopraSteria1%2F744000103505695"
"SYNTEGON","Werkstudent Business Development und Innovation (m/w/d)","Werkstudent","Other DACH","Dierdorf, RP, Germany","2026-08-28T09:38:35.501Z","https://jobs.smartrecruiters.com/SYNTEGON/744000146148465","https://careerkit.me/api/apply?src=github-dach&company=syntegon&url=https%3A%2F%2Fjobs.smartrecruiters.com%2FSYNTEGON%2F744000146148465"
"Thermo Fisher Scientific","Werkstudent (m/w/d) für den Bereich Quality Befristet (6-12 Monate) - Teilzeit (20 Std./Woche)","Werkstudent","Other DACH","Langenselbold, Germany","2026-09-22T09:54:47.182Z","https://thermofisher.wd5.myworkdayjobs.com/ThermoFisherCareers/job/Langenselbold-Germany/Werkstudent--m-w-d--fr-den-Bereich-Quality-Befristet--6-12-Monate----Teilzeit--20-Std-Woche-_R-01365629","https://careerkit.me/api/apply?src=github-dach&company=thermo-fisher-scientific&url=https%3A%2F%2Fthermofisher.wd5.myworkdayjobs.com%2FThermoFisherCareers%2Fjob%2FLangenselbold-Germany%2FWerkstudent--m-w-d--fr-den-Bereich-Quality-Befristet--6-12-Monate----Teilzeit--20-Std-Woche-_R-01365629"
"Thermo Fisher Scientific","Werkstudent (m/w/d) Befristet (mind. 12 Monate) - Teilzeit (20 Std./Woche)","Werkstudent","Other DACH","Langenselbold, Germany","2026-08-26T09:54:47.182Z","https://thermofisher.wd5.myworkdayjobs.com/ThermoFisherCareers/job/Langenselbold-Germany/Werkstudent--m-w-d--Befristet--mind-12-Monate----Teilzeit--20-Std-Woche-_R-01363200","https://careerkit.me/api/apply?src=github-dach&company=thermo-fisher-scientific&url=https%3A%2F%2Fthermofisher.wd5.myworkdayjobs.com%2FThermoFisherCareers%2Fjob%2FLangenselbold-Germany%2FWerkstudent--m-w-d--Befristet--mind-12-Monate----Teilzeit--20-Std-Woche-_R-01363200"
"Gerresheimer","Praktikum HR Service Center / Personaladministration (m/w/d)","Praktikum","Regensburg","Regensburg, Bavaria, Germany","2026-08-17T13:16:54.534Z","https://jobs.smartrecruiters.com/gerresheimer/744000143830980","https://careerkit.me/api/apply?src=github-dach&company=gerresheimer&url=https%3A%2F%2Fjobs.smartrecruiters.com%2Fgerresheimer%2F744000143830980"
"H&M Group","Store Manager Trainee (m/w/d) - Europark Salzburg (38,5 Wochenstunden)","Junior","Salzburg","Salzburg, Salzburg, Austria","2026-09-10T09:19:04.346Z","https://jobs.smartrecruiters.com/HMGroup/744000148713996","https://careerkit.me/api/apply?src=github-dach&company=h-m-group&url=https%3A%2F%2Fjobs.smartrecruiters.com%2FHMGroup%2F744000148713996"
"Red Bull","Junior Personalverrechner / Personaladministration","Junior","Salzburg","Elsbethen, Salzburg, Austria","2026-09-21T14:02:20.304Z","https://jobs.smartrecruiters.com/RedBull/744000150707572","https://careerkit.me/api/apply?src=github-dach&company=red-bull&url=https%3A%2F%2Fjobs.smartrecruiters.com%2FRedBull%2F744000150707572"
"Red Bull","(Junior) Business Controller","Junior","Salzburg","Fuschl, Salzburg, Austria","2026-09-09T09:24:09.548Z","https://jobs.smartrecruiters.com/RedBull/744000148451479","https://careerkit.me/api/apply?src=github-dach&company=red-bull&url=https%3A%2F%2Fjobs.smartrecruiters.com%2FRedBull%2F744000148451479"
"Red Bull","Junior Digital Marketing Specialist","Junior","Salzburg","Elsbethen, Salzburg, Austria","2026-09-03T14:49:24.703Z","https://jobs.smartrecruiters.com/RedBull/744000147276619","https://careerkit.me/api/apply?src=github-dach&company=red-bull&url=https%3A%2F%2Fjobs.smartrecruiters.com%2FRedBull%2F744000147276619"
"SIXT","Management Trainee Filiale (m/w/d) Vollzeit","Junior","Salzburg","Salzburg, Salzburg, Austria","2026-09-08T08:52:17.801Z","https://jobs.smartrecruiters.com/sixt/744000148174459","https://careerkit.me/api/apply?src=github-dach&company=sixt&url=https%3A%2F%2Fjobs.smartrecruiters.com%2Fsixt%2F744000148174459"
"Bosch Group","Praktikum Logistik (w/m/div.) ab Februar 2027, ab 30 h/Woche","Praktikum","Salzburg","Hallein, Salzburg, Austria","2026-09-24T07:15:49.370Z","https://jobs.smartrecruiters.com/BoschGroup/744000151543479","https://careerkit.me/api/apply?src=github-dach&company=bosch-group&url=https%3A%2F%2Fjobs.smartrecruiters.com%2FBoschGroup%2F744000151543479"
"Bosch Group","Praktikum - Indirekter Einkauf (w/m/div.) ab Februar 2027","Praktikum","Salzburg","Hallein, Salzburg, Austria","2026-09-17T10:20:45.310Z","https://jobs.smartrecruiters.com/BoschGroup/744000150066969","https://careerkit.me/api/apply?src=github-dach&company=bosch-group&url=https%3A%2F%2Fjobs.smartrecruiters.com%2FBoschGroup%2F744000150066969"
"Red Bull","Internship Talent Acquisition","Praktikum","Salzburg","Elsbethen, Salzburg, Austria","2026-09-22T08:51:27.728Z","https://jobs.smartrecruiters.com/RedBull/744000150970340","https://careerkit.me/api/apply?src=github-dach&company=red-bull&url=https%3A%2F%2Fjobs.smartrecruiters.com%2FRedBull%2F744000150970340"
"Red Bull","Praktikum Unterhaltung & Entwicklung - Servus Media","Praktikum","Salzburg","Wals-Siezenheim, Salzburg, Austria","2026-09-18T11:47:38.349Z","https://jobs.smartrecruiters.com/RedBull/744000150351340","https://careerkit.me/api/apply?src=github-dach&company=red-bull&url=https%3A%2F%2Fjobs.smartrecruiters.com%2FRedBull%2F744000150351340"
"Red Bull","Internship Equipment Rental","Praktikum","Salzburg","Salzburg, Salzburg, Austria","2026-09-16T08:36:10.769Z","https://jobs.smartrecruiters.com/RedBull/744000149803929","https://careerkit.me/api/apply?src=github-dach&company=red-bull&url=https%3A%2F%2Fjobs.smartrecruiters.com%2FRedBull%2F744000149803929"
"Red Bull","Praktikum Equipment Rental","Praktikum","Salzburg","Salzburg, Salzburg, Austria","2026-09-16T08:35:58.389Z","https://jobs.smartrecruiters.com/RedBull/744000149803024","https://careerkit.me/api/apply?src=github-dach&company=red-bull&url=https%3A%2F%2Fjobs.smartrecruiters.com%2FRedBull%2F744000149803024"
"Red Bull","Internship Data Science","Praktikum","Salzburg","Elsbethen, Salzburg, Austria","2026-09-10T12:01:41.096Z","https://jobs.smartrecruiters.com/RedBull/744000148756269","https://careerkit.me/api/apply?src=github-dach&company=red-bull&url=https%3A%2F%2Fjobs.smartrecruiters.com%2FRedBull%2F744000148756269"
"Drees & Sommer SE","Studentischer Mitarbeiter (w/m/d) Baumanagement","Werkstudent","Salzburg","Salzburg, Salzburg, Austria","2026-07-30T10:40:25.267Z","https://jobs.smartrecruiters.com/DreesSommerSE/744000140655409","https://careerkit.me/api/apply?src=github-dach&company=drees-sommer-se&url=https%3A%2F%2Fjobs.smartrecruiters.com%2FDreesSommerSE%2F744000140655409"
"JYSK","Store Manager Trainee (a) 80-100% für die Filiale St. Gallen","Junior","St. Gallen","St. Gallen, SG, Switzerland","2026-08-17T14:11:02.290Z","https://jobs.smartrecruiters.com/jysk/744000143845392","https://careerkit.me/api/apply?src=github-dach&company=jysk&url=https%3A%2F%2Fjobs.smartrecruiters.com%2Fjysk%2F744000143845392"
"Drees & Sommer SE","Junior Bauingenieur / Architekt (w/m/d) Objektüberwachung","Junior","Stuttgart","Stuttgart, BW, Germany","2026-06-16T08:13:33.232Z","https://jobs.smartrecruiters.com/DreesSommerSE/744000132355489","https://careerkit.me/api/apply?src=github-dach&company=drees-sommer-se&url=https%3A%2F%2Fjobs.smartrecruiters.com%2FDreesSommerSE%2F744000132355489"
"Drees & Sommer SE","Junior Projektmanager (w/m/d) EPCM Industry","Junior","Stuttgart","Stuttgart, BW, Germany","2026-05-28T09:05:59.384Z","https://jobs.smartrecruiters.com/DreesSommerSE/744000128898720","https://careerkit.me/api/apply?src=github-dach&company=drees-sommer-se&url=https%3A%2F%2Fjobs.smartrecruiters.com%2FDreesSommerSE%2F744000128898720"
"Drees & Sommer SE","Junior Consultant (w/m/d) Resilience and Risk Advisory in Bau- und Immobilienprojekten","Junior","Stuttgart","Stuttgart, Baden-Württemberg, Germany","2026-05-26T09:54:20.875Z","https://jobs.smartrecruiters.com/DreesSommerSE/744000128448029","https://careerkit.me/api/apply?src=github-dach&company=drees-sommer-se&url=https%3A%2F%2Fjobs.smartrecruiters.com%2FDreesSommerSE%2F744000128448029"
"Drees & Sommer SE","Junior Ingenieur / Techniker (w/m/d) Objektüberwachung Elektrotechnik","Junior","Stuttgart","Stuttgart, BW, Germany","2026-05-26T09:07:27.499Z","https://jobs.smartrecruiters.com/DreesSommerSE/744000128435220","https://careerkit.me/api/apply?src=github-dach&company=drees-sommer-se&url=https%3A%2F%2Fjobs.smartrecruiters.com%2FDreesSommerSE%2F744000128435220"
"Drees & Sommer SE","Junior Ingenieur / Techniker (w/m/d) Objektüberwachung HLSK","Junior","Stuttgart","Stuttgart, BW, Germany","2026-05-26T09:03:52.337Z","https://jobs.smartrecruiters.com/DreesSommerSE/744000128433651","https://careerkit.me/api/apply?src=github-dach&company=drees-sommer-se&url=https%3A%2F%2Fjobs.smartrecruiters.com%2FDreesSommerSE%2F744000128433651"
"Drees & Sommer SE","Junior Consultant (w/m/d) Claim- und Risikomanagement in Bau- und Immobilienprojekten","Junior","Stuttgart","Stuttgart, BW, Germany","2026-05-26T08:01:05.411Z","https://jobs.smartrecruiters.com/DreesSommerSE/744000128416197","https://careerkit.me/api/apply?src=github-dach&company=drees-sommer-se&url=https%3A%2F%2Fjobs.smartrecruiters.com%2FDreesSommerSE%2F744000128416197"
"salonkee","Junior Sales Manager im Außendienst (w/m/d) - Stuttgart","Junior","Stuttgart","Deutschland / Stuttgart","2026-03-25T19:24:56.474+00:00","https://jobs.ashbyhq.com/salonkee/389f7778-d224-41c1-aa9a-708ae77c1049","https://careerkit.me/api/apply?src=github-dach&company=salonkee&url=https%3A%2F%2Fjobs.ashbyhq.com%2Fsalonkee%2F389f7778-d224-41c1-aa9a-708ae77c1049"
"Bosch Group","Praktikum im Bereich Human Resources bei Bosch Smart Home","Praktikum","Stuttgart","Stuttgart, BW, Germany","2026-09-24T12:03:25.332Z","https://jobs.smartrecruiters.com/BoschGroup/744000151601899","https://careerkit.me/api/apply?src=github-dach&company=bosch-group&url=https%3A%2F%2Fjobs.smartrecruiters.com%2FBoschGroup%2F744000151601899"
"Bosch Group","Pflichtpraktikum im Werkscontrolling","Praktikum","Stuttgart","Stuttgart, BW, Germany","2026-09-23T13:05:10.366Z","https://jobs.smartrecruiters.com/BoschGroup/744000151378729","https://careerkit.me/api/apply?src=github-dach&company=bosch-group&url=https%3A%2F%2Fjobs.smartrecruiters.com%2FBoschGroup%2F744000151378729"
"Bosch Group","Pflichtpraktikum im Bereich Interne Kommunikation und Eventmanagement","Praktikum","Stuttgart","Stuttgart, BW, Germany","2026-09-23T08:11:51.839Z","https://jobs.smartrecruiters.com/BoschGroup/744000151319219","https://careerkit.me/api/apply?src=github-dach&company=bosch-group&url=https%3A%2F%2Fjobs.smartrecruiters.com%2FBoschGroup%2F744000151319219"
"Bosch Group","Pflichtpraktikum im operativen und strategischen Controlling","Praktikum","Stuttgart","Stuttgart, BW, Germany","2026-09-23T06:47:19.102Z","https://jobs.smartrecruiters.com/BoschGroup/744000151302274","https://careerkit.me/api/apply?src=github-dach&company=bosch-group&url=https%3A%2F%2Fjobs.smartrecruiters.com%2FBoschGroup%2F744000151302274"
"Bosch Group","Pflichtpraktikum im kommerziellen Einkauf","Praktikum","Stuttgart","Stuttgart, BW, Germany","2026-09-23T05:47:15.700Z","https://jobs.smartrecruiters.com/BoschGroup/744000151295609","https://careerkit.me/api/apply?src=github-dach&company=bosch-group&url=https%3A%2F%2Fjobs.smartrecruiters.com%2FBoschGroup%2F744000151295609"
"Bosch Group","Pflichtpraktikum im strategischen Einkauf von Logistikdienstleistungen (w/m/div.)","Praktikum","Stuttgart","Stuttgart, BW, Germany","2026-09-22T12:27:20.808Z","https://jobs.smartrecruiters.com/BoschGroup/744000151019814","https://careerkit.me/api/apply?src=github-dach&company=bosch-group&url=https%3A%2F%2Fjobs.smartrecruiters.com%2FBoschGroup%2F744000151019814"
"Bosch Group","Mandatory Internship in the Strategic Purchasing of Logistics Services","Praktikum","Stuttgart","Stuttgart, BW, Germany","2026-09-22T12:26:52.452Z","https://jobs.smartrecruiters.com/BoschGroup/744000151022049","https://careerkit.me/api/apply?src=github-dach&company=bosch-group&url=https%3A%2F%2Fjobs.smartrecruiters.com%2FBoschGroup%2F744000151022049"
"Bosch Group","Pflichtpraktikum im weltweiten Angebotscontrolling","Praktikum","Stuttgart","Stuttgart, BW, Germany","2026-09-21T13:44:46.531Z","https://jobs.smartrecruiters.com/BoschGroup/744000150703210","https://careerkit.me/api/apply?src=github-dach&company=bosch-group&url=https%3A%2F%2Fjobs.smartrecruiters.com%2FBoschGroup%2F744000150703210"
"Bosch Group","Pflichtpraktikum im Bereich Einkauf","Praktikum","Stuttgart","Stuttgart, BW, Germany","2026-09-17T09:14:55.562Z","https://jobs.smartrecruiters.com/BoschGroup/744000150052969","https://careerkit.me/api/apply?src=github-dach&company=bosch-group&url=https%3A%2F%2Fjobs.smartrecruiters.com%2FBoschGroup%2F744000150052969"
"Bosch Group","Praktikum im Bereich Marketing und Kommunikation","Praktikum","Stuttgart","Stuttgart, BW, Germany","2026-09-15T08:42:23.439Z","https://jobs.smartrecruiters.com/BoschGroup/744000149536959","https://careerkit.me/api/apply?src=github-dach&company=bosch-group&url=https%3A%2F%2Fjobs.smartrecruiters.com%2FBoschGroup%2F744000149536959"
"Bosch Group","Pflichtpraktikum in der Fertigungsplanung Oberflächenbeschichtung","Praktikum","Stuttgart","Stuttgart, BW, Germany","2026-09-15T07:20:25.302Z","https://jobs.smartrecruiters.com/BoschGroup/744000149517574","https://careerkit.me/api/apply?src=github-dach&company=bosch-group&url=https%3A%2F%2Fjobs.smartrecruiters.com%2FBoschGroup%2F744000149517574"
"Bosch Group","Praktikum Logistik und Supply Chain Design","Praktikum","Stuttgart","Stuttgart, BW, Germany","2026-09-14T13:52:17.269Z","https://jobs.smartrecruiters.com/BoschGroup/744000149343389","https://careerkit.me/api/apply?src=github-dach&company=bosch-group&url=https%3A%2F%2Fjobs.smartrecruiters.com%2FBoschGroup%2F744000149343389"
"Bosch Group","Pflichtpraktikum im Bereich Softwareentwicklung (Full-Stack)","Praktikum","Stuttgart","Stuttgart, BW, Germany","2026-09-14T13:35:54.631Z","https://jobs.smartrecruiters.com/BoschGroup/744000149337115","https://careerkit.me/api/apply?src=github-dach&company=bosch-group&url=https%3A%2F%2Fjobs.smartrecruiters.com%2FBoschGroup%2F744000149337115"
"Bosch Group","Pflichtpraktikum im strategischen Einkauf – Globale Beschaffung","Praktikum","Stuttgart","Stuttgart, BW, Germany","2026-09-10T12:32:27.070Z","https://jobs.smartrecruiters.com/BoschGroup/744000148761995","https://careerkit.me/api/apply?src=github-dach&company=bosch-group&url=https%3A%2F%2Fjobs.smartrecruiters.com%2FBoschGroup%2F744000148761995"
"Bosch Group","Pflichtpraktikum im Bereich Human Resources Management - People Matter","Praktikum","Stuttgart","Stuttgart, BW, Germany","2026-09-08T12:22:04.974Z","https://jobs.smartrecruiters.com/BoschGroup/744000148221819","https://careerkit.me/api/apply?src=github-dach&company=bosch-group&url=https%3A%2F%2Fjobs.smartrecruiters.com%2FBoschGroup%2F744000148221819"
"Bosch Group","Pflichtpraktikum im strategischen Halbleitereinkauf","Praktikum","Stuttgart","Stuttgart, BW, Germany","2026-09-08T07:45:21.702Z","https://jobs.smartrecruiters.com/BoschGroup/744000148153643","https://careerkit.me/api/apply?src=github-dach&company=bosch-group&url=https%3A%2F%2Fjobs.smartrecruiters.com%2FBoschGroup%2F744000148153643"
"Bosch Group","Mandatory Internship Packaging Purchasing","Praktikum","Stuttgart","Stuttgart, BW, Germany","2026-09-02T14:38:10.125Z","https://jobs.smartrecruiters.com/BoschGroup/744000147012239","https://careerkit.me/api/apply?src=github-dach&company=bosch-group&url=https%3A%2F%2Fjobs.smartrecruiters.com%2FBoschGroup%2F744000147012239"
"Bosch Group","Pflichtpraktikum IT-Sicherheit in der Fertigung","Praktikum","Stuttgart","Stuttgart, BW, Germany","2026-09-02T07:50:27.223Z","https://jobs.smartrecruiters.com/BoschGroup/744000146914109","https://careerkit.me/api/apply?src=github-dach&company=bosch-group&url=https%3A%2F%2Fjobs.smartrecruiters.com%2FBoschGroup%2F744000146914109"
"Bosch Group","Pflichtpraktikum im strategischen Supply Chain Management - Purchasing/Einkauf, Automotive Electronics und Innovation","Praktikum","Stuttgart","Stuttgart, BW, Germany","2026-08-17T07:25:31.936Z","https://jobs.smartrecruiters.com/BoschGroup/744000143755650","https://careerkit.me/api/apply?src=github-dach&company=bosch-group&url=https%3A%2F%2Fjobs.smartrecruiters.com%2FBoschGroup%2F744000143755650"
"Bosch Group","Pflichtpraktikum Bereich Human Resources – Kommunikation & Projektmanagement","Praktikum","Stuttgart","Stuttgart, BW, Germany","2026-07-24T11:59:00.557Z","https://jobs.smartrecruiters.com/BoschGroup/744000139583169","https://careerkit.me/api/apply?src=github-dach&company=bosch-group&url=https%3A%2F%2Fjobs.smartrecruiters.com%2FBoschGroup%2F744000139583169"
"Bosch Group","Praktikum im Bereich HR – Training & Digital Learning","Praktikum","Stuttgart","Stuttgart, Baden-Württemberg, Germany","2026-07-23T14:20:53.408Z","https://jobs.smartrecruiters.com/BoschGroup/744000139301305","https://careerkit.me/api/apply?src=github-dach&company=bosch-group&url=https%3A%2F%2Fjobs.smartrecruiters.com%2FBoschGroup%2F744000139301305"
"Bosch Group","Pflichtpraktikum im Bereich KI-Portfolio & Wissensmanagement","Praktikum","Stuttgart","Stuttgart, BW, Germany","2026-07-23T05:55:39.043Z","https://jobs.smartrecruiters.com/BoschGroup/744000139206679","https://careerkit.me/api/apply?src=github-dach&company=bosch-group&url=https%3A%2F%2Fjobs.smartrecruiters.com%2FBoschGroup%2F744000139206679"
"Bosch Group","Pflichtpraktikum im Change Management & Organisationsentwicklung","Praktikum","Stuttgart","Stuttgart, BW, Germany","2026-07-15T07:57:07.374Z","https://jobs.smartrecruiters.com/BoschGroup/744000137824092","https://careerkit.me/api/apply?src=github-dach&company=bosch-group&url=https%3A%2F%2Fjobs.smartrecruiters.com%2FBoschGroup%2F744000137824092"
"Bosch Group","Praktikum in der Prozessentwicklung und -überwachung beim Laserstrahlschweißen","Praktikum","Stuttgart","Stuttgart, BW, Germany","2026-07-15T07:54:45.373Z","https://jobs.smartrecruiters.com/BoschGroup/744000137823668","https://careerkit.me/api/apply?src=github-dach&company=bosch-group&url=https%3A%2F%2Fjobs.smartrecruiters.com%2FBoschGroup%2F744000137823668"
"Bosch Group","Praktikum in der Film- und Videokommunikation","Praktikum","Stuttgart","Stuttgart, BW, Germany","2026-07-15T07:51:36.690Z","https://jobs.smartrecruiters.com/BoschGroup/744000137822958","https://careerkit.me/api/apply?src=github-dach&company=bosch-group&url=https%3A%2F%2Fjobs.smartrecruiters.com%2FBoschGroup%2F744000137822958"
"Bosch Group","Praktikum Scrum-Master im Agilen Team","Praktikum","Stuttgart","Stuttgart, BW, Germany","2026-07-15T07:50:24.164Z","https://jobs.smartrecruiters.com/BoschGroup/744000137821011","https://careerkit.me/api/apply?src=github-dach&company=bosch-group&url=https%3A%2F%2Fjobs.smartrecruiters.com%2FBoschGroup%2F744000137821011"
"Bosch Group","Pflichtpraktikum im Vertrieb - Key-Account-Bereich für Mercedes-Benz","Praktikum","Stuttgart","Stuttgart, BW, Germany","2026-07-07T08:44:37.101Z","https://jobs.smartrecruiters.com/BoschGroup/744000136171236","https://careerkit.me/api/apply?src=github-dach&company=bosch-group&url=https%3A%2F%2Fjobs.smartrecruiters.com%2FBoschGroup%2F744000136171236"
"Bosch Group","Praktikum im Projektmanagement - Sondermaschinenbau","Praktikum","Stuttgart","Stuttgart, BW, Germany","2026-07-02T11:43:21.179Z","https://jobs.smartrecruiters.com/BoschGroup/744000135478572","https://careerkit.me/api/apply?src=github-dach&company=bosch-group&url=https%3A%2F%2Fjobs.smartrecruiters.com%2FBoschGroup%2F744000135478572"
"Bosch Group","Praktikum im Sondermaschinenbau - Bereich Konstruktion","Praktikum","Stuttgart","Stuttgart, BW, Germany","2026-06-29T12:01:26.782Z","https://jobs.smartrecruiters.com/BoschGroup/744000134771507","https://careerkit.me/api/apply?src=github-dach&company=bosch-group&url=https%3A%2F%2Fjobs.smartrecruiters.com%2FBoschGroup%2F744000134771507"
"Bosch Group","Pflichtpraktikum im strategischen Einkauf – Passive Elektronik","Praktikum","Stuttgart","Stuttgart, BW, Germany","2026-06-01T09:59:53.161Z","https://jobs.smartrecruiters.com/BoschGroup/744000129448002","https://careerkit.me/api/apply?src=github-dach&company=bosch-group&url=https%3A%2F%2Fjobs.smartrecruiters.com%2FBoschGroup%2F744000129448002"
"Bosch Group","Pflichtpraktikum im Einkauf – Schwerpunkt internationale Beschaffung mechanischer Teile","Praktikum","Stuttgart","Stuttgart, BW, Germany","2026-05-21T13:03:02.111Z","https://jobs.smartrecruiters.com/BoschGroup/744000127664650","https://careerkit.me/api/apply?src=github-dach&company=bosch-group&url=https%3A%2F%2Fjobs.smartrecruiters.com%2FBoschGroup%2F744000127664650"
"Bosch Group","Praktikum Datenanalyse und Softwaremonitoring","Praktikum","Stuttgart","Stuttgart, BW, Germany","2026-01-22T12:35:12.140Z","https://jobs.smartrecruiters.com/BoschGroup/744000104910695","https://careerkit.me/api/apply?src=github-dach&company=bosch-group&url=https%3A%2F%2Fjobs.smartrecruiters.com%2FBoschGroup%2F744000104910695"
"Drees & Sommer SE","Praktikant (w/m/d) Engineering audiovisuelle Medientechnik","Praktikum","Stuttgart","Stuttgart, BW, Germany","2026-09-25T08:55:25.464Z","https://jobs.smartrecruiters.com/DreesSommerSE/744000151794535","https://careerkit.me/api/apply?src=github-dach&company=drees-sommer-se&url=https%3A%2F%2Fjobs.smartrecruiters.com%2FDreesSommerSE%2F744000151794535"
"Drees & Sommer SE","Praktikant (w/m/d) Business Development & Projektmanagement","Praktikum","Stuttgart","Stuttgart, BW, Germany","2026-09-24T12:41:52.118Z","https://jobs.smartrecruiters.com/DreesSommerSE/744000151609459","https://careerkit.me/api/apply?src=github-dach&company=drees-sommer-se&url=https%3A%2F%2Fjobs.smartrecruiters.com%2FDreesSommerSE%2F744000151609459"
"Drees & Sommer SE","Praktikant (w/m/d) HR Studierenden-Recruiting","Praktikum","Stuttgart","Stuttgart, BW, Germany","2026-09-22T05:06:23.087Z","https://jobs.smartrecruiters.com/DreesSommerSE/744000150931424","https://careerkit.me/api/apply?src=github-dach&company=drees-sommer-se&url=https%3A%2F%2Fjobs.smartrecruiters.com%2FDreesSommerSE%2F744000150931424"
"Drees & Sommer SE","Praktikant (w/m/d) Projektmanagement - Infrastruktur","Praktikum","Stuttgart","Stuttgart, BW, Germany","2026-09-15T08:35:59.785Z","https://jobs.smartrecruiters.com/DreesSommerSE/744000149535019","https://careerkit.me/api/apply?src=github-dach&company=drees-sommer-se&url=https%3A%2F%2Fjobs.smartrecruiters.com%2FDreesSommerSE%2F744000149535019"
"Drees & Sommer SE","Praktikant (w/m/d) Buchhaltung","Praktikum","Stuttgart","Stuttgart, BW, Germany","2026-09-11T13:05:51.992Z","https://jobs.smartrecruiters.com/DreesSommerSE/744000149017509","https://careerkit.me/api/apply?src=github-dach&company=drees-sommer-se&url=https%3A%2F%2Fjobs.smartrecruiters.com%2FDreesSommerSE%2F744000149017509"
"Drees & Sommer SE","Praktikant (w/m/d) Projektmanagement Office (PMO) – Major Projects Consulting","Praktikum","Stuttgart","Stuttgart, BW, Germany","2026-09-08T09:45:29.350Z","https://jobs.smartrecruiters.com/DreesSommerSE/744000148185295","https://careerkit.me/api/apply?src=github-dach&company=drees-sommer-se&url=https%3A%2F%2Fjobs.smartrecruiters.com%2FDreesSommerSE%2F744000148185295"
"Drees & Sommer SE","Praktikant (w/m/d) Innen-/Architektur","Praktikum","Stuttgart","Stuttgart, BW, Germany","2026-08-31T13:57:53.387Z","https://jobs.smartrecruiters.com/DreesSommerSE/744000146479019","https://careerkit.me/api/apply?src=github-dach&company=drees-sommer-se&url=https%3A%2F%2Fjobs.smartrecruiters.com%2FDreesSommerSE%2F744000146479019"
"Drees & Sommer SE","Praktikant (w/m/d) Stadtentwicklung & Raumplanung","Praktikum","Stuttgart","Stuttgart, BW, Germany","2026-08-31T09:07:22.120Z","https://jobs.smartrecruiters.com/DreesSommerSE/744000146424940","https://careerkit.me/api/apply?src=github-dach&company=drees-sommer-se&url=https%3A%2F%2Fjobs.smartrecruiters.com%2FDreesSommerSE%2F744000146424940"
"Drees & Sommer SE","Praktikant (w/m/d) Online-Marketing mit Schwerpunkt Website & SEM","Praktikum","Stuttgart","Stuttgart, BW, Germany","2026-08-18T10:42:20.079Z","https://jobs.smartrecruiters.com/DreesSommerSE/744000144035535","https://careerkit.me/api/apply?src=github-dach&company=drees-sommer-se&url=https%3A%2F%2Fjobs.smartrecruiters.com%2FDreesSommerSE%2F744000144035535"
"Drees & Sommer SE","Praktikant (w/m/d) Business Development & Marketing","Praktikum","Stuttgart","Stuttgart, BW, Germany","2026-08-13T13:35:26.660Z","https://jobs.smartrecruiters.com/DreesSommerSE/744000143319099","https://careerkit.me/api/apply?src=github-dach&company=drees-sommer-se&url=https%3A%2F%2Fjobs.smartrecruiters.com%2FDreesSommerSE%2F744000143319099"
"Drees & Sommer SE","Praktikant (w/m/d) Audiovisuelle Content Creation","Praktikum","Stuttgart","Stuttgart, BW, Germany","2026-08-03T11:56:03.529Z","https://jobs.smartrecruiters.com/DreesSommerSE/744000141244578","https://careerkit.me/api/apply?src=github-dach&company=drees-sommer-se&url=https%3A%2F%2Fjobs.smartrecruiters.com%2FDreesSommerSE%2F744000141244578"
"Drees & Sommer SE","Praktikant (w/m/d) Immobilien- & Facility Management Beratung","Praktikum","Stuttgart","Stuttgart, BW, Germany","2026-08-03T06:00:32.148Z","https://jobs.smartrecruiters.com/DreesSommerSE/744000141178750","https://careerkit.me/api/apply?src=github-dach&company=drees-sommer-se&url=https%3A%2F%2Fjobs.smartrecruiters.com%2FDreesSommerSE%2F744000141178750"
"Drees & Sommer SE","Praktikant (w/m/d) Projektmanagement Hochbau","Praktikum","Stuttgart","Stuttgart, BW, Germany","2026-07-20T11:43:23.917Z","https://jobs.smartrecruiters.com/DreesSommerSE/744000138619829","https://careerkit.me/api/apply?src=github-dach&company=drees-sommer-se&url=https%3A%2F%2Fjobs.smartrecruiters.com%2FDreesSommerSE%2F744000138619829"
"Drees & Sommer SE","Praktikant (w/m/d) Online-Texting & Content Editing","Praktikum","Stuttgart","Stuttgart, BW, Germany","2026-06-25T12:06:00.365Z","https://jobs.smartrecruiters.com/DreesSommerSE/744000134249809","https://careerkit.me/api/apply?src=github-dach&company=drees-sommer-se&url=https%3A%2F%2Fjobs.smartrecruiters.com%2FDreesSommerSE%2F744000134249809"
"Drees & Sommer SE","Pflicht-/freiwilliger Praktikant (w/m/d) internationales Projektmanagement Industriebau","Praktikum","Stuttgart","Stuttgart, BW, Germany","2026-05-26T08:07:27.116Z","https://jobs.smartrecruiters.com/DreesSommerSE/744000128419729","https://careerkit.me/api/apply?src=github-dach&company=drees-sommer-se&url=https%3A%2F%2Fjobs.smartrecruiters.com%2FDreesSommerSE%2F744000128419729"
"Drees & Sommer SE","Praktikant (w/m/d) Dekarbonisierung von Gebäuden und Portfolien","Praktikum","Stuttgart","Stuttgart, BW, Germany","2026-05-26T07:08:33.880Z","https://jobs.smartrecruiters.com/DreesSommerSE/744000128406144","https://careerkit.me/api/apply?src=github-dach&company=drees-sommer-se&url=https%3A%2F%2Fjobs.smartrecruiters.com%2FDreesSommerSE%2F744000128406144"
"Hitachi","Schulpraktikum - BORS / BOGY (m/w/d)","Praktikum","Stuttgart","Stuttgart, Baden-Württemberg, Germany","2026-08-26T09:54:30.043Z","https://hitachi.wd1.myworkdayjobs.com/hitachi/job/Stuttgart-Baden-Wrttemberg-Germany/Schulpraktikum---BORS---BOGY--m-w-d-_R1011734-1","https://careerkit.me/api/apply?src=github-dach&company=hitachi&url=https%3A%2F%2Fhitachi.wd1.myworkdayjobs.com%2Fhitachi%2Fjob%2FStuttgart-Baden-Wrttemberg-Germany%2FSchulpraktikum---BORS---BOGY--m-w-d-_R1011734-1"
"Sereact","Product Marketing Intern","Praktikum","Stuttgart","Stuttgart Schockenriedstr. 17","2026-09-04T17:21:22.184+00:00","https://jobs.ashbyhq.com/sereact/58f964c5-85e8-498c-820d-002df34cd559","https://careerkit.me/api/apply?src=github-dach&company=sereact&url=https%3A%2F%2Fjobs.ashbyhq.com%2Fsereact%2F58f964c5-85e8-498c-820d-002df34cd559"
"Sereact","Product Manager Intern (m/f/d)","Praktikum","Stuttgart","Stuttgart Schockenriedstr. 17","2026-09-04T17:23:31.315+00:00","https://jobs.ashbyhq.com/sereact/7549093b-0918-4136-ac47-81063ded166d","https://careerkit.me/api/apply?src=github-dach&company=sereact&url=https%3A%2F%2Fjobs.ashbyhq.com%2Fsereact%2F7549093b-0918-4136-ac47-81063ded166d"
"Sereact","Internship Teleoperation & Data Labeling","Praktikum","Stuttgart","Stuttgart Schockenriedstr. 17","2026-07-20T12:37:57.735+00:00","https://jobs.ashbyhq.com/sereact/6cdac4ee-0bbb-44f5-a846-c0dbe1ce345a","https://careerkit.me/api/apply?src=github-dach&company=sereact&url=https%3A%2F%2Fjobs.ashbyhq.com%2Fsereact%2F6cdac4ee-0bbb-44f5-a846-c0dbe1ce345a"
"Sereact","Internship R&D","Praktikum","Stuttgart","Stuttgart Schockenriedstr. 17","2026-03-10T13:26:58.221+00:00","https://jobs.ashbyhq.com/sereact/54f1304b-89fb-47b4-ade5-51e1c2a74f41","https://careerkit.me/api/apply?src=github-dach&company=sereact&url=https%3A%2F%2Fjobs.ashbyhq.com%2Fsereact%2F54f1304b-89fb-47b4-ade5-51e1c2a74f41"
"Sereact","Internship Hardware (m/f/d)","Praktikum","Stuttgart","Stuttgart Schockenriedstr. 17","2026-02-05T14:37:24.957+00:00","https://jobs.ashbyhq.com/sereact/5649e368-88e0-4c0f-b263-a007b53b4694","https://careerkit.me/api/apply?src=github-dach&company=sereact&url=https%3A%2F%2Fjobs.ashbyhq.com%2Fsereact%2F5649e368-88e0-4c0f-b263-a007b53b4694"
"Sereact","Internship Strategy & Execution (m/f/d)","Praktikum","Stuttgart","Stuttgart Schockenriedstr. 17","2026-02-05T14:34:33.665+00:00","https://jobs.ashbyhq.com/sereact/816245cb-3d32-4e9c-b647-c75cd40fc487","https://careerkit.me/api/apply?src=github-dach&company=sereact&url=https%3A%2F%2Fjobs.ashbyhq.com%2Fsereact%2F816245cb-3d32-4e9c-b647-c75cd40fc487"
"Bosch Group","Working Student in Automotive Security (f/m/div.)","Werkstudent","Stuttgart","Stuttgart, BW, Germany","2026-09-16T07:57:05.841Z","https://jobs.smartrecruiters.com/BoschGroup/744000149794345","https://careerkit.me/api/apply?src=github-dach&company=bosch-group&url=https%3A%2F%2Fjobs.smartrecruiters.com%2FBoschGroup%2F744000149794345"
"Bosch Group","Werkstudent*in im Bereich Automotive Security (w/m/div.)","Werkstudent","Stuttgart","Stuttgart, BW, Germany","2026-09-15T15:27:40.516Z","https://jobs.smartrecruiters.com/BoschGroup/744000149647900","https://careerkit.me/api/apply?src=github-dach&company=bosch-group&url=https%3A%2F%2Fjobs.smartrecruiters.com%2FBoschGroup%2F744000149647900"
"Bosch Group","Werkstudent in der technischen Kommunikation (w/m/div.)","Werkstudent","Stuttgart","Stuttgart, BW, Germany","2026-07-07T10:27:56.285Z","https://jobs.smartrecruiters.com/BoschGroup/744000136194219","https://careerkit.me/api/apply?src=github-dach&company=bosch-group&url=https%3A%2F%2Fjobs.smartrecruiters.com%2FBoschGroup%2F744000136194219"
"Bosch Group","Werkstudent im Bereich Data Protection Applications (w/m/div.)","Werkstudent","Stuttgart","Stuttgart, BW, Germany","2024-03-25T12:16:46.125Z","https://jobs.smartrecruiters.com/BoschGroup/743999976099242","https://careerkit.me/api/apply?src=github-dach&company=bosch-group&url=https%3A%2F%2Fjobs.smartrecruiters.com%2FBoschGroup%2F743999976099242"
"Drees & Sommer SE","Werkstudent (w/m/d) Resilienz- und Sicherheitsberatung","Werkstudent","Stuttgart","Stuttgart, BW, Germany","2026-09-24T14:10:28.184Z","https://jobs.smartrecruiters.com/DreesSommerSE/744000151631469","https://careerkit.me/api/apply?src=github-dach&company=drees-sommer-se&url=https%3A%2F%2Fjobs.smartrecruiters.com%2FDreesSommerSE%2F744000151631469"
"Drees & Sommer SE","Werkstudent (w/m/d) Copywriting und Redaktion","Werkstudent","Stuttgart","Stuttgart, BW, Germany","2026-08-21T09:22:50.661Z","https://jobs.smartrecruiters.com/DreesSommerSE/744000144718780","https://careerkit.me/api/apply?src=github-dach&company=drees-sommer-se&url=https%3A%2F%2Fjobs.smartrecruiters.com%2FDreesSommerSE%2F744000144718780"
"Drees & Sommer SE","Werkstudent (w/m/d) Marktstrategie & Geschäftsentwicklung im High-Tech-Umfeld","Werkstudent","Stuttgart","Stuttgart, BW, Germany","2026-08-20T12:50:05.575Z","https://jobs.smartrecruiters.com/DreesSommerSE/744000144543954","https://careerkit.me/api/apply?src=github-dach&company=drees-sommer-se&url=https%3A%2F%2Fjobs.smartrecruiters.com%2FDreesSommerSE%2F744000144543954"
"Drees & Sommer SE","Werkstudent (w/m/d) Vertrags- und Claim Management","Werkstudent","Stuttgart","Stuttgart, BW, Germany","2026-07-21T06:54:42.899Z","https://jobs.smartrecruiters.com/DreesSommerSE/744000138792129","https://careerkit.me/api/apply?src=github-dach&company=drees-sommer-se&url=https%3A%2F%2Fjobs.smartrecruiters.com%2FDreesSommerSE%2F744000138792129"
"Drees & Sommer SE","Werkstudent (w/m/d) IT-Systemadministration (IAM)","Werkstudent","Stuttgart","Stuttgart, BW, Germany","2026-07-20T13:44:40.828Z","https://jobs.smartrecruiters.com/DreesSommerSE/744000138647020","https://careerkit.me/api/apply?src=github-dach&company=drees-sommer-se&url=https%3A%2F%2Fjobs.smartrecruiters.com%2FDreesSommerSE%2F744000138647020"
"Drees & Sommer SE","Praktikant/Werkstudent (w/m/d) Baumanagement TGA - HLSK/Elektrotechnik","Werkstudent","Stuttgart","Stuttgart, BW, Germany","2026-06-30T13:38:06.941Z","https://jobs.smartrecruiters.com/DreesSommerSE/744000135020975","https://careerkit.me/api/apply?src=github-dach&company=drees-sommer-se&url=https%3A%2F%2Fjobs.smartrecruiters.com%2FDreesSommerSE%2F744000135020975"
"Drees & Sommer SE","Werkstudent (w/m/d) BIM/ Digitalisierung im Baumanagement","Werkstudent","Stuttgart","Stuttgart, BW, Germany","2026-05-26T07:32:52.777Z","https://jobs.smartrecruiters.com/DreesSommerSE/744000128411389","https://careerkit.me/api/apply?src=github-dach&company=drees-sommer-se&url=https%3A%2F%2Fjobs.smartrecruiters.com%2FDreesSommerSE%2F744000128411389"
"Drees & Sommer SE","Werkstudent (w/m/d) Tragwerksplanung","Werkstudent","Stuttgart","Stuttgart, BW, Germany","2026-05-26T07:21:30.876Z","https://jobs.smartrecruiters.com/DreesSommerSE/744000128408698","https://careerkit.me/api/apply?src=github-dach&company=drees-sommer-se&url=https%3A%2F%2Fjobs.smartrecruiters.com%2FDreesSommerSE%2F744000128408698"
"Hitachi","Werkstudent HR Digital - Workday (m/w/d)","Werkstudent","Stuttgart","Stuttgart, Baden-Württemberg, Germany","2026-09-08T09:54:30.043Z","https://hitachi.wd1.myworkdayjobs.com/hitachi/job/Stuttgart-Baden-Wrttemberg-Germany/Werkstudent-HR-Prozesse-und-Systeme--m-w-d-_R0137885","https://careerkit.me/api/apply?src=github-dach&company=hitachi&url=https%3A%2F%2Fhitachi.wd1.myworkdayjobs.com%2Fhitachi%2Fjob%2FStuttgart-Baden-Wrttemberg-Germany%2FWerkstudent-HR-Prozesse-und-Systeme--m-w-d-_R0137885"
"Hitachi","Werkstudent HR Business Partnering (m/w/d)","Werkstudent","Stuttgart","Stuttgart, Baden-Württemberg, Germany","2026-09-07T09:54:30.043Z","https://hitachi.wd1.myworkdayjobs.com/hitachi/job/Stuttgart-Baden-Wrttemberg-Germany/Werkstudent-Operatives-Personalmanagement--m-w-d-_R1012776-1","https://careerkit.me/api/apply?src=github-dach&company=hitachi&url=https%3A%2F%2Fhitachi.wd1.myworkdayjobs.com%2Fhitachi%2Fjob%2FStuttgart-Baden-Wrttemberg-Germany%2FWerkstudent-Operatives-Personalmanagement--m-w-d-_R1012776-1"
"Hitachi","Werkstudent Corporate Real Estate & Immobilienmanagement (m/w/d)","Werkstudent","Stuttgart","Stuttgart, Baden-Württemberg, Germany","2026-09-07T09:54:30.043Z","https://hitachi.wd1.myworkdayjobs.com/hitachi/job/Stuttgart-Baden-Wrttemberg-Germany/Werkstudent-im-Bereich-Immobilien--und-Gebudemanagement---Arbeitsschutz--m-w-d-_R1013022-1","https://careerkit.me/api/apply?src=github-dach&company=hitachi&url=https%3A%2F%2Fhitachi.wd1.myworkdayjobs.com%2Fhitachi%2Fjob%2FStuttgart-Baden-Wrttemberg-Germany%2FWerkstudent-im-Bereich-Immobilien--und-Gebudemanagement---Arbeitsschutz--m-w-d-_R1013022-1"
"Hitachi","Werkstudent im Bereich Data Applications","Werkstudent","Stuttgart","Stuttgart, Baden-Württemberg, Germany","2026-08-26T09:54:30.043Z","https://hitachi.wd1.myworkdayjobs.com/hitachi/job/Stuttgart-Baden-Wrttemberg-Germany/Werkstudent-im-Bereich-Data-Applications--m-w-d-_R1013097-1","https://careerkit.me/api/apply?src=github-dach&company=hitachi&url=https%3A%2F%2Fhitachi.wd1.myworkdayjobs.com%2Fhitachi%2Fjob%2FStuttgart-Baden-Wrttemberg-Germany%2FWerkstudent-im-Bereich-Data-Applications--m-w-d-_R1013097-1"
"Hitachi","Werkstudent HR Payroll (m/w/d)","Werkstudent","Stuttgart","Stuttgart, Baden-Württemberg, Germany","2026-08-26T09:54:30.043Z","https://hitachi.wd1.myworkdayjobs.com/hitachi/job/Stuttgart-Baden-Wrttemberg-Germany/Werkstudent-HR-Payroll--m-w-d-_R1012904-1","https://careerkit.me/api/apply?src=github-dach&company=hitachi&url=https%3A%2F%2Fhitachi.wd1.myworkdayjobs.com%2Fhitachi%2Fjob%2FStuttgart-Baden-Wrttemberg-Germany%2FWerkstudent-HR-Payroll--m-w-d-_R1012904-1"
"mum.jobs.personio.com","Werkstudent (m/w/d) / Praktikum / Abschlussarbeiten im Bereich Softwareentwicklung","Werkstudent","Stuttgart","Ditzingen bei Stuttgart","2023-01-11T14:12:11+00:00","https://mum.jobs.personio.de/job/963528","https://careerkit.me/api/apply?src=github-dach&company=mum-jobs-personio-com&url=https%3A%2F%2Fmum.jobs.personio.de%2Fjob%2F963528"
"Rhenus Logistics","Werkstudent (w/m/d) Interne Kommunikation & Content Creation","Werkstudent","Stuttgart","Stuttgart, Germany","2026-08-26T09:54:38.363Z","https://rhe.wd3.myworkdayjobs.com/R1111/job/Stuttgart-Germany/Werkstudent--w-m-d--Interne-Kommunikation---Content-Creation_JR124543","https://careerkit.me/api/apply?src=github-dach&company=rhenus-logistics&url=https%3A%2F%2Frhe.wd3.myworkdayjobs.com%2FR1111%2Fjob%2FStuttgart-Germany%2FWerkstudent--w-m-d--Interne-Kommunikation---Content-Creation_JR124543"
"Turner & Townsend","Working Student - Project Manager (m/f/d)","Werkstudent","Stuttgart","Stuttgart, Europe, Germany","2026-09-08T10:33:38.040Z","https://jobs.smartrecruiters.com/turnertownsend/744000148196152","https://careerkit.me/api/apply?src=github-dach&company=turner-townsend&url=https%3A%2F%2Fjobs.smartrecruiters.com%2Fturnertownsend%2F744000148196152"
"Turner & Townsend","Werkstudent Projektmanagement Bau (m/w/d)","Werkstudent","Stuttgart","Stuttgart, Europe, Germany","2026-06-19T12:11:29.480Z","https://jobs.smartrecruiters.com/turnertownsend/744000133055149","https://careerkit.me/api/apply?src=github-dach&company=turner-townsend&url=https%3A%2F%2Fjobs.smartrecruiters.com%2Fturnertownsend%2F744000133055149"
"Drees & Sommer SE","Junior Bauingenieur / Architekt (w/m/d) Objektüberwachung","Junior","Ulm","Ulm, BW, Germany","2026-09-22T11:24:28.265Z","https://jobs.smartrecruiters.com/DreesSommerSE/744000151007015","https://careerkit.me/api/apply?src=github-dach&company=drees-sommer-se&url=https%3A%2F%2Fjobs.smartrecruiters.com%2FDreesSommerSE%2F744000151007015"
"Bosch Group","Praktikum im globalen Vertriebs- und Distributionsmanagement (w/m/div.)","Praktikum","Ulm","Ulm, BW, Germany","2026-08-28T13:19:58.708Z","https://jobs.smartrecruiters.com/BoschGroup/744000146186329","https://careerkit.me/api/apply?src=github-dach&company=bosch-group&url=https%3A%2F%2Fjobs.smartrecruiters.com%2FBoschGroup%2F744000146186329"
"Bosch Group","Internship Global Area Sales and Distribution Management","Praktikum","Ulm","Ulm, BW, Germany","2026-08-28T13:19:25.152Z","https://jobs.smartrecruiters.com/BoschGroup/744000146185085","https://careerkit.me/api/apply?src=github-dach&company=bosch-group&url=https%3A%2F%2Fjobs.smartrecruiters.com%2FBoschGroup%2F744000146185085"
"Bosch Group","Praktikum Agile Transformation","Praktikum","Ulm","Ulm, BW, Germany","2026-08-28T11:05:33.278Z","https://jobs.smartrecruiters.com/BoschGroup/744000146161040","https://careerkit.me/api/apply?src=github-dach&company=bosch-group&url=https%3A%2F%2Fjobs.smartrecruiters.com%2FBoschGroup%2F744000146161040"
"Bosch Group","Praktikum im Vertrieb für Automatisierungssoftware","Praktikum","Ulm","Ulm, BW, Germany","2026-07-16T11:30:46.487Z","https://jobs.smartrecruiters.com/BoschGroup/744000138091211","https://careerkit.me/api/apply?src=github-dach&company=bosch-group&url=https%3A%2F%2Fjobs.smartrecruiters.com%2FBoschGroup%2F744000138091211"
"Bosch Group","Praktikum im Bereich Sales & Market Intelligence","Praktikum","Ulm","Ulm, BW, Germany","2026-07-02T06:47:20.267Z","https://jobs.smartrecruiters.com/BoschGroup/744000135418960","https://careerkit.me/api/apply?src=github-dach&company=bosch-group&url=https%3A%2F%2Fjobs.smartrecruiters.com%2FBoschGroup%2F744000135418960"
"Drees & Sommer SE","Praktikant (w/m/d) Baumanagement für ein Bauvorhaben in Biberach","Praktikum","Ulm","Ulm, BW, Germany","2026-06-08T11:48:11.100Z","https://jobs.smartrecruiters.com/DreesSommerSE/744000130779050","https://careerkit.me/api/apply?src=github-dach&company=drees-sommer-se&url=https%3A%2F%2Fjobs.smartrecruiters.com%2FDreesSommerSE%2F744000130779050"
"Drees & Sommer SE","Praktikant (w/m/d) Baumanagement – Technische Gebäudeausrüstung in Biberach","Praktikum","Ulm","Ulm, BW, Germany","2026-05-26T08:58:07.317Z","https://jobs.smartrecruiters.com/DreesSommerSE/744000128433249","https://careerkit.me/api/apply?src=github-dach&company=drees-sommer-se&url=https%3A%2F%2Fjobs.smartrecruiters.com%2FDreesSommerSE%2F744000128433249"
"Bosch Group","Werkstudent Agile Transformation (w/m/div.)","Werkstudent","Ulm","Ulm, BW, Germany","2026-09-15T10:34:12.359Z","https://jobs.smartrecruiters.com/BoschGroup/744000149565399","https://careerkit.me/api/apply?src=github-dach&company=bosch-group&url=https%3A%2F%2Fjobs.smartrecruiters.com%2FBoschGroup%2F744000149565399"
"Drees & Sommer SE","Werkstudent (w/m/d) Energieeffiziente Gebäude","Werkstudent","Ulm","Ulm, BW, Germany","2026-07-27T12:59:59.958Z","https://jobs.smartrecruiters.com/DreesSommerSE/744000139999670","https://careerkit.me/api/apply?src=github-dach&company=drees-sommer-se&url=https%3A%2F%2Fjobs.smartrecruiters.com%2FDreesSommerSE%2F744000139999670"
"Bacon Gebäudetechnik","HTL-Absolvent HKLS (m/w/d)","Absolvent","Vienna","Liesing, Wien","2026-09-03T17:21:45Z","https://www.adzuna.at/details/5869074341?utm_medium=api&utm_source=8efdd1b9","https://careerkit.me/api/apply?src=github-dach&company=bacon-gebaeudetechnik&url=https%3A%2F%2Fwww.adzuna.at%2Fdetails%2F5869074341%3Futm_medium%3Dapi%26utm_source%3D8efdd1b9"
"Heidi Rannegger Immobilienverwaltungsges.m.b.H.","HAK/ JUS-HAK -Absolvent*in / AHS-Maturant*in von Wiener Hausverwaltung","Absolvent","Vienna","Wien, Österreich","2026-09-21T18:35:48Z","https://www.adzuna.at/land/ad/5892993268?se=qMkWLMe48RG6__weu4s3oQ&utm_medium=api&utm_source=8efdd1b9&v=19FD00F424923927F06C683EDDF62EC2666FC007","https://careerkit.me/api/apply?src=github-dach&company=heidi-rannegger-immobilienverwaltungsges-m-b-h&url=https%3A%2F%2Fwww.adzuna.at%2Fland%2Fad%2F5892993268%3Fse%3DqMkWLMe48RG6__weu4s3oQ%26utm_medium%3Dapi%26utm_source%3D8efdd1b9%26v%3D19FD00F424923927F06C683EDDF62EC2666FC007"
"Sprecher Automation GmbH","HTL-Absolvent:in Wien - Elektrotechnik / Automatisierung / Elektronik","Absolvent","Vienna","Wien, Österreich","2026-06-27T06:46:11Z","https://www.adzuna.at/details/5778664978?utm_medium=api&utm_source=8efdd1b9","https://careerkit.me/api/apply?src=github-dach&company=sprecher-automation-gmbh&url=https%3A%2F%2Fwww.adzuna.at%2Fdetails%2F5778664978%3Futm_medium%3Dapi%26utm_source%3D8efdd1b9"
"[Bulle & Mensch]","Marketing & Social Media Assistent / Trainee (m/w/d) - Freelancer","Junior","Vienna","Wien, Österreich","2026-09-15T22:22:28Z","https://www.adzuna.at/details/5885109467?utm_medium=api&utm_source=8efdd1b9","https://careerkit.me/api/apply?src=github-dach&company=bulle-mensch&url=https%3A%2F%2Fwww.adzuna.at%2Fdetails%2F5885109467%3Futm_medium%3Dapi%26utm_source%3D8efdd1b9"
"AS Watson Group","Wien | Online Trainee (w/m/d)","Junior","Vienna","Liesing, Wien","2026-07-27T01:26:07Z","https://www.adzuna.at/details/5816884794?utm_medium=api&utm_source=8efdd1b9","https://careerkit.me/api/apply?src=github-dach&company=as-watson-group&url=https%3A%2F%2Fwww.adzuna.at%2Fdetails%2F5816884794%3Futm_medium%3Dapi%26utm_source%3D8efdd1b9"
"Austro Control","Fluglotse:Fluglotsin / Air Traffic Controller Trainee (m/w/d)","Junior","Vienna","Landstraße, Wien","2025-07-31T12:52:22Z","https://www.adzuna.at/details/5329631607?utm_medium=api&utm_source=8efdd1b9","https://careerkit.me/api/apply?src=github-dach&company=austro-control&url=https%3A%2F%2Fwww.adzuna.at%2Fdetails%2F5329631607%3Futm_medium%3Dapi%26utm_source%3D8efdd1b9"
"Borealis Hotel Group GmbH","Cluster Event Management Trainee (m/w/d) - Courtyard by Marriott Vienna Prater/Messe","Junior","Vienna","Leopoldstadt, Wien","2026-09-12T12:54:36Z","https://www.adzuna.at/details/5880891697?utm_medium=api&utm_source=8efdd1b9","https://careerkit.me/api/apply?src=github-dach&company=borealis-hotel-group-gmbh&url=https%3A%2F%2Fwww.adzuna.at%2Fdetails%2F5880891697%3Futm_medium%3Dapi%26utm_source%3D8efdd1b9"
"Delta Electronics","Junior Software Developer for C# (m/w/d)","Junior","Vienna","Vienna, Vienna, Austria","2026-09-22T15:11:56.521Z","https://jobs.smartrecruiters.com/DeltaElectronics/744000151068789","https://careerkit.me/api/apply?src=github-dach&company=delta-electronics&url=https%3A%2F%2Fjobs.smartrecruiters.com%2FDeltaElectronics%2F744000151068789"
"Delta Electronics","Junior QA Engineer","Junior","Vienna","Vienna, Vienna, Austria","2026-09-11T08:23:53.129Z","https://jobs.smartrecruiters.com/DeltaElectronics/744000148955364","https://careerkit.me/api/apply?src=github-dach&company=delta-electronics&url=https%3A%2F%2Fjobs.smartrecruiters.com%2FDeltaElectronics%2F744000148955364"
"Drees & Sommer SE","Junior Marketing Manager (w/m/d)","Junior","Vienna","Wien, Wien, Austria","2026-09-16T07:14:31.174Z","https://jobs.smartrecruiters.com/DreesSommerSE/744000149785860","https://careerkit.me/api/apply?src=github-dach&company=drees-sommer-se&url=https%3A%2F%2Fjobs.smartrecruiters.com%2FDreesSommerSE%2F744000149785860"
"Hilti Austria Gesellschaft mbH","Talente für unser Trainee-Programm - Sales & Marketing (w/m/d) - Vollzeit","Junior","Vienna","Wien, Österreich","2026-09-19T18:37:35Z","https://www.adzuna.at/land/ad/5890845709?se=EBYXLMe48RGqSP-Ku-S77g&utm_medium=api&utm_source=8efdd1b9&v=699E4475E4387391577DB99C0C66CF809BBA6757","https://careerkit.me/api/apply?src=github-dach&company=hilti-austria-gesellschaft-mbh&url=https%3A%2F%2Fwww.adzuna.at%2Fland%2Fad%2F5890845709%3Fse%3DEBYXLMe48RGqSP-Ku-S77g%26utm_medium%3Dapi%26utm_source%3D8efdd1b9%26v%3D699E4475E4387391577DB99C0C66CF809BBA6757"
"Hilti Austria Gesellschaft mbH","Global Management Development Trainee Program - Outperformer Business Track","Junior","Vienna","Liesing, Wien","2026-09-19T04:01:55Z","https://www.adzuna.at/land/ad/5890062669?se=EBYXLMe48RGqSP-Ku-S77g&utm_medium=api&utm_source=8efdd1b9&v=A05D673BCDF5B50A632FFF687DF405A68CE7872C","https://careerkit.me/api/apply?src=github-dach&company=hilti-austria-gesellschaft-mbh&url=https%3A%2F%2Fwww.adzuna.at%2Fland%2Fad%2F5890062669%3Fse%3DEBYXLMe48RGqSP-Ku-S77g%26utm_medium%3Dapi%26utm_source%3D8efdd1b9%26v%3DA05D673BCDF5B50A632FFF687DF405A68CE7872C"
"iAdvise Financial Services","Trainee Financial Planning & Vermögensberatung","Junior","Vienna","Landstraße, Wien","2025-03-13T10:50:09Z","https://www.adzuna.at/details/5091003976?utm_medium=api&utm_source=8efdd1b9","https://careerkit.me/api/apply?src=github-dach&company=iadvise-financial-services&url=https%3A%2F%2Fwww.adzuna.at%2Fdetails%2F5091003976%3Futm_medium%3Dapi%26utm_source%3D8efdd1b9"
"Möbel Ludwig","Trainee im Bereich Verkauf","Junior","Vienna","Wien, Österreich","2026-09-21T18:35:47Z","https://www.adzuna.at/land/ad/5892993169?se=EBYXLMe48RGqSP-Ku-S77g&utm_medium=api&utm_source=8efdd1b9&v=4A6029DA5657A492269164D92FD674E1B273CE95","https://careerkit.me/api/apply?src=github-dach&company=moebel-ludwig&url=https%3A%2F%2Fwww.adzuna.at%2Fland%2Fad%2F5892993169%3Fse%3DEBYXLMe48RGqSP-Ku-S77g%26utm_medium%3Dapi%26utm_source%3D8efdd1b9%26v%3D4A6029DA5657A492269164D92FD674E1B273CE95"
"Münzer Bioindustrie GmbH","Leadership & Specialist Trainee Program (m/w/d)","Junior","Vienna","Wien, Österreich","2026-09-24T07:36:28Z","https://www.adzuna.at/land/ad/5896357544?se=EBYXLMe48RGqSP-Ku-S77g&utm_medium=api&utm_source=8efdd1b9&v=C9BBF7DDEE7E09A13CFF99CB381FDC995ABD5C24","https://careerkit.me/api/apply?src=github-dach&company=muenzer-bioindustrie-gmbh&url=https%3A%2F%2Fwww.adzuna.at%2Fland%2Fad%2F5896357544%3Fse%3DEBYXLMe48RGqSP-Ku-S77g%26utm_medium%3Dapi%26utm_source%3D8efdd1b9%26v%3DC9BBF7DDEE7E09A13CFF99CB381FDC995ABD5C24"
"NielsenIQ","Junior Sales Consultant (m/w/d) – FMCG & Prestige","Junior","Vienna","Wien, 9, Austria","2026-08-26T14:19:29.233Z","https://jobs.smartrecruiters.com/nielseniq/744000145757714","https://careerkit.me/api/apply?src=github-dach&company=nielseniq&url=https%3A%2F%2Fjobs.smartrecruiters.com%2Fnielseniq%2F744000145757714"
"Peek & Cloppenburg Düsseldorf","Trainee Buying (m/w/d)","Junior","Vienna","Landstraße, Wien","2026-09-23T17:17:04Z","https://www.adzuna.at/details/5895307370?utm_medium=api&utm_source=8efdd1b9","https://careerkit.me/api/apply?src=github-dach&company=peek-cloppenburg-duesseldorf&url=https%3A%2F%2Fwww.adzuna.at%2Fdetails%2F5895307370%3Futm_medium%3Dapi%26utm_source%3D8efdd1b9"
"Roland Berger","(Junior) Consultant Vienna (all genders)","Junior","Vienna","Vienna, , Austria","2026-02-11T15:33:24.697Z","https://jobs.smartrecruiters.com/rolandberger/744000108802175","https://careerkit.me/api/apply?src=github-dach&company=roland-berger&url=https%3A%2F%2Fjobs.smartrecruiters.com%2Frolandberger%2F744000108802175"
"SIXT","Management Trainee Filiale (m/w/d) Vollzeit","Junior","Vienna","Vienna, Vienna, Austria","2026-09-08T08:51:07.021Z","https://jobs.smartrecruiters.com/sixt/744000148174149","https://careerkit.me/api/apply?src=github-dach&company=sixt&url=https%3A%2F%2Fjobs.smartrecruiters.com%2Fsixt%2F744000148174149"
"SIXT Austria","Management Trainee Filiale (m/w/d) Vollzeit","Junior","Vienna","Wien, Österreich","2026-09-08T16:41:01Z","https://www.adzuna.at/details/5875642879?utm_medium=api&utm_source=8efdd1b9","https://careerkit.me/api/apply?src=github-dach&company=sixt-austria&url=https%3A%2F%2Fwww.adzuna.at%2Fdetails%2F5875642879%3Futm_medium%3Dapi%26utm_source%3D8efdd1b9"
"Taylor Wessing","Business Development Trainee (w/m/x)","Junior","Vienna","Wien, Österreich","2026-09-05T17:28:21Z","https://www.adzuna.at/details/5872072731?utm_medium=api&utm_source=8efdd1b9","https://careerkit.me/api/apply?src=github-dach&company=taylor-wessing&url=https%3A%2F%2Fwww.adzuna.at%2Fdetails%2F5872072731%3Futm_medium%3Dapi%26utm_source%3D8efdd1b9"
"Taylor Wessing Austria","Business Development Trainee (w/m/x)","Junior","Vienna","Innere Stadt, Wien","2026-09-20T04:03:56Z","https://www.adzuna.at/land/ad/5891234391?se=EBYXLMe48RGqSP-Ku-S77g&utm_medium=api&utm_source=8efdd1b9&v=3386724C39FD152297188654CCA424058606FF0E","https://careerkit.me/api/apply?src=github-dach&company=taylor-wessing-austria&url=https%3A%2F%2Fwww.adzuna.at%2Fland%2Fad%2F5891234391%3Fse%3DEBYXLMe48RGqSP-Ku-S77g%26utm_medium%3Dapi%26utm_source%3D8efdd1b9%26v%3D3386724C39FD152297188654CCA424058606FF0E"
"Vamed Vitality World","Management Trainee (m/w/d) Programm im Hotel, F&B und SPA","Junior","Vienna","Innere Stadt, Wien","2026-09-22T16:02:37Z","https://www.adzuna.at/land/ad/5893983340?se=wvr2Lce48RG6__weu4s3oQ&utm_medium=api&utm_source=8efdd1b9&v=BBD8C1E6035157CACE4814C2CADEBAC639664B57","https://careerkit.me/api/apply?src=github-dach&company=vamed-vitality-world&url=https%3A%2F%2Fwww.adzuna.at%2Fland%2Fad%2F5893983340%3Fse%3Dwvr2Lce48RG6__weu4s3oQ%26utm_medium%3Dapi%26utm_source%3D8efdd1b9%26v%3DBBD8C1E6035157CACE4814C2CADEBAC639664B57"
"WPP Media","Junior Accountant (m/w/d)","Junior","Vienna","Vienna, Austria","2026-09-08T04:14:27-04:00","https://job-boards.greenhouse.io/wppmedia/jobs/5415149008","https://careerkit.me/api/apply?src=github-dach&company=wpp-media&url=https%3A%2F%2Fjob-boards.greenhouse.io%2Fwppmedia%2Fjobs%2F5415149008"
"WPP Media","Junior Account Manager Paid Search (m/w/d)","Junior","Vienna","Vienna, Austria","2026-08-27T09:41:30-04:00","https://job-boards.greenhouse.io/wppmedia/jobs/5407665008","https://careerkit.me/api/apply?src=github-dach&company=wpp-media&url=https%3A%2F%2Fjob-boards.greenhouse.io%2Fwppmedia%2Fjobs%2F5407665008"
"WPP Media","Junior Client Service Consultant (m/w/d)","Junior","Vienna","Vienna, Austria","2026-08-12T09:42:21-04:00","https://job-boards.greenhouse.io/wppmedia/jobs/5387254008","https://careerkit.me/api/apply?src=github-dach&company=wpp-media&url=https%3A%2F%2Fjob-boards.greenhouse.io%2Fwppmedia%2Fjobs%2F5387254008"
"WPP Media","Junior Digital Activation (m/w/d)","Junior","Vienna","Vienna, Austria","2026-07-07T06:00:02-04:00","https://job-boards.greenhouse.io/wppmedia/jobs/5299241008","https://careerkit.me/api/apply?src=github-dach&company=wpp-media&url=https%3A%2F%2Fjob-boards.greenhouse.io%2Fwppmedia%2Fjobs%2F5299241008"
"4flow","Praktikum / Masterarbeit im Bereich Consulting - Logistik & Supply Chain Management (d/w/m)","Praktikum","Vienna","Wien, Österreich","2026-08-08T16:46:51Z","https://www.adzuna.at/details/5833562514?utm_medium=api&utm_source=8efdd1b9","https://careerkit.me/api/apply?src=github-dach&company=4flow&url=https%3A%2F%2Fwww.adzuna.at%2Fdetails%2F5833562514%3Futm_medium%3Dapi%26utm_source%3D8efdd1b9"
"AccorHotel","People & Culture Intern","Praktikum","Vienna","Vienna, Vienna, Austria","2026-09-11T12:35:04.110Z","https://jobs.smartrecruiters.com/AccorHotel/744000149009068","https://careerkit.me/api/apply?src=github-dach&company=accorhotel&url=https%3A%2F%2Fjobs.smartrecruiters.com%2FAccorHotel%2F744000149009068"
"Amazon","Praktikum im Bereich Logistik - Region Wien - Start 2027","Praktikum","Vienna","Wien, Österreich","2026-09-18T12:51:27Z","https://www.adzuna.at/details/5889112140?utm_medium=api&utm_source=8efdd1b9","https://careerkit.me/api/apply?src=github-dach&company=amazon&url=https%3A%2F%2Fwww.adzuna.at%2Fdetails%2F5889112140%3Futm_medium%3Dapi%26utm_source%3D8efdd1b9"
"Amazon Transport Austria GmbH - H77","Praktikum im Bereich Logistik - Region Wien - Start 2027","Praktikum","Vienna","Wien, Österreich","2026-09-16T12:48:06Z","https://www.adzuna.at/details/5885988968?utm_medium=api&utm_source=8efdd1b9","https://careerkit.me/api/apply?src=github-dach&company=amazon-transport-austria-gmbh-h77&url=https%3A%2F%2Fwww.adzuna.at%2Fdetails%2F5885988968%3Futm_medium%3Dapi%26utm_source%3D8efdd1b9"
"AniCura Switzerland","AniCura Praktikantenprogramm - Praktikum für veterinärmedizinische Studenten (m/w/d) - Österreich","Praktikum","Vienna","Schwanenstadt, AT / Korneuburg, AT / Wien, AT / Wien, AT / Gemeinde Hollabrunn, AT / Gratkorn, AT","2022-03-28T00:00:00+02:00","https://anicuraglobal.teamtailor.com/jobs/1520664-anicura-praktikantenprogramm-praktikum-fuer-veterinaermedizinische-studenten-m-w-d-oesterreich","https://careerkit.me/api/apply?src=github-dach&company=anicura-switzerland&url=https%3A%2F%2Fanicuraglobal.teamtailor.com%2Fjobs%2F1520664-anicura-praktikantenprogramm-praktikum-fuer-veterinaermedizinische-studenten-m-w-d-oesterreich"
"Bitmovin","Revenue Operations Intern","Praktikum","Vienna","Klagenfurt; Vienna; Denver","2026-08-31T04:09:13-04:00","https://bitmovin.com/careers/8764225002?gh_jid=8764225002","https://careerkit.me/api/apply?src=github-dach&company=bitmovin&url=https%3A%2F%2Fbitmovin.com%2Fcareers%2F8764225002%3Fgh_jid%3D8764225002"
"Bitmovin","Marketing & Revenue Operations Intern","Praktikum","Vienna","Klagenfurt; Vienna; Denver","2026-08-25T11:51:57-04:00","https://bitmovin.com/careers/8746202002?gh_jid=8746202002","https://careerkit.me/api/apply?src=github-dach&company=bitmovin&url=https%3A%2F%2Fbitmovin.com%2Fcareers%2F8746202002%3Fgh_jid%3D8746202002"
"Bitpanda","Intern, Business IT","Praktikum","Vienna","Vienna, Vienna, Austria","2026-08-07T10:20:47-04:00","https://job-boards.eu.greenhouse.io/bitpanda/jobs/4944654101","https://careerkit.me/api/apply?src=github-dach&company=bitpanda&url=https%3A%2F%2Fjob-boards.eu.greenhouse.io%2Fbitpanda%2Fjobs%2F4944654101"
"Continental","Praktikant Sales Support (m/w/d) - befristet für 6 Monate, VZ oder TZ ab 25h","Praktikum","Vienna","Wiener Neudorf, Niederösterreich, Austria","2026-09-09T10:51:15.519Z","https://jobs.smartrecruiters.com/continental/744000148471239","https://careerkit.me/api/apply?src=github-dach&company=continental&url=https%3A%2F%2Fjobs.smartrecruiters.com%2Fcontinental%2F744000148471239"
"DialogDirect Marketing GmbH","Bezahltes Ferial Praktikum - 30 Tage im Einsatz für Hilfsorganisationen – ca. 3800€","Praktikum","Vienna","Wien, Österreich","2026-05-09T05:29:08Z","https://www.adzuna.at/details/5723769696?utm_medium=api&utm_source=8efdd1b9","https://careerkit.me/api/apply?src=github-dach&company=dialogdirect-marketing-gmbh&url=https%3A%2F%2Fwww.adzuna.at%2Fdetails%2F5723769696%3Futm_medium%3Dapi%26utm_source%3D8efdd1b9"
"ELIN","Praktikum Montage","Praktikum","Vienna","Wien, Österreich","2026-09-24T17:08:12Z","https://www.adzuna.at/details/5896980961?utm_medium=api&utm_source=8efdd1b9","https://careerkit.me/api/apply?src=github-dach&company=elin&url=https%3A%2F%2Fwww.adzuna.at%2Fdetails%2F5896980961%3Futm_medium%3Dapi%26utm_source%3D8efdd1b9"
"Forward Creatives GmbH","Internship (Event Management & Project Management)","Praktikum","Vienna","Wien, Österreich","2026-05-05T16:34:18Z","https://www.adzuna.at/details/5719523955?utm_medium=api&utm_source=8efdd1b9","https://careerkit.me/api/apply?src=github-dach&company=forward-creatives-gmbh&url=https%3A%2F%2Fwww.adzuna.at%2Fdetails%2F5719523955%3Futm_medium%3Dapi%26utm_source%3D8efdd1b9"
"Franz&Sue Architekten","Praktikant:in","Praktikum","Vienna","Wien, Österreich","2026-08-27T16:52:33Z","https://www.adzuna.at/details/5858342287?utm_medium=api&utm_source=8efdd1b9","https://careerkit.me/api/apply?src=github-dach&company=franz-sue-architekten&url=https%3A%2F%2Fwww.adzuna.at%2Fdetails%2F5858342287%3Futm_medium%3Dapi%26utm_source%3D8efdd1b9"
"Franz&Sue Architekten","Initiativbewerbung (Praktikum)","Praktikum","Vienna","Wien, Österreich","2026-08-03T16:45:01Z","https://www.adzuna.at/details/5826657155?utm_medium=api&utm_source=8efdd1b9","https://careerkit.me/api/apply?src=github-dach&company=franz-sue-architekten&url=https%3A%2F%2Fwww.adzuna.at%2Fdetails%2F5826657155%3Futm_medium%3Dapi%26utm_source%3D8efdd1b9"
"Freshfields","Freshfields Unplugged – das Praktikum (w/m/x)","Praktikum","Vienna","Wien, Österreich","2026-04-04T23:45:00Z","https://www.adzuna.at/details/5690229059?utm_medium=api&utm_source=8efdd1b9","https://careerkit.me/api/apply?src=github-dach&company=freshfields&url=https%3A%2F%2Fwww.adzuna.at%2Fdetails%2F5690229059%3Futm_medium%3Dapi%26utm_source%3D8efdd1b9"
"Gesundheitszentrum für Selbständige","Pflegepraktikum","Praktikum","Vienna","Wien, Österreich","2025-04-03T19:43:47Z","https://www.adzuna.at/details/5127200397?utm_medium=api&utm_source=8efdd1b9","https://careerkit.me/api/apply?src=github-dach&company=gesundheitszentrum-fuer-selbstaendige&url=https%3A%2F%2Fwww.adzuna.at%2Fdetails%2F5127200397%3Futm_medium%3Dapi%26utm_source%3D8efdd1b9"
"Gran Ballo Italiano","Social Media Marketingpraktikant:in","Praktikum","Vienna","Wien, Österreich","2026-02-07T22:48:52Z","https://www.adzuna.at/details/5619793750?utm_medium=api&utm_source=8efdd1b9","https://careerkit.me/api/apply?src=github-dach&company=gran-ballo-italiano&url=https%3A%2F%2Fwww.adzuna.at%2Fdetails%2F5619793750%3Futm_medium%3Dapi%26utm_source%3D8efdd1b9"
"Haus der Barmherzigkeit","Praktikum im Rahmen der Psychotherpieausbildung (Propädeutikum/psychosozial) - all genders","Praktikum","Vienna","Wien, Österreich","2026-04-01T19:14:19Z","https://www.adzuna.at/details/5685887849?utm_medium=api&utm_source=8efdd1b9","https://careerkit.me/api/apply?src=github-dach&company=haus-der-barmherzigkeit&url=https%3A%2F%2Fwww.adzuna.at%2Fdetails%2F5685887849%3Futm_medium%3Dapi%26utm_source%3D8efdd1b9"
"Helu.io GmbH","Praktikum Business Development (m/w/d)","Praktikum","Vienna","Margareten, Wien","2026-09-09T14:20:42Z","https://www.adzuna.at/details/5877105384?utm_medium=api&utm_source=8efdd1b9","https://careerkit.me/api/apply?src=github-dach&company=helu-io-gmbh&url=https%3A%2F%2Fwww.adzuna.at%2Fdetails%2F5877105384%3Futm_medium%3Dapi%26utm_source%3D8efdd1b9"
"Herz Jesu Krankenhaus GmbH","(FH-) Praktikant*in Unternehmenskommunikation","Praktikum","Vienna","Wien, Österreich","2026-09-02T07:16:53Z","https://www.adzuna.at/details/5866550541?utm_medium=api&utm_source=8efdd1b9","https://careerkit.me/api/apply?src=github-dach&company=herz-jesu-krankenhaus-gmbh&url=https%3A%2F%2Fwww.adzuna.at%2Fdetails%2F5866550541%3Futm_medium%3Dapi%26utm_source%3D8efdd1b9"
"HRlab","Praktikum im Bereich Übersetzung & Projektmanagement","Praktikum","Vienna","Wien, Österreich","2026-04-25T00:10:41Z","https://www.adzuna.at/details/5709758056?utm_medium=api&utm_source=8efdd1b9","https://careerkit.me/api/apply?src=github-dach&company=hrlab&url=https%3A%2F%2Fwww.adzuna.at%2Fdetails%2F5709758056%3Futm_medium%3Dapi%26utm_source%3D8efdd1b9"
"Indie Campers","Praktikum im Tourismus","Praktikum","Vienna","Wien, Österreich","2026-09-16T17:10:18Z","https://www.adzuna.at/details/5886342750?utm_medium=api&utm_source=8efdd1b9","https://careerkit.me/api/apply?src=github-dach&company=indie-campers&url=https%3A%2F%2Fwww.adzuna.at%2Fdetails%2F5886342750%3Futm_medium%3Dapi%26utm_source%3D8efdd1b9"
"MAN Truck & Bus Vertrieb Österreich GesmbH","FH Pflichtpraktikant (m/w/d) für den Bereich Einkauf & Recht","Praktikum","Vienna","Wien, Österreich","2026-09-24T07:21:36Z","https://www.adzuna.at/details/5896331914?utm_medium=api&utm_source=8efdd1b9","https://careerkit.me/api/apply?src=github-dach&company=man-truck-bus-vertrieb-oesterreich-gesmbh&url=https%3A%2F%2Fwww.adzuna.at%2Fdetails%2F5896331914%3Futm_medium%3Dapi%26utm_source%3D8efdd1b9"
"MAN Truck & Bus Vertrieb Österreich GesmbH","FH Pflichtpraktikant (m/w/d) für den Bereich Marketing/Kommunikation","Praktikum","Vienna","Wien, Österreich","2026-09-24T07:21:36Z","https://www.adzuna.at/details/5896331912?utm_medium=api&utm_source=8efdd1b9","https://careerkit.me/api/apply?src=github-dach&company=man-truck-bus-vertrieb-oesterreich-gesmbh&url=https%3A%2F%2Fwww.adzuna.at%2Fdetails%2F5896331912%3Futm_medium%3Dapi%26utm_source%3D8efdd1b9"
"MAN Truck & Bus Vertrieb Österreich GesmbH","FH Pflichtpraktikant (m/w/d) Customer Service Management","Praktikum","Vienna","Wien, Österreich","2026-09-24T07:21:36Z","https://www.adzuna.at/details/5896331915?utm_medium=api&utm_source=8efdd1b9","https://careerkit.me/api/apply?src=github-dach&company=man-truck-bus-vertrieb-oesterreich-gesmbh&url=https%3A%2F%2Fwww.adzuna.at%2Fdetails%2F5896331915%3Futm_medium%3Dapi%26utm_source%3D8efdd1b9"
"Peek & Cloppenburg Düsseldorf","Praktikum Brand Management & Fashion PR (m/w/d)","Praktikum","Vienna","Landstraße, Wien","2026-09-23T17:19:13Z","https://www.adzuna.at/details/5895310424?utm_medium=api&utm_source=8efdd1b9","https://careerkit.me/api/apply?src=github-dach&company=peek-cloppenburg-duesseldorf&url=https%3A%2F%2Fwww.adzuna.at%2Fdetails%2F5895310424%3Futm_medium%3Dapi%26utm_source%3D8efdd1b9"
"Peek & Cloppenburg Österreich","Praktikum Brand Management & Fashion PR (m/w/d)","Praktikum","Vienna","Wien, Österreich","2026-09-23T18:51:17Z","https://www.adzuna.at/land/ad/5895447115?se=wvr2Lce48RG6__weu4s3oQ&utm_medium=api&utm_source=8efdd1b9&v=C3371E814C89C6E26AC0E52DE82C1EC2AD0532CC","https://careerkit.me/api/apply?src=github-dach&company=peek-cloppenburg-oesterreich&url=https%3A%2F%2Fwww.adzuna.at%2Fland%2Fad%2F5895447115%3Fse%3Dwvr2Lce48RG6__weu4s3oQ%26utm_medium%3Dapi%26utm_source%3D8efdd1b9%26v%3DC3371E814C89C6E26AC0E52DE82C1EC2AD0532CC"
"Pendl Piswanger","Praktikant:in Personalberatung (m/w/d) People & Business – dein Einstieg in die Praxis","Praktikum","Vienna","Wien, Österreich","2026-09-16T18:43:16Z","https://www.adzuna.at/land/ad/5886440754?se=wvr2Lce48RG6__weu4s3oQ&utm_medium=api&utm_source=8efdd1b9&v=8BE49F80001FB463890FEDA8693C8E90316E8F65","https://careerkit.me/api/apply?src=github-dach&company=pendl-piswanger&url=https%3A%2F%2Fwww.adzuna.at%2Fland%2Fad%2F5886440754%3Fse%3Dwvr2Lce48RG6__weu4s3oQ%26utm_medium%3Dapi%26utm_source%3D8efdd1b9%26v%3D8BE49F80001FB463890FEDA8693C8E90316E8F65"
"Roland Berger","Consulting Intern Wien (all genders) - bewirb dich jetzt bis zum 27. September 2026","Praktikum","Vienna","Vienna, Vienna, Austria","2026-04-23T11:24:20.856Z","https://jobs.smartrecruiters.com/rolandberger/744000122435968","https://careerkit.me/api/apply?src=github-dach&company=roland-berger&url=https%3A%2F%2Fjobs.smartrecruiters.com%2Frolandberger%2F744000122435968"
"Sprecher Automation GmbH","Ferialpraktikant:in 2027 (Wien)","Praktikum","Vienna","Wien, Österreich","2026-09-23T07:22:14Z","https://www.adzuna.at/details/5894806563?utm_medium=api&utm_source=8efdd1b9","https://careerkit.me/api/apply?src=github-dach&company=sprecher-automation-gmbh&url=https%3A%2F%2Fwww.adzuna.at%2Fdetails%2F5894806563%3Futm_medium%3Dapi%26utm_source%3D8efdd1b9"
"TOWA","Praktikum Digital Analytics (m/w/d)| Ab September, Wien","Praktikum","Vienna","Margareten, Wien","2026-08-26T16:54:25Z","https://www.adzuna.at/details/5856922551?utm_medium=api&utm_source=8efdd1b9","https://careerkit.me/api/apply?src=github-dach&company=towa&url=https%3A%2F%2Fwww.adzuna.at%2Fdetails%2F5856922551%3Futm_medium%3Dapi%26utm_source%3D8efdd1b9"
"TOWA - the digital growth company","Praktikum Digital Analytics (m/w/d)| Ab September, Wien","Praktikum","Vienna","Wien, Österreich","2026-09-23T14:31:21Z","https://www.adzuna.at/details/5895196181?utm_medium=api&utm_source=8efdd1b9","https://careerkit.me/api/apply?src=github-dach&company=towa-the-digital-growth-company&url=https%3A%2F%2Fwww.adzuna.at%2Fdetails%2F5895196181%3Futm_medium%3Dapi%26utm_source%3D8efdd1b9"
"Universal Music","Marketing Intern (all genders)","Praktikum","Vienna","Wien, Österreich","2026-09-23T17:15:59Z","https://www.adzuna.at/details/5895306012?utm_medium=api&utm_source=8efdd1b9","https://careerkit.me/api/apply?src=github-dach&company=universal-music&url=https%3A%2F%2Fwww.adzuna.at%2Fdetails%2F5895306012%3Futm_medium%3Dapi%26utm_source%3D8efdd1b9"
"Vinzenz Gruppe Krankenhausbeteiligungs- und Management","Stellenangebot (FH-) Praktikant*in Unternehmenskommunikation bei Herz-Jesu Krankenhaus Wien","Praktikum","Vienna","Landstraße, Wien","2026-09-14T17:14:40Z","https://www.adzuna.at/details/5883700495?utm_medium=api&utm_source=8efdd1b9","https://careerkit.me/api/apply?src=github-dach&company=vinzenz-gruppe-krankenhausbeteiligungs-und-management&url=https%3A%2F%2Fwww.adzuna.at%2Fdetails%2F5883700495%3Futm_medium%3Dapi%26utm_source%3D8efdd1b9"
"Volksbank Wien","Uni-/FH-Praktikum Kreditrisikocontrolling / ESG - 6 Monate (w/m/d)","Praktikum","Vienna","Wien, Österreich","2026-09-24T17:08:29Z","https://www.adzuna.at/details/5896981429?utm_medium=api&utm_source=8efdd1b9","https://careerkit.me/api/apply?src=github-dach&company=volksbank-wien&url=https%3A%2F%2Fwww.adzuna.at%2Fdetails%2F5896981429%3Futm_medium%3Dapi%26utm_source%3D8efdd1b9"
"Volksbank Wien","Uni-/FH Praktikum Bereich Kundinnen / Kundenservice- 6 Monate (w/m/d)","Praktikum","Vienna","Wien, Österreich","2026-09-24T17:07:52Z","https://www.adzuna.at/details/5896979862?utm_medium=api&utm_source=8efdd1b9","https://careerkit.me/api/apply?src=github-dach&company=volksbank-wien&url=https%3A%2F%2Fwww.adzuna.at%2Fdetails%2F5896979862%3Futm_medium%3Dapi%26utm_source%3D8efdd1b9"
"Volksbank Wien","Uni-/FH Praktikum Kommunikation (w/m/d) - Teilzeit","Praktikum","Vienna","Landstraße, Wien","2026-09-12T17:12:05Z","https://www.adzuna.at/details/5881086851?utm_medium=api&utm_source=8efdd1b9","https://careerkit.me/api/apply?src=github-dach&company=volksbank-wien&url=https%3A%2F%2Fwww.adzuna.at%2Fdetails%2F5881086851%3Futm_medium%3Dapi%26utm_source%3D8efdd1b9"
"Volksbank Wien","Uni-/FH-Praktikum Risikocontolling - 6 Monate (w/m/d)","Praktikum","Vienna","Wien, Österreich","2026-09-03T17:21:07Z","https://www.adzuna.at/details/5869073391?utm_medium=api&utm_source=8efdd1b9","https://careerkit.me/api/apply?src=github-dach&company=volksbank-wien&url=https%3A%2F%2Fwww.adzuna.at%2Fdetails%2F5869073391%3Futm_medium%3Dapi%26utm_source%3D8efdd1b9"
"Volksbank Wien","FH-/Uni Praktikum Legal mit Schwerpunkt Prozessverbesserung & KI für 6 Monate (w/m/d)","Praktikum","Vienna","Wien, Österreich","2026-07-16T01:24:10Z","https://www.adzuna.at/details/5801921504?utm_medium=api&utm_source=8efdd1b9","https://careerkit.me/api/apply?src=github-dach&company=volksbank-wien&url=https%3A%2F%2Fwww.adzuna.at%2Fdetails%2F5801921504%3Futm_medium%3Dapi%26utm_source%3D8efdd1b9"
"Wen wir suchen","Praktikum im Markenmanagement in Wien","Praktikum","Vienna","Innere Stadt, Wien","2026-08-27T16:53:20Z","https://www.adzuna.at/details/5858342975?utm_medium=api&utm_source=8efdd1b9","https://careerkit.me/api/apply?src=github-dach&company=wen-wir-suchen&url=https%3A%2F%2Fwww.adzuna.at%2Fdetails%2F5858342975%3Futm_medium%3Dapi%26utm_source%3D8efdd1b9"
"Wir suchen dich","Praktikum im Vetklinikum","Praktikum","Vienna","Liesing, Wien","2026-05-08T00:32:46Z","https://www.adzuna.at/details/5722196963?utm_medium=api&utm_source=8efdd1b9","https://careerkit.me/api/apply?src=github-dach&company=wir-suchen-dich&url=https%3A%2F%2Fwww.adzuna.at%2Fdetails%2F5722196963%3Futm_medium%3Dapi%26utm_source%3D8efdd1b9"
"4flow","Werkstudent:in im Bereich Consulting - Logistik & Supply Chain Management (d/w/m)","Werkstudent","Vienna","Wien, Österreich","2026-06-09T00:29:33Z","https://www.adzuna.at/details/5756659465?utm_medium=api&utm_source=8efdd1b9","https://careerkit.me/api/apply?src=github-dach&company=4flow&url=https%3A%2F%2Fwww.adzuna.at%2Fdetails%2F5756659465%3Futm_medium%3Dapi%26utm_source%3D8efdd1b9"
"Angst+Pfister Austria","Werkstudent Maschinenbauingenieur Teil- oder Vollzeit (all genders)","Werkstudent","Vienna","Wien, Österreich","2026-07-19T01:23:24Z","https://www.adzuna.at/details/5806612616?utm_medium=api&utm_source=8efdd1b9","https://careerkit.me/api/apply?src=github-dach&company=angst-pfister-austria&url=https%3A%2F%2Fwww.adzuna.at%2Fdetails%2F5806612616%3Futm_medium%3Dapi%26utm_source%3D8efdd1b9"
"AV Group","Werkstudent*in Recruiting (10-30 Std.) bei einem aufstrebenden Startup nahe Wien | (Ref.: 1234567890) (m/w/d)","Werkstudent","Vienna","Wien, Österreich","2026-09-25T06:47:39Z","https://www.adzuna.at/details/5897885937?utm_medium=api&utm_source=8efdd1b9","https://careerkit.me/api/apply?src=github-dach&company=av-group&url=https%3A%2F%2Fwww.adzuna.at%2Fdetails%2F5897885937%3Futm_medium%3Dapi%26utm_source%3D8efdd1b9"
"Aventur Family Office GmbH","Werkstudent Value Creation","Werkstudent","Vienna","Innere Stadt, Wien","2026-01-29T12:34:23Z","https://www.adzuna.at/details/5604636889?utm_medium=api&utm_source=8efdd1b9","https://careerkit.me/api/apply?src=github-dach&company=aventur-family-office-gmbh&url=https%3A%2F%2Fwww.adzuna.at%2Fdetails%2F5604636889%3Futm_medium%3Dapi%26utm_source%3D8efdd1b9"
"CHECK24 Österreich","Werkstudent (all genders) im Produktmanagement","Werkstudent","Vienna","Wien, Österreich","2026-09-25T11:11:52Z","https://www.adzuna.at/details/5898089575?utm_medium=api&utm_source=8efdd1b9","https://careerkit.me/api/apply?src=github-dach&company=check24-oesterreich&url=https%3A%2F%2Fwww.adzuna.at%2Fdetails%2F5898089575%3Futm_medium%3Dapi%26utm_source%3D8efdd1b9"
"coeo Inkasso","Werkstudent:in International Collection (w/m/d)","Werkstudent","Vienna","Wien, Österreich","2026-08-28T16:53:07Z","https://www.adzuna.at/details/5859743934?utm_medium=api&utm_source=8efdd1b9","https://careerkit.me/api/apply?src=github-dach&company=coeo-inkasso&url=https%3A%2F%2Fwww.adzuna.at%2Fdetails%2F5859743934%3Futm_medium%3Dapi%26utm_source%3D8efdd1b9"
"CTS Eventim Austria","Werkstudent:in Content Online Marketing (w/m/d)","Werkstudent","Vienna","Wien, Österreich","2026-09-20T17:11:05Z","https://www.adzuna.at/details/5891836182?utm_medium=api&utm_source=8efdd1b9","https://careerkit.me/api/apply?src=github-dach&company=cts-eventim-austria&url=https%3A%2F%2Fwww.adzuna.at%2Fdetails%2F5891836182%3Futm_medium%3Dapi%26utm_source%3D8efdd1b9"
"CTS Eventim Austria","Werkstudent:in Vertrieb für oeticket.Light (m/w/d)","Werkstudent","Vienna","Wien, Österreich","2026-09-09T17:15:09Z","https://www.adzuna.at/details/5877207082?utm_medium=api&utm_source=8efdd1b9","https://careerkit.me/api/apply?src=github-dach&company=cts-eventim-austria&url=https%3A%2F%2Fwww.adzuna.at%2Fdetails%2F5877207082%3Futm_medium%3Dapi%26utm_source%3D8efdd1b9"
"Drees & Sommer SE","Studentischer Mitarbeiter (w/m/d) – Business Development & Sales","Werkstudent","Vienna","Wien, Wien, Austria","2026-08-06T13:30:49.467Z","https://jobs.smartrecruiters.com/DreesSommerSE/744000141922919","https://careerkit.me/api/apply?src=github-dach&company=drees-sommer-se&url=https%3A%2F%2Fjobs.smartrecruiters.com%2FDreesSommerSE%2F744000141922919"
"New Fluence","Influencer Management Werkstudent/In (m/w/d)","Werkstudent","Vienna","Wien, Österreich","2026-09-23T22:41:50Z","https://www.adzuna.at/details/5895616636?utm_medium=api&utm_source=8efdd1b9","https://careerkit.me/api/apply?src=github-dach&company=new-fluence&url=https%3A%2F%2Fwww.adzuna.at%2Fdetails%2F5895616636%3Futm_medium%3Dapi%26utm_source%3D8efdd1b9"
"New Fluence","Sales Werkstudent/In (m/w/d)","Werkstudent","Vienna","Wien, Österreich","2025-06-25T21:56:09Z","https://www.adzuna.at/details/5268247352?utm_medium=api&utm_source=8efdd1b9","https://careerkit.me/api/apply?src=github-dach&company=new-fluence&url=https%3A%2F%2Fwww.adzuna.at%2Fdetails%2F5268247352%3Futm_medium%3Dapi%26utm_source%3D8efdd1b9"
"ÖBB","Werkstudent:in Strategie & Unternehmensentwicklung","Werkstudent","Vienna","Wieden, Wien","2026-08-23T16:51:53Z","https://www.adzuna.at/details/5853682369?utm_medium=api&utm_source=8efdd1b9","https://careerkit.me/api/apply?src=github-dach&company=oebb&url=https%3A%2F%2Fwww.adzuna.at%2Fdetails%2F5853682369%3Futm_medium%3Dapi%26utm_source%3D8efdd1b9"
"staff24 Personalservice GmbH","Werkstudent (m/w/d) im Bereich Arbeitssicherheit","Werkstudent","Vienna","Wien, Österreich","2026-09-12T18:24:30Z","https://www.adzuna.at/land/ad/5881192379?se=2KTcLce48RGqSP-Ku-S77g&utm_medium=api&utm_source=8efdd1b9&v=C16A867682A029B421B2ED5172DB5135C4C644AC","https://careerkit.me/api/apply?src=github-dach&company=staff24-personalservice-gmbh&url=https%3A%2F%2Fwww.adzuna.at%2Fland%2Fad%2F5881192379%3Fse%3D2KTcLce48RGqSP-Ku-S77g%26utm_medium%3Dapi%26utm_source%3D8efdd1b9%26v%3DC16A867682A029B421B2ED5172DB5135C4C644AC"
"SIXT","Studentische Teilzeitkraft Autovermietung (m/w/d)","Werkstudent","Walldorf","Walldorf, BW, Germany","2026-06-18T06:03:46.816Z","https://jobs.smartrecruiters.com/sixt/744000132779759","https://careerkit.me/api/apply?src=github-dach&company=sixt&url=https%3A%2F%2Fjobs.smartrecruiters.com%2Fsixt%2F744000132779759"
"SIXT","Werkstudent Autovermietung (m/w/d)","Werkstudent","Walldorf","Walldorf, BW, Germany","2026-06-18T06:03:34.013Z","https://jobs.smartrecruiters.com/sixt/744000132779470","https://careerkit.me/api/apply?src=github-dach&company=sixt&url=https%3A%2F%2Fjobs.smartrecruiters.com%2Fsixt%2F744000132779470"
"CSL Behring","Quereinsteiger (m/w/d) für unser neues Plasmaspendecenter Wiesbaden City","Junior","Wiesbaden","EMEA, DE, Wiesbaden, CSL Plasma","2026-09-21T09:53:57.121Z","https://csl.wd1.myworkdayjobs.com/CSL_External/job/EMEA-DE-Wiesbaden-CSL-Plasma/Quereinsteiger--m-w-d--fr-unser-neues-Plasmaspendecenter-Wiesbaden-City_R-291453","https://careerkit.me/api/apply?src=github-dach&company=csl-behring&url=https%3A%2F%2Fcsl.wd1.myworkdayjobs.com%2FCSL_External%2Fjob%2FEMEA-DE-Wiesbaden-CSL-Plasma%2FQuereinsteiger--m-w-d--fr-unser-neues-Plasmaspendecenter-Wiesbaden-City_R-291453"
"AbbVie","Praktikum Digitales Marketing Onkologie (all genders)","Praktikum","Wiesbaden","Wiesbaden, HE, Germany","2026-09-17T10:30:53.626Z","https://jobs.smartrecruiters.com/abbvie/3743990015334646","https://careerkit.me/api/apply?src=github-dach&company=abbvie&url=https%3A%2F%2Fjobs.smartrecruiters.com%2Fabbvie%2F3743990015334646"
"AbbVie","Praktikant (all genders) im Bereich Human Resources mit Schwerpunkt Talent Development und Unternehmenskultur","Praktikum","Wiesbaden","Wiesbaden, HE, Germany","2026-09-01T08:46:22.801Z","https://jobs.smartrecruiters.com/abbvie/3743990014967376","https://careerkit.me/api/apply?src=github-dach&company=abbvie&url=https%3A%2F%2Fjobs.smartrecruiters.com%2Fabbvie%2F3743990014967376"
"AbbVie","Werkstudent (all genders) im Bereich Medical Affairs","Werkstudent","Wiesbaden","Wiesbaden, HE, Germany","2026-08-25T09:44:11.619Z","https://jobs.smartrecruiters.com/abbvie/3743990014829976","https://careerkit.me/api/apply?src=github-dach&company=abbvie&url=https%3A%2F%2Fjobs.smartrecruiters.com%2Fabbvie%2F3743990014829976"
"AbbVie","Werkstudent (all genders) Marketing im Bereich Rheumatologie","Werkstudent","Wiesbaden","Wiesbaden, HE, Germany","2026-08-19T08:17:21.086Z","https://jobs.smartrecruiters.com/abbvie/3743990014665936","https://careerkit.me/api/apply?src=github-dach&company=abbvie&url=https%3A%2F%2Fjobs.smartrecruiters.com%2Fabbvie%2F3743990014665936"
"AbbVie","Werkstudent (m/w/d) im Allergan Aesthetics Marketing & AMI Team","Werkstudent","Wiesbaden","Wiesbaden, HE, Germany","2026-08-04T19:44:42.682Z","https://jobs.smartrecruiters.com/abbvie/3743990014437086","https://careerkit.me/api/apply?src=github-dach&company=abbvie&url=https%3A%2F%2Fjobs.smartrecruiters.com%2Fabbvie%2F3743990014437086"
"SIXT","Werkstudent Autovermietung (m/w/d)","Werkstudent","Wiesbaden","Wiesbaden, HE, Germany","2026-09-24T09:14:03.220Z","https://jobs.smartrecruiters.com/sixt/744000151568279","https://careerkit.me/api/apply?src=github-dach&company=sixt&url=https%3A%2F%2Fjobs.smartrecruiters.com%2Fsixt%2F744000151568279"
"SIXT","Studentische Teilzeitkraft Autovermietung (m/w/d)","Werkstudent","Wiesbaden","Wiesbaden, HE, Germany","2026-09-24T09:13:50.265Z","https://jobs.smartrecruiters.com/sixt/744000151565566","https://careerkit.me/api/apply?src=github-dach&company=sixt&url=https%3A%2F%2Fjobs.smartrecruiters.com%2Fsixt%2F744000151565566"
"Scewo","Intern Mechanical Engineering / Product Development (m/w)","Praktikum","Winterthur","Winterthur","2026-03-05T14:50:40+00:00","https://scewo-ag.jobs.personio.de/job/2554913","https://careerkit.me/api/apply?src=github-dach&company=scewo&url=https%3A%2F%2Fscewo-ag.jobs.personio.de%2Fjob%2F2554913"
"SIXT","Werkstudent Autovermietung (m/w/d)","Werkstudent","Wolfsburg","Wolfsburg, NDS, Germany","2026-07-09T06:19:04.935Z","https://jobs.smartrecruiters.com/sixt/744000136723489","https://careerkit.me/api/apply?src=github-dach&company=sixt&url=https%3A%2F%2Fjobs.smartrecruiters.com%2Fsixt%2F744000136723489"
"SIXT","Studentische Teilzeitkraft Autovermietung (m/w/d)","Werkstudent","Wolfsburg","Wolfsburg, NDS, Germany","2026-07-09T06:18:56.878Z","https://jobs.smartrecruiters.com/sixt/744000136723065","https://careerkit.me/api/apply?src=github-dach&company=sixt&url=https%3A%2F%2Fjobs.smartrecruiters.com%2Fsixt%2F744000136723065"
"IMC","Graduate Software Engineer - Digital Assets","Absolvent","Zug","Zug, Switzerland","2026-07-20T06:11:21-04:00","https://job-boards.eu.greenhouse.io/imc/jobs/4932192101","https://careerkit.me/api/apply?src=github-dach&company=imc&url=https%3A%2F%2Fjob-boards.eu.greenhouse.io%2Fimc%2Fjobs%2F4932192101"
"IMC","Graduate Quant Researcher - Digital Assets","Absolvent","Zug","Zug, Switzerland","2026-06-12T10:48:39-04:00","https://job-boards.eu.greenhouse.io/imc/jobs/4892687101","https://careerkit.me/api/apply?src=github-dach&company=imc&url=https%3A%2F%2Fjob-boards.eu.greenhouse.io%2Fimc%2Fjobs%2F4892687101"
"Red Bull","Off Premise Sales Graduate","Absolvent","Zug","Baar, ZG, Switzerland","2026-09-16T11:45:06.985Z","https://jobs.smartrecruiters.com/RedBull/744000149843861","https://careerkit.me/api/apply?src=github-dach&company=red-bull&url=https%3A%2F%2Fjobs.smartrecruiters.com%2FRedBull%2F744000149843861"
"Red Bull","Controlling Graduate","Absolvent","Zug","Baar, ZG, Switzerland","2026-09-14T04:41:17.165Z","https://jobs.smartrecruiters.com/RedBull/744000149236208","https://careerkit.me/api/apply?src=github-dach&company=red-bull&url=https%3A%2F%2Fjobs.smartrecruiters.com%2FRedBull%2F744000149236208"
"Red Bull","Supply Chain Graduate","Absolvent","Zug","Baar, ZG, Switzerland","2026-09-14T04:40:44.183Z","https://jobs.smartrecruiters.com/RedBull/744000149236188","https://careerkit.me/api/apply?src=github-dach&company=red-bull&url=https%3A%2F%2Fjobs.smartrecruiters.com%2FRedBull%2F744000149236188"
"Red Bull","Communications Graduate","Absolvent","Zug","Baar, ZG, Switzerland","2026-09-14T04:40:13.086Z","https://jobs.smartrecruiters.com/RedBull/744000149236168","https://careerkit.me/api/apply?src=github-dach&company=red-bull&url=https%3A%2F%2Fjobs.smartrecruiters.com%2FRedBull%2F744000149236168"
"Red Bull","On Premise Marketing Graduate","Absolvent","Zug","Baar, ZG, Switzerland","2026-09-14T04:39:06.668Z","https://jobs.smartrecruiters.com/RedBull/744000149236098","https://careerkit.me/api/apply?src=github-dach&company=red-bull&url=https%3A%2F%2Fjobs.smartrecruiters.com%2FRedBull%2F744000149236098"
"Bossard","Junior Controller 80 - 100 % (all genders) | Bossard Group","Junior","Zug","Zug","2026-08-26T09:53:46.406Z","https://bossard.wd103.myworkdayjobs.com/BossardJobs/job/Zug/Junior-Controller-80---100----all-genders----Bossard-Group_","https://careerkit.me/api/apply?src=github-dach&company=bossard&url=https%3A%2F%2Fbossard.wd103.myworkdayjobs.com%2FBossardJobs%2Fjob%2FZug%2FJunior-Controller-80---100----all-genders----Bossard-Group_"
"MET Group","Junior Legal Counsel Commodity Trading","Junior","Zug","Baar, ZG, Switzerland","2026-08-14T07:29:41.985Z","https://jobs.smartrecruiters.com/metgroup/744000143453794","https://careerkit.me/api/apply?src=github-dach&company=met-group&url=https%3A%2F%2Fjobs.smartrecruiters.com%2Fmetgroup%2F744000143453794"
"Biogen","Intern, Value & Access and Commercial (f/m/d)","Praktikum","Zug","Baar, Switzerland","2026-09-16T09:53:54.581Z","https://biibhr.wd3.myworkdayjobs.com/external/job/Baar-Switzerland/Intern--Value---Access-and-Commercial--f-m-d-_REQ24089","https://careerkit.me/api/apply?src=github-dach&company=biogen&url=https%3A%2F%2Fbiibhr.wd3.myworkdayjobs.com%2Fexternal%2Fjob%2FBaar-Switzerland%2FIntern--Value---Access-and-Commercial--f-m-d-_REQ24089"
"Biogen","Intern Commercial","Praktikum","Zug","Baar, Switzerland","2026-09-03T09:53:54.581Z","https://biibhr.wd3.myworkdayjobs.com/external/job/Baar-Switzerland/Intern-Commercial_REQ24033-1","https://careerkit.me/api/apply?src=github-dach&company=biogen&url=https%3A%2F%2Fbiibhr.wd3.myworkdayjobs.com%2Fexternal%2Fjob%2FBaar-Switzerland%2FIntern-Commercial_REQ24033-1"
"Dialectic","Blockchain Developer Intern","Praktikum","Zug","Zug, Switzerland","2026-04-28T04:55:37-04:00","https://job-boards.eu.greenhouse.io/dialecticch/jobs/4851646101","https://careerkit.me/api/apply?src=github-dach&company=dialectic&url=https%3A%2F%2Fjob-boards.eu.greenhouse.io%2Fdialecticch%2Fjobs%2F4851646101"
"Johnson & Johnson / Janssen","WMS-Praktikum (1 Jahr) 2027","Praktikum","Zug","Zug, Switzerland","2026-08-26T09:54:19.435Z","https://jj.wd5.myworkdayjobs.com/JJ/job/Zug-Switzerland/WMS-Praktikum--1-Jahr--2027_R-091875","https://careerkit.me/api/apply?src=github-dach&company=johnson-johnson-janssen&url=https%3A%2F%2Fjj.wd5.myworkdayjobs.com%2FJJ%2Fjob%2FZug-Switzerland%2FWMS-Praktikum--1-Jahr--2027_R-091875"
"Alvarez & Marsal","Tax Analyst/Graduate - Switzerland","Absolvent","Zurich","Zürich","2026-08-31T23:44:48Z","https://www.adzuna.ch/details/5863163642?utm_medium=api&utm_source=8efdd1b9","https://careerkit.me/api/apply?src=github-dach&company=alvarez-marsal&url=https%3A%2F%2Fwww.adzuna.ch%2Fdetails%2F5863163642%3Futm_medium%3Dapi%26utm_source%3D8efdd1b9"
"Bank Julius Bär & Co. AG","University Graduate – Investment Controlling 100% (f/m/d)","Absolvent","Zurich","Zürich","2026-09-11T00:28:23Z","https://www.adzuna.ch/details/5878908820?utm_medium=api&utm_source=8efdd1b9","https://careerkit.me/api/apply?src=github-dach&company=bank-julius-baer-co-ag&url=https%3A%2F%2Fwww.adzuna.ch%2Fdetails%2F5878908820%3Futm_medium%3Dapi%26utm_source%3D8efdd1b9"
"Julius Baer","University Graduate – Investment Controlling 100% (f/m/d)","Absolvent","Zurich","Zurich","2026-09-10T09:54:26.325Z","https://juliusbaer.wd3.myworkdayjobs.com/External/job/Zurich/University-Graduate---Investment-Controlling-100---f-m-d-_r-19680-1","https://careerkit.me/api/apply?src=github-dach&company=julius-baer&url=https%3A%2F%2Fjuliusbaer.wd3.myworkdayjobs.com%2FExternal%2Fjob%2FZurich%2FUniversity-Graduate---Investment-Controlling-100---f-m-d-_r-19680-1"
"Julius Baer","University Graduate – Group Communications 100% (f/m/d)","Absolvent","Zurich","Zurich","2026-09-10T09:54:26.325Z","https://juliusbaer.wd3.myworkdayjobs.com/External/job/Zurich/University-Graduate---Group-Communications-100---f-m-d-_r-19750-1","https://careerkit.me/api/apply?src=github-dach&company=julius-baer&url=https%3A%2F%2Fjuliusbaer.wd3.myworkdayjobs.com%2FExternal%2Fjob%2FZurich%2FUniversity-Graduate---Group-Communications-100---f-m-d-_r-19750-1"
"Julius Baer","University Graduate – Corporate FX and Hedging 100% (f/m/d)","Absolvent","Zurich","Zurich","2026-09-10T09:54:26.325Z","https://juliusbaer.wd3.myworkdayjobs.com/External/job/Zurich/University-Graduate---Corporate-FX-and-Hedging-100---f-m-d-_r-19737","https://careerkit.me/api/apply?src=github-dach&company=julius-baer&url=https%3A%2F%2Fjuliusbaer.wd3.myworkdayjobs.com%2FExternal%2Fjob%2FZurich%2FUniversity-Graduate---Corporate-FX-and-Hedging-100---f-m-d-_r-19737"
"Julius Baer","University Graduate – Wealth Planning 100% (f/m/d)","Absolvent","Zurich","Zurich","2026-09-10T09:54:26.325Z","https://juliusbaer.wd3.myworkdayjobs.com/External/job/Zurich/University-Graduate---Wealth-Planning-100---f-m-d-_r-19691-1","https://careerkit.me/api/apply?src=github-dach&company=julius-baer&url=https%3A%2F%2Fjuliusbaer.wd3.myworkdayjobs.com%2FExternal%2Fjob%2FZurich%2FUniversity-Graduate---Wealth-Planning-100---f-m-d-_r-19691-1"
"Julius Baer","University Graduate – Account Manager UHNWI 100% (f/m/d)","Absolvent","Zurich","Zurich","2026-09-10T09:54:26.325Z","https://juliusbaer.wd3.myworkdayjobs.com/External/job/Zurich/University-Graduate---Account-Manager-UHNWI-100---f-m-d-_r-19694-2","https://careerkit.me/api/apply?src=github-dach&company=julius-baer&url=https%3A%2F%2Fjuliusbaer.wd3.myworkdayjobs.com%2FExternal%2Fjob%2FZurich%2FUniversity-Graduate---Account-Manager-UHNWI-100---f-m-d-_r-19694-2"
"Julius Baer","University Graduate – Portfolio Specialist 100% (f/m/d)","Absolvent","Zurich","Zurich","2026-09-10T09:54:26.325Z","https://juliusbaer.wd3.myworkdayjobs.com/External/job/Zurich/University-Graduate---Portfolio-Specialist-100---f-m-d-_r-19719-2","https://careerkit.me/api/apply?src=github-dach&company=julius-baer&url=https%3A%2F%2Fjuliusbaer.wd3.myworkdayjobs.com%2FExternal%2Fjob%2FZurich%2FUniversity-Graduate---Portfolio-Specialist-100---f-m-d-_r-19719-2"
"Julius Baer","University Graduate – Program Associate 100% (f/m/d)","Absolvent","Zurich","Zurich","2026-09-10T09:54:26.325Z","https://juliusbaer.wd3.myworkdayjobs.com/External/job/Zurich/University-Graduate---Program-Associate-100---f-m-d-_r-19723-1","https://careerkit.me/api/apply?src=github-dach&company=julius-baer&url=https%3A%2F%2Fjuliusbaer.wd3.myworkdayjobs.com%2FExternal%2Fjob%2FZurich%2FUniversity-Graduate---Program-Associate-100---f-m-d-_r-19723-1"
"Julius Baer","University Graduate – AI Transformation Specialist 100% (f/m/d)","Absolvent","Zurich","Zurich","2026-09-10T09:54:26.325Z","https://juliusbaer.wd3.myworkdayjobs.com/External/job/Zurich/University-Graduate---AI-Transformation-Specialist-100---f-m-d-_r-19782-2","https://careerkit.me/api/apply?src=github-dach&company=julius-baer&url=https%3A%2F%2Fjuliusbaer.wd3.myworkdayjobs.com%2FExternal%2Fjob%2FZurich%2FUniversity-Graduate---AI-Transformation-Specialist-100---f-m-d-_r-19782-2"
"Julius Baer","University Graduate - Business Management Region Western Markets & Switzerland 100% (f/m/d)","Absolvent","Zurich","Zurich","2026-09-10T09:54:26.325Z","https://juliusbaer.wd3.myworkdayjobs.com/External/job/Zurich/University-Graduate---Business-Management-Region-Western-Markets---Switzerland-100---f-m-d-_r-19702-1","https://careerkit.me/api/apply?src=github-dach&company=julius-baer&url=https%3A%2F%2Fjuliusbaer.wd3.myworkdayjobs.com%2FExternal%2Fjob%2FZurich%2FUniversity-Graduate---Business-Management-Region-Western-Markets---Switzerland-100---f-m-d-_r-19702-1"
"Julius Baer","University Graduate – Transformation Strategist 100% (f/m/d)","Absolvent","Zurich","Zurich","2026-09-10T09:54:26.325Z","https://juliusbaer.wd3.myworkdayjobs.com/External/job/Zurich/University-Graduate---Transformation-Strategist-100---f-m-d-_r-19700","https://careerkit.me/api/apply?src=github-dach&company=julius-baer&url=https%3A%2F%2Fjuliusbaer.wd3.myworkdayjobs.com%2FExternal%2Fjob%2FZurich%2FUniversity-Graduate---Transformation-Strategist-100---f-m-d-_r-19700"
"Julius Baer","University Graduate – STIR/FX Derivative Trading 100% (f/m/d)","Absolvent","Zurich","Zurich","2026-09-10T09:54:26.326Z","https://juliusbaer.wd3.myworkdayjobs.com/External/job/Zurich/University-Graduate---STIR-FX-Derivative-Trading-100---f-m-d-_r-19681-2","https://careerkit.me/api/apply?src=github-dach&company=julius-baer&url=https%3A%2F%2Fjuliusbaer.wd3.myworkdayjobs.com%2FExternal%2Fjob%2FZurich%2FUniversity-Graduate---STIR-FX-Derivative-Trading-100---f-m-d-_r-19681-2"
"Julius Baer","University Graduate – Global Network Management Specialist 100% (f/m/d)","Absolvent","Zurich","Zurich","2026-09-10T09:54:26.326Z","https://juliusbaer.wd3.myworkdayjobs.com/External/job/Zurich/University-Graduate---Global-Network-Management-Specialist-100---f-m-d-_r-19756","https://careerkit.me/api/apply?src=github-dach&company=julius-baer&url=https%3A%2F%2Fjuliusbaer.wd3.myworkdayjobs.com%2FExternal%2Fjob%2FZurich%2FUniversity-Graduate---Global-Network-Management-Specialist-100---f-m-d-_r-19756"
"Julius Baer","University Graduate – Machine Learning Engineer 100% (f/m/d)","Absolvent","Zurich","Zurich","2026-09-10T09:54:26.326Z","https://juliusbaer.wd3.myworkdayjobs.com/External/job/Zurich/University-Graduate---Machine-Learning-Engineer-100---f-m-d-_r-19676-1","https://careerkit.me/api/apply?src=github-dach&company=julius-baer&url=https%3A%2F%2Fjuliusbaer.wd3.myworkdayjobs.com%2FExternal%2Fjob%2FZurich%2FUniversity-Graduate---Machine-Learning-Engineer-100---f-m-d-_r-19676-1"
"KPMG","Graduate Cyber Security","Absolvent","Zurich","Zürich","2026-09-22T00:42:47Z","https://www.adzuna.ch/details/5893235866?utm_medium=api&utm_source=8efdd1b9","https://careerkit.me/api/apply?src=github-dach&company=kpmg&url=https%3A%2F%2Fwww.adzuna.ch%2Fdetails%2F5893235866%3Futm_medium%3Dapi%26utm_source%3D8efdd1b9"
"Roland Berger","Boost Your Consulting Skills: Graduate Consulting Club x Roland Berger","Absolvent","Zurich","Zürich, ZH, Switzerland","2026-05-07T08:13:26.239Z","https://jobs.smartrecruiters.com/rolandberger/744000125062299","https://careerkit.me/api/apply?src=github-dach&company=roland-berger&url=https%3A%2F%2Fjobs.smartrecruiters.com%2Frolandberger%2F744000125062299"
"AccorHotel","Junior Sous-Chef (w/m/d)","Junior","Zurich","Zürich, ZH, Switzerland","2026-09-11T10:57:45.432Z","https://jobs.smartrecruiters.com/AccorHotel/744000148989299","https://careerkit.me/api/apply?src=github-dach&company=accorhotel&url=https%3A%2F%2Fjobs.smartrecruiters.com%2FAccorHotel%2F744000148989299"
"AccorHotel","Junior Sous-Chef (f/m/d)","Junior","Zurich","Zürich, ZH, Switzerland","2026-09-11T10:57:25.974Z","https://jobs.smartrecruiters.com/AccorHotel/744000148989159","https://careerkit.me/api/apply?src=github-dach&company=accorhotel&url=https%3A%2F%2Fjobs.smartrecruiters.com%2FAccorHotel%2F744000148989159"
"AFRY","Junior Projektingenieur:in Leitungsbau 80-100% - Zürich","Junior","Zurich","Zürich, ZH, Switzerland","2026-07-22T09:09:32.056Z","https://jobs.smartrecruiters.com/afry/744000139029825","https://careerkit.me/api/apply?src=github-dach&company=afry&url=https%3A%2F%2Fjobs.smartrecruiters.com%2Fafry%2F744000139029825"
"AFRY","Elektroplaner:in BIM / Junior Projektleiter:in Elektrotechnik 80-100% - Zürich","Junior","Zurich","Zürich, ZH, Switzerland","2026-07-13T14:25:54.791Z","https://jobs.smartrecruiters.com/afry/744000137473170","https://careerkit.me/api/apply?src=github-dach&company=afry&url=https%3A%2F%2Fjobs.smartrecruiters.com%2Fafry%2F744000137473170"
"AFRY","Junior Projektleiter:in Tiefbau / Strassenbau 80-100% - Zürich","Junior","Zurich","Zürich, ZH, Switzerland","2026-07-07T13:24:18.673Z","https://jobs.smartrecruiters.com/afry/744000136235039","https://careerkit.me/api/apply?src=github-dach&company=afry&url=https%3A%2F%2Fjobs.smartrecruiters.com%2Fafry%2F744000136235039"
"AFRY","Junior Projektingenieur:in Leitungsbau PLS-CADD 80-100% - Zürich","Junior","Zurich","Zürich, ZH, Switzerland","2026-07-01T06:57:14.202Z","https://jobs.smartrecruiters.com/afry/744000135186608","https://careerkit.me/api/apply?src=github-dach&company=afry&url=https%3A%2F%2Fjobs.smartrecruiters.com%2Fafry%2F744000135186608"
"AFRY","Junior Bauingenieur:in 80-100% - Zürich","Junior","Zurich","Zürich, ZH, Switzerland","2026-07-01T06:55:34.494Z","https://jobs.smartrecruiters.com/afry/744000135186369","https://careerkit.me/api/apply?src=github-dach&company=afry&url=https%3A%2F%2Fjobs.smartrecruiters.com%2Fafry%2F744000135186369"
"Astara","Trainee, Video & Content Creation","Junior","Zurich","Zürich","2026-09-11T00:28:23Z","https://www.adzuna.ch/details/5878908754?utm_medium=api&utm_source=8efdd1b9","https://careerkit.me/api/apply?src=github-dach&company=astara&url=https%3A%2F%2Fwww.adzuna.ch%2Fdetails%2F5878908754%3Futm_medium%3Dapi%26utm_source%3D8efdd1b9"
"Astara","Trainee, Product Management (befristet 6 Monate)","Junior","Zurich","Zürich","2026-09-11T00:28:23Z","https://www.adzuna.ch/details/5878908753?utm_medium=api&utm_source=8efdd1b9","https://careerkit.me/api/apply?src=github-dach&company=astara&url=https%3A%2F%2Fwww.adzuna.ch%2Fdetails%2F5878908753%3Futm_medium%3Dapi%26utm_source%3D8efdd1b9"
"Brainlab","(Junior) Area Account Manager (m/w/d) Schweiz","Junior","Zurich","Zürich, ZH, Switzerland","2026-09-15T14:25:33.512Z","https://jobs.smartrecruiters.com/brainlab/744000149624672","https://careerkit.me/api/apply?src=github-dach&company=brainlab&url=https%3A%2F%2Fjobs.smartrecruiters.com%2Fbrainlab%2F744000149624672"
"Care Preventive AG","Marketing Trainee 60%, 6 Monate","Junior","Zurich","Zürich","2026-09-21T22:30:24Z","https://www.adzuna.ch/details/5893122699?utm_medium=api&utm_source=8efdd1b9","https://careerkit.me/api/apply?src=github-dach&company=care-preventive-ag&url=https%3A%2F%2Fwww.adzuna.ch%2Fdetails%2F5893122699%3Futm_medium%3Dapi%26utm_source%3D8efdd1b9"
"Celebrationpoint AG","Trainee: Events, Marketing & Social Media (100%) ab 01/2027 oder eher I Dauer: 12 Monate","Junior","Zurich","Zürich","2026-08-21T13:49:08Z","https://www.adzuna.ch/details/5850978566?utm_medium=api&utm_source=8efdd1b9","https://careerkit.me/api/apply?src=github-dach&company=celebrationpoint-ag&url=https%3A%2F%2Fwww.adzuna.ch%2Fdetails%2F5850978566%3Futm_medium%3Dapi%26utm_source%3D8efdd1b9"
"crowdhouse","Junior Legal- & Transaction Manager (w/m/d)","Junior","Zurich","Zürich, Zürich, Schweiz","2026-08-06 12:32:07 UTC","https://crowdhouse.recruitee.com/o/junior-legal-transaction-manager-wmd","https://careerkit.me/api/apply?src=github-dach&company=crowdhouse&url=https%3A%2F%2Fcrowdhouse.recruitee.com%2Fo%2Fjunior-legal-transaction-manager-wmd"
"Deloitte","Trainee - Restructuring And Performance Improvement","Junior","Zurich","Zürich","2026-09-17T01:07:16Z","https://www.adzuna.ch/details/5886690189?utm_medium=api&utm_source=8efdd1b9","https://careerkit.me/api/apply?src=github-dach&company=deloitte&url=https%3A%2F%2Fwww.adzuna.ch%2Fdetails%2F5886690189%3Futm_medium%3Dapi%26utm_source%3D8efdd1b9"
"Deloitte","Trainee – Central Consulting (Chief Of Staff Support)","Junior","Zurich","Zürich","2026-09-17T01:07:16Z","https://www.adzuna.ch/details/5886690190?utm_medium=api&utm_source=8efdd1b9","https://careerkit.me/api/apply?src=github-dach&company=deloitte&url=https%3A%2F%2Fwww.adzuna.ch%2Fdetails%2F5886690190%3Futm_medium%3Dapi%26utm_source%3D8efdd1b9"
"Deloitte AG","Trainee - Restructuring And Performance Improvement","Junior","Zurich","Zürich","2026-07-17T23:29:19Z","https://www.adzuna.ch/details/5805213528?utm_medium=api&utm_source=8efdd1b9","https://careerkit.me/api/apply?src=github-dach&company=deloitte-ag&url=https%3A%2F%2Fwww.adzuna.ch%2Fdetails%2F5805213528%3Futm_medium%3Dapi%26utm_source%3D8efdd1b9"
"jim & jim","Trainee Digital Campaigning 9-12 Monate","Junior","Zurich","Zürich","2026-09-15T14:25:41Z","https://www.adzuna.ch/details/5884629256?utm_medium=api&utm_source=8efdd1b9","https://careerkit.me/api/apply?src=github-dach&company=jim-jim&url=https%3A%2F%2Fwww.adzuna.ch%2Fdetails%2F5884629256%3Futm_medium%3Dapi%26utm_source%3D8efdd1b9"
"Job-Room","Trainee - Central Consulting (Chief of Staff Support)","Junior","Zurich","Zürich","2026-09-16T14:19:29Z","https://www.adzuna.ch/details/5886137204?utm_medium=api&utm_source=8efdd1b9","https://careerkit.me/api/apply?src=github-dach&company=job-room&url=https%3A%2F%2Fwww.adzuna.ch%2Fdetails%2F5886137204%3Futm_medium%3Dapi%26utm_source%3D8efdd1b9"
"Julius Baer","Junior Portfolio Engineer, 100% (f/m/d)","Junior","Zurich","Zurich","2026-09-23T09:54:26.326Z","https://juliusbaer.wd3.myworkdayjobs.com/External/job/Zurich/Junior-Portfolio-Engineer--100---f-m-d-_r-19587-1","https://careerkit.me/api/apply?src=github-dach&company=julius-baer&url=https%3A%2F%2Fjuliusbaer.wd3.myworkdayjobs.com%2FExternal%2Fjob%2FZurich%2FJunior-Portfolio-Engineer--100---f-m-d-_r-19587-1"
"Julius Baer","(Junior) Operations Specialist FXMM / PM & Treasury 100% (f/m/d) - (Contract through our external payroll partner with immediate start until 31.12.2027 with possible extension)","Junior","Zurich","Zurich","2026-09-15T09:54:26.326Z","https://juliusbaer.wd3.myworkdayjobs.com/External/job/Zurich/XMLNAME--Junior--Operations-Specialist-FXMM---PM---Treasury-100---f-m-d-----Contract-through-our-external-payroll-partner-with-immediate-start-until-31122027-with-possible-extension-_r-19821-3","https://careerkit.me/api/apply?src=github-dach&company=julius-baer&url=https%3A%2F%2Fjuliusbaer.wd3.myworkdayjobs.com%2FExternal%2Fjob%2FZurich%2FXMLNAME--Junior--Operations-Specialist-FXMM---PM---Treasury-100---f-m-d-----Contract-through-our-external-payroll-partner-with-immediate-start-until-31122027-with-possible-extension-_r-19821-3"
"Mandarin Oriental Savoy, Zurich","Sales & Marketing Trainee (M/F/D)","Junior","Zurich","Zürich","2026-09-03T13:06:08Z","https://www.adzuna.ch/land/ad/5868768558?se=JE11Lce48RG6__weu4s3oQ&utm_medium=api&utm_source=8efdd1b9&v=889F0B987D8F4A0C6BEDFF895AE8B47B4B7DB413","https://careerkit.me/api/apply?src=github-dach&company=mandarin-oriental-savoy-zurich&url=https%3A%2F%2Fwww.adzuna.ch%2Fland%2Fad%2F5868768558%3Fse%3DJE11Lce48RG6__weu4s3oQ%26utm_medium%3Dapi%26utm_source%3D8efdd1b9%26v%3D889F0B987D8F4A0C6BEDFF895AE8B47B4B7DB413"
"Mandarin Oriental Savoy, Zurich","Front of House Trainee (M/F/D)","Junior","Zurich","Zürich","2026-07-31T12:57:49Z","https://www.adzuna.ch/land/ad/5822313841?se=JE11Lce48RG6__weu4s3oQ&utm_medium=api&utm_source=8efdd1b9&v=C16E8BDD78DEF2F0A00E566004179EC2DF8AB26F","https://careerkit.me/api/apply?src=github-dach&company=mandarin-oriental-savoy-zurich&url=https%3A%2F%2Fwww.adzuna.ch%2Fland%2Fad%2F5822313841%3Fse%3DJE11Lce48RG6__weu4s3oQ%26utm_medium%3Dapi%26utm_source%3D8efdd1b9%26v%3DC16E8BDD78DEF2F0A00E566004179EC2DF8AB26F"
"MyBikePlan","Jr. Sales Representative (FR/IT)","Junior","Zurich","Zürich","2026-09-23T14:31:52Z","https://www.adzuna.ch/details/5895196664?utm_medium=api&utm_source=8efdd1b9","https://careerkit.me/api/apply?src=github-dach&company=mybikeplan&url=https%3A%2F%2Fwww.adzuna.ch%2Fdetails%2F5895196664%3Futm_medium%3Dapi%26utm_source%3D8efdd1b9"
"MyBikePlan","Sales Traineeship (FR/ITA)","Junior","Zurich","Zürich","2026-09-23T14:31:51Z","https://www.adzuna.ch/details/5895196601?utm_medium=api&utm_source=8efdd1b9","https://careerkit.me/api/apply?src=github-dach&company=mybikeplan&url=https%3A%2F%2Fwww.adzuna.ch%2Fdetails%2F5895196601%3Futm_medium%3Dapi%26utm_source%3D8efdd1b9"
"PricewaterhouseCoopers","Trainee - Sustainability & Strategic Regulatory (Supply Chain)","Junior","Zurich","Zürich","2026-09-06T00:26:04Z","https://www.adzuna.ch/details/5872314604?utm_medium=api&utm_source=8efdd1b9","https://careerkit.me/api/apply?src=github-dach&company=pricewaterhousecoopers&url=https%3A%2F%2Fwww.adzuna.ch%2Fdetails%2F5872314604%3Futm_medium%3Dapi%26utm_source%3D8efdd1b9"
"Restaurant Kronenhalle AG","F & B Trainee (a)","Junior","Zurich","Zürich","2026-09-18T02:25:41Z","https://www.adzuna.ch/details/5888369698?utm_medium=api&utm_source=8efdd1b9","https://careerkit.me/api/apply?src=github-dach&company=restaurant-kronenhalle-ag&url=https%3A%2F%2Fwww.adzuna.ch%2Fdetails%2F5888369698%3Futm_medium%3Dapi%26utm_source%3D8efdd1b9"
"Roland Berger","(Junior) Consultant (all genders)","Junior","Zurich","Zürich, ZH, Switzerland","2025-10-15T05:22:58.112Z","https://jobs.smartrecruiters.com/rolandberger/744000088027155","https://careerkit.me/api/apply?src=github-dach&company=roland-berger&url=https%3A%2F%2Fjobs.smartrecruiters.com%2Frolandberger%2F744000088027155"
"salonkee","(Junior) Sales Manager im Außendienst (m/w/d) - Zürich","Junior","Zurich","Schweiz / Zurich","2026-07-08T08:13:37.514+00:00","https://jobs.ashbyhq.com/salonkee/fec95a7f-6ba9-4008-a91a-e30c124b812e","https://careerkit.me/api/apply?src=github-dach&company=salonkee&url=https%3A%2F%2Fjobs.ashbyhq.com%2Fsalonkee%2Ffec95a7f-6ba9-4008-a91a-e30c124b812e"
"SThree plc","Trainee Recruitment Consultant (m/w/d) im Vertrieb","Junior","Zurich","Zürich","2026-07-04T23:56:23Z","https://www.adzuna.ch/details/5788280645?utm_medium=api&utm_source=8efdd1b9","https://careerkit.me/api/apply?src=github-dach&company=sthree-plc&url=https%3A%2F%2Fwww.adzuna.ch%2Fdetails%2F5788280645%3Futm_medium%3Dapi%26utm_source%3D8efdd1b9"
"Vontobel","Junior Product and Analytics Specialist (12 months temporary role) (80% - 100%)","Junior","Zurich","Zürich / Genferstrasse 27","2026-09-24T09:54:50.857Z","https://vontobel.wd3.myworkdayjobs.com/Vontobel_External_Career/job/Zrich--Genferstrasse-27/Junior-Product-and-Analytics-Specialist--12-months-temporary-role---80----100--_9371-1","https://careerkit.me/api/apply?src=github-dach&company=vontobel&url=https%3A%2F%2Fvontobel.wd3.myworkdayjobs.com%2FVontobel_External_Career%2Fjob%2FZrich--Genferstrasse-27%2FJunior-Product-and-Analytics-Specialist--12-months-temporary-role---80----100--_9371-1"
"Westhouse Schweiz","Traineeship Business Development & Sales 100% (m/w/d) | Starte deine Karriere im IT-Recruitment!","Junior","Zurich","Zürich","2026-07-01T11:38:46+00:00","https://westhouse.jobs.personio.de/job/2693771","https://careerkit.me/api/apply?src=github-dach&company=westhouse-schweiz&url=https%3A%2F%2Fwesthouse.jobs.personio.de%2Fjob%2F2693771"
"Wingtra","Junior Software Engineer - GTM Products","Junior","Zurich","Zürich / Zürich","2026-08-28T13:39:59.261Z","https://jobs.lever.co/wingtra-2/7985b1c8-ea4b-4af8-9260-7def37780218","https://careerkit.me/api/apply?src=github-dach&company=wingtra&url=https%3A%2F%2Fjobs.lever.co%2Fwingtra-2%2F7985b1c8-ea4b-4af8-9260-7def37780218"
"Yoordi AG","Trainee: Customer Success & QA Testing 100%","Junior","Zurich","Zürich","2026-08-27T21:54:18Z","https://www.adzuna.ch/details/5858655024?utm_medium=api&utm_source=8efdd1b9","https://careerkit.me/api/apply?src=github-dach&company=yoordi-ag&url=https%3A%2F%2Fwww.adzuna.ch%2Fdetails%2F5858655024%3Futm_medium%3Dapi%26utm_source%3D8efdd1b9"
"Zürcher Kantonalbank und ihre Tochtergesellschaften","Trainee T-Shaped IT Software Engineering","Junior","Zurich","Zürich","2026-09-24T01:30:52Z","https://www.adzuna.ch/details/5895749447?utm_medium=api&utm_source=8efdd1b9","https://careerkit.me/api/apply?src=github-dach&company=zuercher-kantonalbank-und-ihre-tochtergesellschaften&url=https%3A%2F%2Fwww.adzuna.ch%2Fdetails%2F5895749447%3Futm_medium%3Dapi%26utm_source%3D8efdd1b9"
"AFRY","Praktikant:in ETHZ / EPFL Civil 80-100% - Zürich","Praktikum","Zurich","Zürich, ZH, Switzerland","2024-04-02T12:12:21.306Z","https://jobs.smartrecruiters.com/afry/743999977636098","https://careerkit.me/api/apply?src=github-dach&company=afry&url=https%3A%2F%2Fjobs.smartrecruiters.com%2Fafry%2F743999977636098"
"ANYbotics","Software Engineering Internship - AI Platform","Praktikum","Zurich","Zurich, Switzerland / Zurich, Switzerland","2025-08-21T12:53:43.997Z","https://jobs.lever.co/anybotics/7e305a48-4628-4a6a-b054-0367b6f6e586","https://careerkit.me/api/apply?src=github-dach&company=anybotics&url=https%3A%2F%2Fjobs.lever.co%2Fanybotics%2F7e305a48-4628-4a6a-b054-0367b6f6e586"
"Artifact","AI Engineer / Consultant - Internship","Praktikum","Zurich","Zürich Oerlikon, Zürich, Switzerland","2024-04-23 12:21:26 UTC","https://artifactsa.recruitee.com/o/ai-engineer-consultant-internship","https://careerkit.me/api/apply?src=github-dach&company=artifact&url=https%3A%2F%2Fartifactsa.recruitee.com%2Fo%2Fai-engineer-consultant-internship"
"ATP architekten ingenieure","Praktikant:in (m/w/d) im Bereich Architektur mit Schwerpunkt Entwurf","Praktikum","Zurich","Zürich, ZH, Switzerland","2026-07-15T16:20:35.827Z","https://jobs.smartrecruiters.com/ATParchitekteningenieure/744000137942279","https://careerkit.me/api/apply?src=github-dach&company=atp-architekten-ingenieure&url=https%3A%2F%2Fjobs.smartrecruiters.com%2FATParchitekteningenieure%2F744000137942279"
"Audiokanzlei","PODCAST PRODUKTION - PRAKTIKUM (m/w/d)","Praktikum","Zurich","Zürich","2025-03-13T10:50:27Z","https://www.adzuna.ch/details/5091013181?utm_medium=api&utm_source=8efdd1b9","https://careerkit.me/api/apply?src=github-dach&company=audiokanzlei&url=https%3A%2F%2Fwww.adzuna.ch%2Fdetails%2F5091013181%3Futm_medium%3Dapi%26utm_source%3D8efdd1b9"
"Auterion","Electronics Engineering Intern","Praktikum","Zurich","Zurich, Switzerland","2026-09-16T08:54:16-04:00","https://auterion.com/company/careers-open-position/8813576002?gh_jid=8813576002","https://careerkit.me/api/apply?src=github-dach&company=auterion&url=https%3A%2F%2Fauterion.com%2Fcompany%2Fcareers-open-position%2F8813576002%3Fgh_jid%3D8813576002"
"Chubb","Praktikum - Trainee Operations, (alle*)","Praktikum","Zurich","Zürich","2026-08-13T23:44:37Z","https://www.adzuna.ch/details/5840702691?utm_medium=api&utm_source=8efdd1b9","https://careerkit.me/api/apply?src=github-dach&company=chubb&url=https%3A%2F%2Fwww.adzuna.ch%2Fdetails%2F5840702691%3Futm_medium%3Dapi%26utm_source%3D8efdd1b9"
"Chubb","Praktikum - Student Finance and Accounting (alle*)","Praktikum","Zurich","Zürich","2026-08-13T23:44:37Z","https://www.adzuna.ch/details/5840702741?utm_medium=api&utm_source=8efdd1b9","https://careerkit.me/api/apply?src=github-dach&company=chubb&url=https%3A%2F%2Fwww.adzuna.ch%2Fdetails%2F5840702741%3Futm_medium%3Dapi%26utm_source%3D8efdd1b9"
"CTG Consulting","Praktikum Business Development & Growth (all genders)","Praktikum","Zurich","Zürich","2026-08-10T01:28:49Z","https://www.adzuna.ch/details/5835047511?utm_medium=api&utm_source=8efdd1b9","https://careerkit.me/api/apply?src=github-dach&company=ctg-consulting&url=https%3A%2F%2Fwww.adzuna.ch%2Fdetails%2F5835047511%3Futm_medium%3Dapi%26utm_source%3D8efdd1b9"
"Db","Intern, Client Service - Emerging Europe (f/m/x)","Praktikum","Zurich","Zürich Prime Tower","2026-09-22T09:54:08.033Z","https://db.wd3.myworkdayjobs.com/DBWebSite/job/Zrich-Prime-Tower/Intern--Client-Service---Emerging-Europe--f-m-x-_R0450623","https://careerkit.me/api/apply?src=github-dach&company=db&url=https%3A%2F%2Fdb.wd3.myworkdayjobs.com%2FDBWebSite%2Fjob%2FZrich-Prime-Tower%2FIntern--Client-Service---Emerging-Europe--f-m-x-_R0450623"
"Drees & Sommer SE","Praktikum (w/m/d) Bau- und Projektmanagement Hochbau 80-100%","Praktikum","Zurich","Zürich, ZH, Switzerland","2026-09-21T08:53:32.785Z","https://jobs.smartrecruiters.com/DreesSommerSE/744000150635939","https://careerkit.me/api/apply?src=github-dach&company=drees-sommer-se&url=https%3A%2F%2Fjobs.smartrecruiters.com%2FDreesSommerSE%2F744000150635939"
"Drees & Sommer SE","Praktikum (w/m/d) Baumanagement / Bauleitung 80-100% in Chur","Praktikum","Zurich","Zürich, ZH, Switzerland","2026-08-18T07:16:44.798Z","https://jobs.smartrecruiters.com/DreesSommerSE/744000143997439","https://careerkit.me/api/apply?src=github-dach&company=drees-sommer-se&url=https%3A%2F%2Fjobs.smartrecruiters.com%2FDreesSommerSE%2F744000143997439"
"EIGHT ADVISORY SAS","Strategy - Energy Infrastructure - Intern","Praktikum","Zurich","Zurich, Zurich, Suisse","2026-08-11 07:48:23 UTC","https://8advisory.recruitee.com/o/strategy-energy-infrastructure-intern","https://careerkit.me/api/apply?src=github-dach&company=eight-advisory-sas&url=https%3A%2F%2F8advisory.recruitee.com%2Fo%2Fstrategy-energy-infrastructure-intern"
"Ernst & Young AG","Praktikum Tax Real Estate Zürich (Graduate)","Praktikum","Zurich","Zürich","2026-07-30T23:34:31Z","https://www.adzuna.ch/details/5821477080?utm_medium=api&utm_source=8efdd1b9","https://careerkit.me/api/apply?src=github-dach&company=ernst-young-ag&url=https%3A%2F%2Fwww.adzuna.ch%2Fdetails%2F5821477080%3Futm_medium%3Dapi%26utm_source%3D8efdd1b9"
"Ernst & Young AG","Praktikum Corporate Tax Zürich (Graduate)","Praktikum","Zurich","Zürich","2026-07-15T23:30:15Z","https://www.adzuna.ch/details/5801592166?utm_medium=api&utm_source=8efdd1b9","https://careerkit.me/api/apply?src=github-dach&company=ernst-young-ag&url=https%3A%2F%2Fwww.adzuna.ch%2Fdetails%2F5801592166%3Futm_medium%3Dapi%26utm_source%3D8efdd1b9"
"ETH Zürich","Praktikant:in im Stab ETH Sustainability (m/w/d)","Praktikum","Zurich","Zürich","2026-09-15T00:29:48Z","https://www.adzuna.ch/details/5883943282?utm_medium=api&utm_source=8efdd1b9","https://careerkit.me/api/apply?src=github-dach&company=eth-zuerich&url=https%3A%2F%2Fwww.adzuna.ch%2Fdetails%2F5883943282%3Futm_medium%3Dapi%26utm_source%3D8efdd1b9"
"EY","Praktikum Corporate Tax Zürich (Graduate)","Praktikum","Zurich","Zürich","2026-09-01T06:40:24Z","https://www.adzuna.ch/land/ad/5863804501?se=Qj3gLMe48RG6uox8O_Xa-w&utm_medium=api&utm_source=8efdd1b9&v=D2740676EF9C509AE639CE7CD350EA74D7E05288","https://careerkit.me/api/apply?src=github-dach&company=ey&url=https%3A%2F%2Fwww.adzuna.ch%2Fland%2Fad%2F5863804501%3Fse%3DQj3gLMe48RG6uox8O_Xa-w%26utm_medium%3Dapi%26utm_source%3D8efdd1b9%26v%3DD2740676EF9C509AE639CE7CD350EA74D7E05288"
"EY","Praktikum Tax Real Estate Zürich (Graduate)","Praktikum","Zurich","Zürich","2026-08-15T23:59:30Z","https://www.adzuna.ch/details/5843424325?utm_medium=api&utm_source=8efdd1b9","https://careerkit.me/api/apply?src=github-dach&company=ey&url=https%3A%2F%2Fwww.adzuna.ch%2Fdetails%2F5843424325%3Futm_medium%3Dapi%26utm_source%3D8efdd1b9"
"Finanzdirektion Kanton Zürich","Praktikum im Generalsekretariat der Finanzdirektion 100%","Praktikum","Zurich","Zürich","2026-09-22T06:45:57Z","https://www.adzuna.ch/land/ad/5893592026?se=Qj3gLMe48RG6uox8O_Xa-w&utm_medium=api&utm_source=8efdd1b9&v=5DD87FE0A32362BF6D6176A6F64C0EDB7E363461","https://careerkit.me/api/apply?src=github-dach&company=finanzdirektion-kanton-zuerich&url=https%3A%2F%2Fwww.adzuna.ch%2Fland%2Fad%2F5893592026%3Fse%3DQj3gLMe48RG6uox8O_Xa-w%26utm_medium%3Dapi%26utm_source%3D8efdd1b9%26v%3D5DD87FE0A32362BF6D6176A6F64C0EDB7E363461"
"Forvis Mazars","Praktikant/in Audit & Assurance Industry (min. 6-12 Monate)","Praktikum","Zurich","Zürich","2026-08-17T13:44:56Z","https://www.adzuna.ch/details/5845130244?utm_medium=api&utm_source=8efdd1b9","https://careerkit.me/api/apply?src=github-dach&company=forvis-mazars&url=https%3A%2F%2Fwww.adzuna.ch%2Fdetails%2F5845130244%3Futm_medium%3Dapi%26utm_source%3D8efdd1b9"
"globegarden gmbh","Praktikum als Verkaufstalent – so kurz oder lang du willst!","Praktikum","Zurich","Zürich","2026-09-10T12:25:22Z","https://www.adzuna.ch/land/ad/5878265800?se=Qj3gLMe48RG6uox8O_Xa-w&utm_medium=api&utm_source=8efdd1b9&v=EAC7193BF1C47D88E1B29C8042C1EE2DA19452E1","https://careerkit.me/api/apply?src=github-dach&company=globegarden-gmbh&url=https%3A%2F%2Fwww.adzuna.ch%2Fland%2Fad%2F5878265800%3Fse%3DQj3gLMe48RG6uox8O_Xa-w%26utm_medium%3Dapi%26utm_source%3D8efdd1b9%26v%3DEAC7193BF1C47D88E1B29C8042C1EE2DA19452E1"
"GOWAGO AG","Praktikum Kundendienst & Koordination DE/EN - Ab sofort","Praktikum","Zurich","Zürich","2026-09-22T22:33:42Z","https://www.adzuna.ch/details/5894307985?utm_medium=api&utm_source=8efdd1b9","https://careerkit.me/api/apply?src=github-dach&company=gowago-ag&url=https%3A%2F%2Fwww.adzuna.ch%2Fdetails%2F5894307985%3Futm_medium%3Dapi%26utm_source%3D8efdd1b9"
"Hitachi","Internship in Mechanical and System Simulations for High Voltage Circuit Breakers 80 - 100% (f/m/d)","Praktikum","Zurich","Zurich, Zurich, Switzerland","2026-09-18T09:54:30.043Z","https://hitachi.wd1.myworkdayjobs.com/hitachi/job/Zurich-Zurich-Switzerland/Internship-in-Mechanical-and-System-Simulations-for-High-Voltage-Circuit-Breakers-80---100---f-m-d-_R0142549","https://careerkit.me/api/apply?src=github-dach&company=hitachi&url=https%3A%2F%2Fhitachi.wd1.myworkdayjobs.com%2Fhitachi%2Fjob%2FZurich-Zurich-Switzerland%2FInternship-in-Mechanical-and-System-Simulations-for-High-Voltage-Circuit-Breakers-80---100---f-m-d-_R0142549"
"Job-Room","Juristisches Praktikum Bezugsdienst 80 - 100%","Praktikum","Zurich","Zürich","2026-09-24T13:32:43Z","https://www.adzuna.ch/details/5896754431?utm_medium=api&utm_source=8efdd1b9","https://careerkit.me/api/apply?src=github-dach&company=job-room&url=https%3A%2F%2Fwww.adzuna.ch%2Fdetails%2F5896754431%3Futm_medium%3Dapi%26utm_source%3D8efdd1b9"
"Job-Room","Juristisches Praktikum Bezugsdienst","Praktikum","Zurich","Zürich","2026-09-23T14:58:46Z","https://www.adzuna.ch/details/5895208639?utm_medium=api&utm_source=8efdd1b9","https://careerkit.me/api/apply?src=github-dach&company=job-room&url=https%3A%2F%2Fwww.adzuna.ch%2Fdetails%2F5895208639%3Futm_medium%3Dapi%26utm_source%3D8efdd1b9"
"Job-Room","Praktikum KV, 100%","Praktikum","Zurich","Zürich","2026-09-19T14:20:12Z","https://www.adzuna.ch/details/5890636794?utm_medium=api&utm_source=8efdd1b9","https://careerkit.me/api/apply?src=github-dach&company=job-room&url=https%3A%2F%2Fwww.adzuna.ch%2Fdetails%2F5890636794%3Futm_medium%3Dapi%26utm_source%3D8efdd1b9"
"Job-Room","Praktikum 80 % (Vor- oder Schulpraktikum)","Praktikum","Zurich","Zürich","2026-09-12T14:10:42Z","https://www.adzuna.ch/details/5880990066?utm_medium=api&utm_source=8efdd1b9","https://careerkit.me/api/apply?src=github-dach&company=job-room&url=https%3A%2F%2Fwww.adzuna.ch%2Fdetails%2F5880990066%3Futm_medium%3Dapi%26utm_source%3D8efdd1b9"
"Jobpoint","Praktikum als Personalassistenz 80-100% (alle)","Praktikum","Zurich","Zürich","2026-09-12T02:09:10Z","https://www.adzuna.ch/details/5880294132?utm_medium=api&utm_source=8efdd1b9","https://careerkit.me/api/apply?src=github-dach&company=jobpoint&url=https%3A%2F%2Fwww.adzuna.ch%2Fdetails%2F5880294132%3Futm_medium%3Dapi%26utm_source%3D8efdd1b9"
"Kanton Zurich","Praktikum im Generalsekretariat der Finanzdirektion 100%","Praktikum","Zurich","Zürich","2026-09-22T00:42:45Z","https://www.adzuna.ch/details/5893235722?utm_medium=api&utm_source=8efdd1b9","https://careerkit.me/api/apply?src=github-dach&company=kanton-zurich&url=https%3A%2F%2Fwww.adzuna.ch%2Fdetails%2F5893235722%3Futm_medium%3Dapi%26utm_source%3D8efdd1b9"
"Kanton Zürich","Juristisches Praktikum Bezugsdienst 80 - 100%","Praktikum","Zurich","Zürich","2026-09-24T01:30:54Z","https://www.adzuna.ch/details/5895749713?utm_medium=api&utm_source=8efdd1b9","https://careerkit.me/api/apply?src=github-dach&company=kanton-zuerich&url=https%3A%2F%2Fwww.adzuna.ch%2Fdetails%2F5895749713%3Futm_medium%3Dapi%26utm_source%3D8efdd1b9"
"Kanton Zürich","Praktikum Im Generalsekretariat Der Finanzdirektion 100%","Praktikum","Zurich","Zürich","2026-09-22T00:42:46Z","https://www.adzuna.ch/details/5893235851?utm_medium=api&utm_source=8efdd1b9","https://careerkit.me/api/apply?src=github-dach&company=kanton-zuerich&url=https%3A%2F%2Fwww.adzuna.ch%2Fdetails%2F5893235851%3Futm_medium%3Dapi%26utm_source%3D8efdd1b9"
"Kanton Zürich","Praktikant/-in Pflanzenschutz 80 - 100%","Praktikum","Zurich","Zürich","2026-09-22T00:42:47Z","https://www.adzuna.ch/details/5893235880?utm_medium=api&utm_source=8efdd1b9","https://careerkit.me/api/apply?src=github-dach&company=kanton-zuerich&url=https%3A%2F%2Fwww.adzuna.ch%2Fdetails%2F5893235880%3Futm_medium%3Dapi%26utm_source%3D8efdd1b9"
"Kantonale Verwaltung Zürich","Juristisches Praktikum Bezugsdienst","Praktikum","Zurich","Zürich","2026-09-24T12:26:46Z","https://www.adzuna.ch/land/ad/5896633852?se=Qj3gLMe48RG6uox8O_Xa-w&utm_medium=api&utm_source=8efdd1b9&v=794DCE13E1CFF70DE6E6ED3763A6FC3C52FA5A77","https://careerkit.me/api/apply?src=github-dach&company=kantonale-verwaltung-zuerich&url=https%3A%2F%2Fwww.adzuna.ch%2Fland%2Fad%2F5896633852%3Fse%3DQj3gLMe48RG6uox8O_Xa-w%26utm_medium%3Dapi%26utm_source%3D8efdd1b9%26v%3D794DCE13E1CFF70DE6E6ED3763A6FC3C52FA5A77"
"Kantonale Verwaltung Zürich","Praktikum im Generalsekretariat der Finanzdirektion","Praktikum","Zurich","Zürich","2026-09-21T12:26:13Z","https://www.adzuna.ch/land/ad/5892673142?se=Qj3gLMe48RG6uox8O_Xa-w&utm_medium=api&utm_source=8efdd1b9&v=A00C72954928A17DEAADBB3A40F1A62B284CE178","https://careerkit.me/api/apply?src=github-dach&company=kantonale-verwaltung-zuerich&url=https%3A%2F%2Fwww.adzuna.ch%2Fland%2Fad%2F5892673142%3Fse%3DQj3gLMe48RG6uox8O_Xa-w%26utm_medium%3Dapi%26utm_source%3D8efdd1b9%26v%3DA00C72954928A17DEAADBB3A40F1A62B284CE178"
"Kellerhals Carrard","Summer Trainee Programm / Kurzpraktika","Praktikum","Zurich","Zürich","2026-05-13T00:14:33Z","https://www.adzuna.ch/details/5727385209?utm_medium=api&utm_source=8efdd1b9","https://careerkit.me/api/apply?src=github-dach&company=kellerhals-carrard&url=https%3A%2F%2Fwww.adzuna.ch%2Fdetails%2F5727385209%3Futm_medium%3Dapi%26utm_source%3D8efdd1b9"
"Kellerhals Carrard Basel","Summer Trainee Programm / Kurzpraktika","Praktikum","Zurich","Zürich","2025-12-08T16:51:58+00:00","https://kellerhals-carrard.jobs.personio.de/job/2454381","https://careerkit.me/api/apply?src=github-dach&company=kellerhals-carrard-basel&url=https%3A%2F%2Fkellerhals-carrard.jobs.personio.de%2Fjob%2F2454381"
"Livit AG","Kaufmännisches Praktikum Vermietungsmanagement 2027 (WMS oder HMS)","Praktikum","Zurich","Zürich","2026-09-02T12:31:11Z","https://www.adzuna.ch/land/ad/5866891688?se=Qj3gLMe48RG6uox8O_Xa-w&utm_medium=api&utm_source=8efdd1b9&v=3E386404EA4BF9359523F9259B3236DDB304408F","https://careerkit.me/api/apply?src=github-dach&company=livit-ag&url=https%3A%2F%2Fwww.adzuna.ch%2Fland%2Fad%2F5866891688%3Fse%3DQj3gLMe48RG6uox8O_Xa-w%26utm_medium%3Dapi%26utm_source%3D8efdd1b9%26v%3D3E386404EA4BF9359523F9259B3236DDB304408F"
"Netzmedien AG","Praktikum (100%) in der Onlineredaktion","Praktikum","Zurich","Zürich","2025-03-13T10:50:20Z","https://www.adzuna.ch/details/5091009717?utm_medium=api&utm_source=8efdd1b9","https://careerkit.me/api/apply?src=github-dach&company=netzmedien-ag&url=https%3A%2F%2Fwww.adzuna.ch%2Fdetails%2F5091009717%3Futm_medium%3Dapi%26utm_source%3D8efdd1b9"
"PricewaterhouseCoopers","Praktikum im Legal (6 Monate)","Praktikum","Zurich","Zürich","2026-09-04T00:25:56Z","https://www.adzuna.ch/details/5869594253?utm_medium=api&utm_source=8efdd1b9","https://careerkit.me/api/apply?src=github-dach&company=pricewaterhousecoopers&url=https%3A%2F%2Fwww.adzuna.ch%2Fdetails%2F5869594253%3Futm_medium%3Dapi%26utm_source%3D8efdd1b9"
"Roland Berger","Consulting Intern Zürich (all genders) - bewirb dich jetzt bis zum 27. September 2026","Praktikum","Zurich","Zürich, ZH, Switzerland","2026-05-06T09:29:44.332Z","https://jobs.smartrecruiters.com/rolandberger/744000124848808","https://careerkit.me/api/apply?src=github-dach&company=roland-berger&url=https%3A%2F%2Fjobs.smartrecruiters.com%2Frolandberger%2F744000124848808"
"Ruby GmbH","Praktikum Service & Reception (m/w/d)","Praktikum","Zurich","Zürich","2026-08-03T21:31:54Z","https://www.adzuna.ch/details/5826812756?utm_medium=api&utm_source=8efdd1b9","https://careerkit.me/api/apply?src=github-dach&company=ruby-gmbh&url=https%3A%2F%2Fwww.adzuna.ch%2Fdetails%2F5826812756%3Futm_medium%3Dapi%26utm_source%3D8efdd1b9"
"Ruby Hotels","Praktikum Service & Reception (m/w/d)","Praktikum","Zurich","Zürich","2026-08-06T01:35:14Z","https://www.adzuna.ch/details/5829694514?utm_medium=api&utm_source=8efdd1b9","https://careerkit.me/api/apply?src=github-dach&company=ruby-hotels&url=https%3A%2F%2Fwww.adzuna.ch%2Fdetails%2F5829694514%3Futm_medium%3Dapi%26utm_source%3D8efdd1b9"
"Ruby Mimi","Praktikum Service & Reception (m/w/d)","Praktikum","Zurich","Zürich","2026-08-10T13:08:56Z","https://www.adzuna.ch/land/ad/5835525473?se=Qj3gLMe48RG6uox8O_Xa-w&utm_medium=api&utm_source=8efdd1b9&v=DF622510913780BF8C6689DDF30EA6384E1A856B","https://careerkit.me/api/apply?src=github-dach&company=ruby-mimi&url=https%3A%2F%2Fwww.adzuna.ch%2Fland%2Fad%2F5835525473%3Fse%3DQj3gLMe48RG6uox8O_Xa-w%26utm_medium%3Dapi%26utm_source%3D8efdd1b9%26v%3DDF622510913780BF8C6689DDF30EA6384E1A856B"
"skydio","PhD Autonomy Engineer Intern - Computer Vision / Deep Learning Summer 2027","Praktikum","Zurich","Zurich, Switzerland","2026-09-03T23:26:05.937+00:00","https://jobs.ashbyhq.com/skydio/611a7f87-bc4c-468f-976f-ecd33b731fa3","https://careerkit.me/api/apply?src=github-dach&company=skydio&url=https%3A%2F%2Fjobs.ashbyhq.com%2Fskydio%2F611a7f87-bc4c-468f-976f-ecd33b731fa3"
"Spitex 24 AG","Praktikum Pflegehelferkurs SRK Zürich","Praktikum","Zurich","Zürich","2026-07-06T01:00:20Z","https://www.adzuna.ch/details/5789440179?utm_medium=api&utm_source=8efdd1b9","https://careerkit.me/api/apply?src=github-dach&company=spitex-24-ag&url=https%3A%2F%2Fwww.adzuna.ch%2Fdetails%2F5789440179%3Futm_medium%3Dapi%26utm_source%3D8efdd1b9"
"SRG SSR","HMS-Praktikum Kauffrau/Kaufmann","Praktikum","Zurich","Zürich","2026-09-23T12:27:33Z","https://www.adzuna.ch/land/ad/5895046927?se=Qj3gLMe48RG6uox8O_Xa-w&utm_medium=api&utm_source=8efdd1b9&v=D779324DAD4D09554CD785B638F86DAB347F533F","https://careerkit.me/api/apply?src=github-dach&company=srg-ssr&url=https%3A%2F%2Fwww.adzuna.ch%2Fland%2Fad%2F5895046927%3Fse%3DQj3gLMe48RG6uox8O_Xa-w%26utm_medium%3Dapi%26utm_source%3D8efdd1b9%26v%3DD779324DAD4D09554CD785B638F86DAB347F533F"
"Startupticker","Praktikum im Corporate VC: Startup-Analyst","Praktikum","Zurich","Zürich","2026-08-18T15:45:52Z","https://www.adzuna.ch/land/ad/5846792558?se=Qj3gLMe48RG6uox8O_Xa-w&utm_medium=api&utm_source=8efdd1b9&v=0DBAC698E125B944040F429B3EAB79EE54B14DED","https://careerkit.me/api/apply?src=github-dach&company=startupticker&url=https%3A%2F%2Fwww.adzuna.ch%2Fland%2Fad%2F5846792558%3Fse%3DQj3gLMe48RG6uox8O_Xa-w%26utm_medium%3Dapi%26utm_source%3D8efdd1b9%26v%3D0DBAC698E125B944040F429B3EAB79EE54B14DED"
"Tamedia AG","Praktikum Redaktion Lifestyle","Praktikum","Zurich","Zürich","2026-09-24T01:30:52Z","https://www.adzuna.ch/details/5895749493?utm_medium=api&utm_source=8efdd1b9","https://careerkit.me/api/apply?src=github-dach&company=tamedia-ag&url=https%3A%2F%2Fwww.adzuna.ch%2Fdetails%2F5895749493%3Futm_medium%3Dapi%26utm_source%3D8efdd1b9"
"Tamedia AG","Praktikum im Rechtsdienst","Praktikum","Zurich","Zürich","2026-09-15T00:29:48Z","https://www.adzuna.ch/details/5883943276?utm_medium=api&utm_source=8efdd1b9","https://careerkit.me/api/apply?src=github-dach&company=tamedia-ag&url=https%3A%2F%2Fwww.adzuna.ch%2Fdetails%2F5883943276%3Futm_medium%3Dapi%26utm_source%3D8efdd1b9"
"Tamedia AG","Praktikum Redaktion Sport","Praktikum","Zurich","Zürich","2026-08-23T23:52:42Z","https://www.adzuna.ch/details/5853882193?utm_medium=api&utm_source=8efdd1b9","https://careerkit.me/api/apply?src=github-dach&company=tamedia-ag&url=https%3A%2F%2Fwww.adzuna.ch%2Fdetails%2F5853882193%3Futm_medium%3Dapi%26utm_source%3D8efdd1b9"
"The Tanning Station","Praktikum Kosmetik","Praktikum","Zurich","Zürich","2026-02-27T15:32:53Z","https://www.adzuna.ch/details/5647301668?utm_medium=api&utm_source=8efdd1b9","https://careerkit.me/api/apply?src=github-dach&company=the-tanning-station&url=https%3A%2F%2Fwww.adzuna.ch%2Fdetails%2F5647301668%3Futm_medium%3Dapi%26utm_source%3D8efdd1b9"
"TW1 Hauswart Gruppe","Praktikum M&A (Buy & Build)","Praktikum","Zurich","Zürich","2026-08-27T21:54:18Z","https://www.adzuna.ch/details/5858655020?utm_medium=api&utm_source=8efdd1b9","https://careerkit.me/api/apply?src=github-dach&company=tw1-hauswart-gruppe&url=https%3A%2F%2Fwww.adzuna.ch%2Fdetails%2F5858655020%3Futm_medium%3Dapi%26utm_source%3D8efdd1b9"
"TW1 Management AG","Praktikum Corporate Development & Value Creation (Buy & Build)","Praktikum","Zurich","Zürich","2026-07-14T21:17:05Z","https://www.adzuna.ch/details/5800191911?utm_medium=api&utm_source=8efdd1b9","https://careerkit.me/api/apply?src=github-dach&company=tw1-management-ag&url=https%3A%2F%2Fwww.adzuna.ch%2Fdetails%2F5800191911%3Futm_medium%3Dapi%26utm_source%3D8efdd1b9"
"TX Group AG","Praktikum Im Rechtsdienst","Praktikum","Zurich","Zürich","2026-09-14T00:29:25Z","https://www.adzuna.ch/details/5882916618?utm_medium=api&utm_source=8efdd1b9","https://careerkit.me/api/apply?src=github-dach&company=tx-group-ag&url=https%3A%2F%2Fwww.adzuna.ch%2Fdetails%2F5882916618%3Futm_medium%3Dapi%26utm_source%3D8efdd1b9"
"Universitätsspital Zürich","Individuelles Praktikum nach Mass im Kitabereich","Praktikum","Zurich","Zürich","2026-09-10T12:25:19Z","https://www.adzuna.ch/land/ad/5878265764?se=Qj3gLMe48RG6uox8O_Xa-w&utm_medium=api&utm_source=8efdd1b9&v=0A6391FA4E485D04BBC179F786C7C6936828EB8A","https://careerkit.me/api/apply?src=github-dach&company=universitaetsspital-zuerich&url=https%3A%2F%2Fwww.adzuna.ch%2Fland%2Fad%2F5878265764%3Fse%3DQj3gLMe48RG6uox8O_Xa-w%26utm_medium%3Dapi%26utm_source%3D8efdd1b9%26v%3D0A6391FA4E485D04BBC179F786C7C6936828EB8A"
"Verein Kinderkrippen Güxi","Praktikum Fachperson Betreuung Kind","Praktikum","Zurich","Zürich","2026-05-19T22:29:28Z","https://www.adzuna.ch/details/5734286723?utm_medium=api&utm_source=8efdd1b9","https://careerkit.me/api/apply?src=github-dach&company=verein-kinderkrippen-guexi&url=https%3A%2F%2Fwww.adzuna.ch%2Fdetails%2F5734286723%3Futm_medium%3Dapi%26utm_source%3D8efdd1b9"
"VZ VermögensZentrum","imS Praktikum Software Entwicklung","Praktikum","Zurich","Zürich","2026-08-14T12:25:26Z","https://www.adzuna.ch/land/ad/5841681034?se=Qj3gLMe48RG6uox8O_Xa-w&utm_medium=api&utm_source=8efdd1b9&v=5B768A69BEB45D2051FDF2706C6A8306C8DFAA03","https://careerkit.me/api/apply?src=github-dach&company=vz-vermoegenszentrum&url=https%3A%2F%2Fwww.adzuna.ch%2Fland%2Fad%2F5841681034%3Fse%3DQj3gLMe48RG6uox8O_Xa-w%26utm_medium%3Dapi%26utm_source%3D8efdd1b9%26v%3D5B768A69BEB45D2051FDF2706C6A8306C8DFAA03"
"WSP Switzerland","Praktikanten im Brandschutz (Fire Engineering)","Praktikum","Zurich","Zürich, CH / Bern, CH","2026-05-22T10:19:56+02:00","https://wspcentraleurope.teamtailor.com/jobs/7779395-praktikanten-im-brandschutz-fire-engineering","https://careerkit.me/api/apply?src=github-dach&company=wsp-switzerland&url=https%3A%2F%2Fwspcentraleurope.teamtailor.com%2Fjobs%2F7779395-praktikanten-im-brandschutz-fire-engineering"
"Zurich Instruments","IT Business Analyst Internship","Praktikum","Zurich","Zurich / Zurich","2026-09-15T13:49:42.368Z","https://jobs.lever.co/zurichinstruments/4ff52331-3d73-4966-90b1-8096f48a3de6","https://careerkit.me/api/apply?src=github-dach&company=zurich-instruments&url=https%3A%2F%2Fjobs.lever.co%2Fzurichinstruments%2F4ff52331-3d73-4966-90b1-8096f48a3de6"
"A+W, Sing, Enastra, icccon","Werkstudent:in Unternehmensentwicklung 40-60%","Werkstudent","Zurich","Zürich","2026-09-13T02:06:53Z","https://www.adzuna.ch/details/5881963929?utm_medium=api&utm_source=8efdd1b9","https://careerkit.me/api/apply?src=github-dach&company=a-w-sing-enastra-icccon&url=https%3A%2F%2Fwww.adzuna.ch%2Fdetails%2F5881963929%3Futm_medium%3Dapi%26utm_source%3D8efdd1b9"
"Avallain","Social Media (Werkstudent)","Werkstudent","Zurich","Zürich","2023-06-20T11:17:43+00:00","https://avallain.jobs.personio.de/job/2720876","https://careerkit.me/api/apply?src=github-dach&company=avallain&url=https%3A%2F%2Favallain.jobs.personio.de%2Fjob%2F2720876"
"DeepJudge","Working Student Quality Assurance - Legal (40-60%)","Werkstudent","Zurich","Zurich HQ","2026-09-16T13:22:16.456+00:00","https://jobs.ashbyhq.com/deepjudge/b980ba78-a880-4e3e-adac-2e4d0e4185f8","https://careerkit.me/api/apply?src=github-dach&company=deepjudge&url=https%3A%2F%2Fjobs.ashbyhq.com%2Fdeepjudge%2Fb980ba78-a880-4e3e-adac-2e4d0e4185f8"
"DeepJudge","Working Student Quality Assurance - Technical (40-60%)","Werkstudent","Zurich","Zurich HQ","2026-06-10T16:05:54.151+00:00","https://jobs.ashbyhq.com/deepjudge/d044d6e2-992b-477b-82a3-4f01f1ba1a8a","https://careerkit.me/api/apply?src=github-dach&company=deepjudge&url=https%3A%2F%2Fjobs.ashbyhq.com%2Fdeepjudge%2Fd044d6e2-992b-477b-82a3-4f01f1ba1a8a"
"Ernst & Young AG","Werkstudent/in 60-80% In Der Wirtschaftsprüfung Per Herbst 2027 (Graduate)","Werkstudent","Zurich","Zürich","2026-09-24T01:30:54Z","https://www.adzuna.ch/details/5895749715?utm_medium=api&utm_source=8efdd1b9","https://careerkit.me/api/apply?src=github-dach&company=ernst-young-ag&url=https%3A%2F%2Fwww.adzuna.ch%2Fdetails%2F5895749715%3Futm_medium%3Dapi%26utm_source%3D8efdd1b9"
"Ernst & Young AG","Werkstudent/in 60-80% In Der Wirtschaftsprüfung Per Herbst 2026 (Graduate)","Werkstudent","Zurich","Zürich","2026-09-10T00:36:04Z","https://www.adzuna.ch/details/5877618919?utm_medium=api&utm_source=8efdd1b9","https://careerkit.me/api/apply?src=github-dach&company=ernst-young-ag&url=https%3A%2F%2Fwww.adzuna.ch%2Fdetails%2F5877618919%3Futm_medium%3Dapi%26utm_source%3D8efdd1b9"
"ETH Zürich","Studentische Supportfunktion im Bereich Finanzen","Werkstudent","Zurich","Zürich","2026-09-01T12:21:48Z","https://www.adzuna.ch/land/ad/5864319811?se=0t0SLse48RG6__weu4s3oQ&utm_medium=api&utm_source=8efdd1b9&v=0C8DC0267B6748E68008CDDC6961CC2A61BA8DCC","https://careerkit.me/api/apply?src=github-dach&company=eth-zuerich&url=https%3A%2F%2Fwww.adzuna.ch%2Fland%2Fad%2F5864319811%3Fse%3D0t0SLse48RG6__weu4s3oQ%26utm_medium%3Dapi%26utm_source%3D8efdd1b9%26v%3D0C8DC0267B6748E68008CDDC6961CC2A61BA8DCC"
"ETH Zürich","Studentische Supportfunktion Im Bereich Finanzen (m/w/d)","Werkstudent","Zurich","Zürich","2026-08-20T23:51:53Z","https://www.adzuna.ch/details/5849979381?utm_medium=api&utm_source=8efdd1b9","https://careerkit.me/api/apply?src=github-dach&company=eth-zuerich&url=https%3A%2F%2Fwww.adzuna.ch%2Fdetails%2F5849979381%3Futm_medium%3Dapi%26utm_source%3D8efdd1b9"
"EY","Werkstudent/in 60-80% in der Wirtschaftsprüfung per Herbst 2027 (Graduate)","Werkstudent","Zurich","Zürich","2026-09-25T01:27:14Z","https://www.adzuna.ch/details/5897439178?utm_medium=api&utm_source=8efdd1b9","https://careerkit.me/api/apply?src=github-dach&company=ey&url=https%3A%2F%2Fwww.adzuna.ch%2Fdetails%2F5897439178%3Futm_medium%3Dapi%26utm_source%3D8efdd1b9"
"EY","Werkstudent/in 60-80% in der Wirtschaftsprüfung per Herbst 2026 (Graduate)","Werkstudent","Zurich","Zürich","2026-09-10T00:36:04Z","https://www.adzuna.ch/details/5877618907?utm_medium=api&utm_source=8efdd1b9","https://careerkit.me/api/apply?src=github-dach&company=ey&url=https%3A%2F%2Fwww.adzuna.ch%2Fdetails%2F5877618907%3Futm_medium%3Dapi%26utm_source%3D8efdd1b9"
"GetYourGuide","Working Student, Security Engineer","Werkstudent","Zurich","Zurich","2026-09-17T06:04:36-04:00","https://job-boards.greenhouse.io/getyourguide/jobs/8090626","https://careerkit.me/api/apply?src=github-dach&company=getyourguide&url=https%3A%2F%2Fjob-boards.greenhouse.io%2Fgetyourguide%2Fjobs%2F8090626"
"GetYourGuide AG","Working Student, Security Engineer","Werkstudent","Zurich","Zürich","2026-09-19T00:31:57Z","https://www.adzuna.ch/details/5889811018?utm_medium=api&utm_source=8efdd1b9","https://careerkit.me/api/apply?src=github-dach&company=getyourguide-ag&url=https%3A%2F%2Fwww.adzuna.ch%2Fdetails%2F5889811018%3Futm_medium%3Dapi%26utm_source%3D8efdd1b9"
"Job-Room","Werkstudent P&C Transformationsprogramm","Werkstudent","Zurich","Zürich","2026-09-17T14:17:20Z","https://www.adzuna.ch/details/5887682193?utm_medium=api&utm_source=8efdd1b9","https://careerkit.me/api/apply?src=github-dach&company=job-room&url=https%3A%2F%2Fwww.adzuna.ch%2Fdetails%2F5887682193%3Futm_medium%3Dapi%26utm_source%3D8efdd1b9"
"Job-Room","Werkstudent:in Kurs- und Eventmanagement Energie- und Nachhaltigkeit 30-40%","Werkstudent","Zurich","Zürich","2026-09-15T14:24:58Z","https://www.adzuna.ch/details/5884628706?utm_medium=api&utm_source=8efdd1b9","https://careerkit.me/api/apply?src=github-dach&company=job-room&url=https%3A%2F%2Fwww.adzuna.ch%2Fdetails%2F5884628706%3Futm_medium%3Dapi%26utm_source%3D8efdd1b9"
"Job-Room","Werkstudent Schaden SOS & Assistance 40 - 60% ab Oktober für mind. 6 Monate befristet","Werkstudent","Zurich","Zürich","2026-09-13T14:37:20Z","https://www.adzuna.ch/details/5882636219?utm_medium=api&utm_source=8efdd1b9","https://careerkit.me/api/apply?src=github-dach&company=job-room&url=https%3A%2F%2Fwww.adzuna.ch%2Fdetails%2F5882636219%3Futm_medium%3Dapi%26utm_source%3D8efdd1b9"
"Job-Room","Junior Social Media Manager*in (Werkstudent*in) (w/m/d) 60%","Werkstudent","Zurich","Zürich","2026-09-11T14:20:35Z","https://www.adzuna.ch/details/5879733096?utm_medium=api&utm_source=8efdd1b9","https://careerkit.me/api/apply?src=github-dach&company=job-room&url=https%3A%2F%2Fwww.adzuna.ch%2Fdetails%2F5879733096%3Futm_medium%3Dapi%26utm_source%3D8efdd1b9"
"Julius Baer","IT Working Student (Junior Project Lead / PMO Support) 60% - 100% (f/m/d)","Werkstudent","Zurich","Zurich Training Site - Hohlstrasse","2026-09-17T09:54:26.325Z","https://juliusbaer.wd3.myworkdayjobs.com/External/job/Zurich-Training-Site---Hohlstrasse/IT-Working-Student--Junior-Project-Lead---PMO-Support--100---f-m-d-_r-19826-1","https://careerkit.me/api/apply?src=github-dach&company=julius-baer&url=https%3A%2F%2Fjuliusbaer.wd3.myworkdayjobs.com%2FExternal%2Fjob%2FZurich-Training-Site---Hohlstrasse%2FIT-Working-Student--Junior-Project-Lead---PMO-Support--100---f-m-d-_r-19826-1"
"Julius Baer","Working Student – Legal Financial Products & Institutionals 40-60% (f/m/d), fixed term until 31 December 2026","Werkstudent","Zurich","Zurich","2026-09-14T09:54:26.325Z","https://juliusbaer.wd3.myworkdayjobs.com/External/job/Zurich/Working-Student---Legal-Financial-Products---Institutionals-40-60---f-m-d---fixed-term-until-31122026_r-19791-3","https://careerkit.me/api/apply?src=github-dach&company=julius-baer&url=https%3A%2F%2Fjuliusbaer.wd3.myworkdayjobs.com%2FExternal%2Fjob%2FZurich%2FWorking-Student---Legal-Financial-Products---Institutionals-40-60---f-m-d---fixed-term-until-31122026_r-19791-3"
"Klenico Health","Werkstudent:in Customer Success & Communications in Zürich (60%)","Werkstudent","Zurich","Zürich","2026-09-24T22:44:41Z","https://www.adzuna.ch/details/5897307929?utm_medium=api&utm_source=8efdd1b9","https://careerkit.me/api/apply?src=github-dach&company=klenico-health&url=https%3A%2F%2Fwww.adzuna.ch%2Fdetails%2F5897307929%3Futm_medium%3Dapi%26utm_source%3D8efdd1b9"
"KPMG","Praktikum / Werkstudent:in Cyber Security","Werkstudent","Zurich","Zürich","2026-09-22T00:42:46Z","https://www.adzuna.ch/details/5893235816?utm_medium=api&utm_source=8efdd1b9","https://careerkit.me/api/apply?src=github-dach&company=kpmg&url=https%3A%2F%2Fwww.adzuna.ch%2Fdetails%2F5893235816%3Futm_medium%3Dapi%26utm_source%3D8efdd1b9"
"KPMG","Werkstudent*in - Audit Corporates","Werkstudent","Zurich","Zürich","2026-09-19T00:31:57Z","https://www.adzuna.ch/details/5889810999?utm_medium=api&utm_source=8efdd1b9","https://careerkit.me/api/apply?src=github-dach&company=kpmg&url=https%3A%2F%2Fwww.adzuna.ch%2Fdetails%2F5889810999%3Futm_medium%3Dapi%26utm_source%3D8efdd1b9"
"neon Switzerland AG","Werkstudent:in Customer Care - 40-60% - längerfristig","Werkstudent","Zurich","Zürich","2026-09-02T13:57:54Z","https://www.adzuna.ch/details/5867073173?utm_medium=api&utm_source=8efdd1b9","https://careerkit.me/api/apply?src=github-dach&company=neon-switzerland-ag&url=https%3A%2F%2Fwww.adzuna.ch%2Fdetails%2F5867073173%3Futm_medium%3Dapi%26utm_source%3D8efdd1b9"
"omnilex.ai","Working Student – People & Office Operations (60%)","Werkstudent","Zurich","Zürich","2026-09-07T11:30:54.233+00:00","https://jobs.ashbyhq.com/omnilex/855f5cdb-af56-4c70-9c21-4dddaf18e106","https://careerkit.me/api/apply?src=github-dach&company=omnilex-ai&url=https%3A%2F%2Fjobs.ashbyhq.com%2Fomnilex%2F855f5cdb-af56-4c70-9c21-4dddaf18e106"
"Rhomberg Sersa Rail AG","Werkstudent Angebotsbearbeitung Im Bauwesen 60% (m/w/d)","Werkstudent","Zurich","Zürich","2026-09-11T00:28:23Z","https://www.adzuna.ch/details/5878908799?utm_medium=api&utm_source=8efdd1b9","https://careerkit.me/api/apply?src=github-dach&company=rhomberg-sersa-rail-ag&url=https%3A%2F%2Fwww.adzuna.ch%2Fdetails%2F5878908799%3Futm_medium%3Dapi%26utm_source%3D8efdd1b9"
"Rhomberg Sersa Rail AG","Werkstudent Angebotsbearbeitung im Bauwesen 60%","Werkstudent","Zurich","Zürich","2026-09-10T12:26:18Z","https://www.adzuna.ch/land/ad/5878266430?se=9mrlLMe48RGqSP-Ku-S77g&utm_medium=api&utm_source=8efdd1b9&v=642CB750B5A481D206542DDC2567152AC9F668B3","https://careerkit.me/api/apply?src=github-dach&company=rhomberg-sersa-rail-ag&url=https%3A%2F%2Fwww.adzuna.ch%2Fland%2Fad%2F5878266430%3Fse%3D9mrlLMe48RGqSP-Ku-S77g%26utm_medium%3Dapi%26utm_source%3D8efdd1b9%26v%3D642CB750B5A481D206542DDC2567152AC9F668B3"
"Scandit","Working Student - Use-case Validation Assistant","Werkstudent","Zurich","Zurich","2026-08-20T05:57:57-04:00","https://www.scandit.com/careers/job-description/?gh_jid=8143595","https://careerkit.me/api/apply?src=github-dach&company=scandit&url=https%3A%2F%2Fwww.scandit.com%2Fcareers%2Fjob-description%2F%3Fgh_jid%3D8143595"
"SMG Swiss Marketplace Group","Werkstudent/-in Real Estate Valuation (f/m/d) | 40% | Hybrid Working Model | Zürich","Werkstudent","Zurich","Zürich","2026-08-29T12:22:26Z","https://www.adzuna.ch/land/ad/5860954439?se=9mrlLMe48RGqSP-Ku-S77g&utm_medium=api&utm_source=8efdd1b9&v=CD490265C206DDA3644CDBD8878F4C6650CF9E7E","https://careerkit.me/api/apply?src=github-dach&company=smg-swiss-marketplace-group&url=https%3A%2F%2Fwww.adzuna.ch%2Fland%2Fad%2F5860954439%3Fse%3D9mrlLMe48RGqSP-Ku-S77g%26utm_medium%3Dapi%26utm_source%3D8efdd1b9%26v%3DCD490265C206DDA3644CDBD8878F4C6650CF9E7E"
"Zürich Versicherungs-Gesellschaft AG / Zurich Insurance Company Ltd / Zurich Compagnie d'Assurances SA","Werkstudent Schaden SOS & Assistance (m/w/d) 40 - 60% ab Oktober für mind. 6 Monate befristet","Werkstudent","Zurich","Zürich","2026-09-13T12:23:41Z","https://www.adzuna.ch/land/ad/5882479568?se=9mrlLMe48RGqSP-Ku-S77g&utm_medium=api&utm_source=8efdd1b9&v=AB8EE3319DAD19E26070CE2E531CFD1764214472","https://careerkit.me/api/apply?src=github-dach&company=zuerich-versicherungs-gesellschaft-ag-zurich-insurance-company-ltd-zurich-compagnie-d-assurances-sa&url=https%3A%2F%2Fwww.adzuna.ch%2Fland%2Fad%2F5882479568%3Fse%3D9mrlLMe48RGqSP-Ku-S77g%26utm_medium%3Dapi%26utm_source%3D8efdd1b9%26v%3DAB8EE3319DAD19E26070CE2E531CFD1764214472"
